or_min,entry,stop,target_r,gap_dir,vwap_side,body_min,cutoff,A_sh,A_n,A_score,B_sh,B_n,B_score,stop_x,min_sh
1,stop,or,,,False,0.0,120,0.46,3111,360.0,0.98,2153,1935.0,,0.46
1,stop,or,,,False,0.0,240,0.46,3111,360.0,0.98,2153,1935.0,,0.46
1,stop,or,,,True,0.0,120,0.47,2365,442.0,1.29,1684,2949.0,,0.47
1,stop,or,,,True,0.0,240,0.47,2365,442.0,1.29,1684,2949.0,,0.47
1,stop,or,,with,False,0.0,120,0.15,1611,121.0,1.03,999,2665.0,,0.15
1,stop,or,,with,False,0.0,240,0.15,1611,121.0,1.03,999,2665.0,,0.15
1,stop,or,,with,True,0.0,120,0.16,1251,110.0,1.08,801,1548.0,,0.16
1,stop,or,,with,True,0.0,240,0.16,1251,110.0,1.08,801,1548.0,,0.16
1,stop,or,3.0,,False,0.0,120,-0.81,3111,-153.0,0.99,2153,1525.0,,-0.81
1,stop,or,3.0,,False,0.0,240,-0.81,3111,-153.0,0.99,2153,1525.0,,-0.81
1,stop,or,3.0,,True,0.0,120,-0.55,2365,-154.0,1.18,1684,1614.0,,-0.55
1,stop,or,3.0,,True,0.0,240,-0.55,2365,-154.0,1.18,1684,1614.0,,-0.55
1,stop,or,3.0,with,False,0.0,120,-1.46,1611,-155.0,0.89,999,811.0,,-1.46
1,stop,or,3.0,with,False,0.0,240,-1.46,1611,-155.0,0.89,999,811.0,,-1.46
1,stop,or,3.0,with,True,0.0,120,-1.18,1251,-154.0,1.04,801,647.0,,-1.18
1,stop,or,3.0,with,True,0.0,240,-1.18,1251,-154.0,1.04,801,647.0,,-1.18
1,stop,or,10.0,,False,0.0,120,0.12,3111,54.0,1.01,2153,1705.0,,0.12
1,stop,or,10.0,,False,0.0,240,0.12,3111,54.0,1.01,2153,1705.0,,0.12
1,stop,or,10.0,,True,0.0,120,0.27,2365,179.0,1.33,1684,2692.0,,0.27
1,stop,or,10.0,,True,0.0,240,0.27,2365,179.0,1.33,1684,2692.0,,0.27
1,stop,or,10.0,with,False,0.0,120,-0.41,1611,-131.0,0.96,999,2227.0,,-0.41
1,stop,or,10.0,with,False,0.0,240,-0.41,1611,-131.0,0.96,999,2227.0,,-0.41
1,stop,or,10.0,with,True,0.0,120,-0.14,1251,-75.0,1.02,801,1197.0,,-0.14
1,stop,or,10.0,with,True,0.0,240,-0.14,1251,-75.0,1.02,801,1197.0,,-0.14
1,stop,mid,,,False,0.0,120,-0.62,3111,-124.0,-0.36,2153,-218.0,,-0.62
1,stop,mid,,,False,0.0,240,-0.62,3111,-124.0,-0.36,2153,-218.0,,-0.62
1,stop,mid,,,True,0.0,120,0.08,2365,50.0,0.7,1684,874.0,,0.08
1,stop,mid,,,True,0.0,240,0.08,2365,50.0,0.7,1684,874.0,,0.08
1,stop,mid,,with,False,0.0,120,-0.55,1611,-118.0,-0.19,999,-121.0,,-0.55
1,stop,mid,,with,False,0.0,240,-0.55,1611,-118.0,-0.19,999,-121.0,,-0.55
1,stop,mid,,with,True,0.0,120,-0.14,1251,-64.0,0.47,801,670.0,,-0.14
1,stop,mid,,with,True,0.0,240,-0.14,1251,-64.0,0.47,801,670.0,,-0.14
1,stop,mid,3.0,,False,0.0,120,-4.05,3111,-156.0,-3.84,2153,-218.0,,-4.05
1,stop,mid,3.0,,False,0.0,240,-4.05,3111,-156.0,-3.84,2153,-218.0,,-4.05
1,stop,mid,3.0,,True,0.0,120,-2.09,2365,-156.0,-1.11,1684,-215.0,,-2.09
1,stop,mid,3.0,,True,0.0,240,-2.09,2365,-156.0,-1.11,1684,-215.0,,-2.09
1,stop,mid,3.0,with,False,0.0,120,-3.18,1611,-156.0,-2.51,999,-218.0,,-3.18
1,stop,mid,3.0,with,False,0.0,240,-3.18,1611,-156.0,-2.51,999,-218.0,,-3.18
1,stop,mid,3.0,with,True,0.0,120,-2.04,1251,-156.0,-0.82,801,-203.0,,-2.04
1,stop,mid,3.0,with,True,0.0,240,-2.04,1251,-156.0,-0.82,801,-203.0,,-2.04
1,stop,mid,10.0,,False,0.0,120,-1.61,3111,-153.0,-1.38,2153,-209.0,,-1.61
1,stop,mid,10.0,,False,0.0,240,-1.61,3111,-153.0,-1.38,2153,-209.0,,-1.61
1,stop,mid,10.0,,True,0.0,120,-0.42,2365,-131.0,0.18,1684,127.0,,-0.42
1,stop,mid,10.0,,True,0.0,240,-0.42,2365,-131.0,0.18,1684,127.0,,-0.42
1,stop,mid,10.0,with,False,0.0,120,-1.41,1611,-151.0,-0.96,999,-199.0,,-1.41
1,stop,mid,10.0,with,False,0.0,240,-1.41,1611,-151.0,-0.96,999,-199.0,,-1.41
1,stop,mid,10.0,with,True,0.0,120,-0.68,1251,-133.0,0.02,801,17.0,,-0.68
1,stop,mid,10.0,with,True,0.0,240,-0.68,1251,-133.0,0.02,801,17.0,,-0.68
1,stop,atr,,,False,0.0,120,-0.0,3111,-2.0,0.52,2153,719.0,0.1,-0.0
1,stop,atr,,,False,0.0,240,-0.0,3111,-2.0,0.52,2153,719.0,0.1,-0.0
1,stop,atr,,,True,0.0,120,0.24,2365,161.0,1.05,1684,1703.0,0.1,0.24
1,stop,atr,,,True,0.0,240,0.24,2365,161.0,1.05,1684,1703.0,0.1,0.24
1,stop,atr,,with,False,0.0,120,-0.45,1611,-144.0,0.67,999,621.0,0.1,-0.45
1,stop,atr,,with,False,0.0,240,-0.45,1611,-144.0,0.67,999,621.0,0.1,-0.45
1,stop,atr,,with,True,0.0,120,-0.16,1251,-88.0,0.85,801,734.0,0.1,-0.16
1,stop,atr,,with,True,0.0,240,-0.16,1251,-88.0,0.85,801,734.0,0.1,-0.16
1,stop,atr,3.0,,False,0.0,120,-1.11,3111,-153.0,0.27,2153,158.0,0.1,-1.11
1,stop,atr,3.0,,False,0.0,240,-1.11,3111,-153.0,0.27,2153,158.0,0.1,-1.11
1,stop,atr,3.0,,True,0.0,120,-0.89,2365,-150.0,0.74,1684,578.0,0.1,-0.89
1,stop,atr,3.0,,True,0.0,240,-0.89,2365,-150.0,0.74,1684,578.0,0.1,-0.89
1,stop,atr,3.0,with,False,0.0,120,-1.68,1611,-154.0,0.28,999,138.0,0.1,-1.68
1,stop,atr,3.0,with,False,0.0,240,-1.68,1611,-154.0,0.28,999,138.0,0.1,-1.68
1,stop,atr,3.0,with,True,0.0,120,-1.47,1251,-152.0,0.53,801,261.0,0.1,-1.47
1,stop,atr,3.0,with,True,0.0,240,-1.47,1251,-152.0,0.53,801,261.0,0.1,-1.47
1,stop,atr,10.0,,False,0.0,120,-0.02,3111,-11.0,0.47,2153,481.0,0.1,-0.02
1,stop,atr,10.0,,False,0.0,240,-0.02,3111,-11.0,0.47,2153,481.0,0.1,-0.02
1,stop,atr,10.0,,True,0.0,120,0.2,2365,131.0,1.04,1684,1330.0,0.1,0.2
1,stop,atr,10.0,,True,0.0,240,0.2,2365,131.0,1.04,1684,1330.0,0.1,0.2
1,stop,atr,10.0,with,False,0.0,120,-0.54,1611,-148.0,0.58,999,485.0,0.1,-0.54
1,stop,atr,10.0,with,False,0.0,240,-0.54,1611,-148.0,0.58,999,485.0,0.1,-0.54
1,stop,atr,10.0,with,True,0.0,120,-0.23,1251,-119.0,0.78,801,583.0,0.1,-0.23
1,stop,atr,10.0,with,True,0.0,240,-0.23,1251,-119.0,0.78,801,583.0,0.1,-0.23
1,stop,atr,,,False,0.0,120,0.48,3109,457.0,0.52,2153,363.0,0.25,0.48
1,stop,atr,,,False,0.0,240,0.48,3109,457.0,0.52,2153,363.0,0.25,0.48
1,stop,atr,,,True,0.0,120,0.61,2363,756.0,0.69,1684,670.0,0.25,0.61
1,stop,atr,,,True,0.0,240,0.61,2363,756.0,0.69,1684,670.0,0.25,0.61
1,stop,atr,,with,False,0.0,120,0.32,1610,235.0,0.59,999,720.0,0.25,0.32
1,stop,atr,,with,False,0.0,240,0.32,1610,235.0,0.59,999,720.0,0.25,0.32
1,stop,atr,,with,True,0.0,120,0.48,1250,569.0,0.61,801,615.0,0.25,0.48
1,stop,atr,,with,True,0.0,240,0.48,1250,569.0,0.61,801,615.0,0.25,0.48
1,stop,atr,3.0,,False,0.0,120,0.31,3109,242.0,0.32,2153,143.0,0.25,0.31
1,stop,atr,3.0,,False,0.0,240,0.31,3109,242.0,0.32,2153,143.0,0.25,0.31
1,stop,atr,3.0,,True,0.0,120,0.46,2363,518.0,0.52,1684,283.0,0.25,0.46
1,stop,atr,3.0,,True,0.0,240,0.46,2363,518.0,0.52,1684,283.0,0.25,0.46
1,stop,atr,3.0,with,False,0.0,120,0.04,1610,28.0,0.49,999,414.0,0.25,0.04
1,stop,atr,3.0,with,False,0.0,240,0.04,1610,28.0,0.49,999,414.0,0.25,0.04
1,stop,atr,3.0,with,True,0.0,120,0.25,1250,254.0,0.55,801,400.0,0.25,0.25
1,stop,atr,3.0,with,True,0.0,240,0.25,1250,254.0,0.55,801,400.0,0.25,0.25
1,stop,atr,10.0,,False,0.0,120,0.49,3109,471.0,0.58,2153,412.0,0.25,0.49
1,stop,atr,10.0,,False,0.0,240,0.49,3109,471.0,0.58,2153,412.0,0.25,0.49
1,stop,atr,10.0,,True,0.0,120,0.63,2363,777.0,0.74,1684,733.0,0.25,0.63
1,stop,atr,10.0,,True,0.0,240,0.63,2363,777.0,0.74,1684,733.0,0.25,0.63
1,stop,atr,10.0,with,False,0.0,120,0.32,1610,235.0,0.6,999,726.0,0.25,0.32
1,stop,atr,10.0,with,False,0.0,240,0.32,1610,235.0,0.6,999,726.0,0.25,0.32
1,stop,atr,10.0,with,True,0.0,120,0.48,1250,569.0,0.61,801,623.0,0.25,0.48
1,stop,atr,10.0,with,True,0.0,240,0.48,1250,569.0,0.61,801,623.0,0.25,0.48
1,close,or,,,False,0.0,120,0.0,3196,2.0,0.6,2311,930.0,,0.0
1,close,or,,,False,0.0,240,0.0,3196,2.0,0.6,2311,930.0,,0.0
1,close,or,,,True,0.0,120,-0.04,3195,-17.0,0.6,2311,930.0,,-0.04
1,close,or,,,True,0.0,240,-0.04,3195,-17.0,0.6,2311,930.0,,-0.04
1,close,or,,with,False,0.0,120,-0.02,1563,-14.0,0.87,1076,1571.0,,-0.02
1,close,or,,with,False,0.0,240,-0.02,1563,-14.0,0.87,1076,1571.0,,-0.02
1,close,or,,with,True,0.0,120,-0.09,1562,-39.0,0.87,1076,1571.0,,-0.09
1,close,or,,with,True,0.0,240,-0.09,1562,-39.0,0.87,1076,1571.0,,-0.09
1,close,or,3.0,,False,0.0,120,-1.41,3197,-155.0,-0.01,2311,-8.0,,-1.41
1,close,or,3.0,,False,0.0,240,-1.41,3197,-155.0,-0.01,2311,-8.0,,-1.41
1,close,or,3.0,,True,0.0,120,-1.41,3196,-155.0,-0.01,2311,-8.0,,-1.41
1,close,or,3.0,,True,0.0,240,-1.41,3196,-155.0,-0.01,2311,-8.0,,-1.41
1,close,or,3.0,with,False,0.0,120,-1.55,1563,-155.0,0.22,1076,191.0,,-1.55
1,close,or,3.0,with,False,0.0,240,-1.55,1563,-155.0,0.22,1076,191.0,,-1.55
1,close,or,3.0,with,True,0.0,120,-1.56,1562,-155.0,0.22,1076,191.0,,-1.56
1,close,or,3.0,with,True,0.0,240,-1.56,1562,-155.0,0.22,1076,191.0,,-1.56
1,close,or,10.0,,False,0.0,120,-0.57,3196,-149.0,0.66,2311,1226.0,,-0.57
1,close,or,10.0,,False,0.0,240,-0.57,3196,-149.0,0.66,2311,1226.0,,-0.57
1,close,or,10.0,,True,0.0,120,-0.59,3195,-149.0,0.66,2311,1226.0,,-0.59
1,close,or,10.0,,True,0.0,240,-0.59,3195,-149.0,0.66,2311,1226.0,,-0.59
1,close,or,10.0,with,False,0.0,120,-0.71,1563,-143.0,0.87,1076,1447.0,,-0.71
1,close,or,10.0,with,False,0.0,240,-0.71,1563,-143.0,0.87,1076,1447.0,,-0.71
1,close,or,10.0,with,True,0.0,120,-0.74,1562,-143.0,0.87,1076,1447.0,,-0.74
1,close,or,10.0,with,True,0.0,240,-0.74,1562,-143.0,0.87,1076,1447.0,,-0.74
1,close,mid,,,False,0.0,120,0.03,3194,11.0,0.78,2311,1273.0,,0.03
1,close,mid,,,False,0.0,240,0.03,3194,11.0,0.78,2311,1273.0,,0.03
1,close,mid,,,True,0.0,120,-0.01,3193,-4.0,0.78,2311,1273.0,,-0.01
1,close,mid,,,True,0.0,240,-0.01,3193,-4.0,0.78,2311,1273.0,,-0.01
1,close,mid,,with,False,0.0,120,-0.08,1561,-36.0,1.01,1076,2208.0,,-0.08
1,close,mid,,with,False,0.0,240,-0.08,1561,-36.0,1.01,1076,2208.0,,-0.08
1,close,mid,,with,True,0.0,120,-0.14,1560,-52.0,1.01,1076,2208.0,,-0.14
1,close,mid,,with,True,0.0,240,-0.14,1560,-52.0,1.01,1076,2208.0,,-0.14
1,close,mid,3.0,,False,0.0,120,-2.16,3195,-156.0,0.03,2311,14.0,,-2.16
1,close,mid,3.0,,False,0.0,240,-2.16,3195,-156.0,0.03,2311,14.0,,-2.16
1,close,mid,3.0,,True,0.0,120,-2.17,3194,-156.0,0.03,2311,14.0,,-2.17
1,close,mid,3.0,,True,0.0,240,-2.17,3194,-156.0,0.03,2311,14.0,,-2.17
1,close,mid,3.0,with,False,0.0,120,-2.25,1561,-155.0,0.27,1076,219.0,,-2.25
1,close,mid,3.0,with,False,0.0,240,-2.25,1561,-155.0,0.27,1076,219.0,,-2.25
1,close,mid,3.0,with,True,0.0,120,-2.27,1560,-155.0,0.27,1076,219.0,,-2.27
1,close,mid,3.0,with,True,0.0,240,-2.27,1560,-155.0,0.27,1076,219.0,,-2.27
1,close,mid,10.0,,False,0.0,120,-0.83,3194,-151.0,0.72,2311,1009.0,,-0.83
1,close,mid,10.0,,False,0.0,240,-0.83,3194,-151.0,0.72,2311,1009.0,,-0.83
1,close,mid,10.0,,True,0.0,120,-0.85,3193,-151.0,0.72,2311,1009.0,,-0.85
1,close,mid,10.0,,True,0.0,240,-0.85,3193,-151.0,0.72,2311,1009.0,,-0.85
1,close,mid,10.0,with,False,0.0,120,-1.12,1561,-151.0,0.84,1076,1538.0,,-1.12
1,close,mid,10.0,with,False,0.0,240,-1.12,1561,-151.0,0.84,1076,1538.0,,-1.12
1,close,mid,10.0,with,True,0.0,120,-1.15,1560,-152.0,0.84,1076,1538.0,,-1.15
1,close,mid,10.0,with,True,0.0,240,-1.15,1560,-152.0,0.84,1076,1538.0,,-1.15
1,close,atr,,,False,0.0,120,-0.22,3202,-75.0,0.68,2311,1264.0,0.1,-0.22
1,close,atr,,,False,0.0,240,-0.22,3202,-75.0,0.68,2311,1264.0,0.1,-0.22
1,close,atr,,,True,0.0,120,-0.24,3201,-78.0,0.68,2311,1264.0,0.1,-0.24
1,close,atr,,,True,0.0,240,-0.24,3201,-78.0,0.68,2311,1264.0,0.1,-0.24
1,close,atr,,with,False,0.0,120,-0.44,1565,-139.0,0.8,1076,1385.0,0.1,-0.44
1,close,atr,,with,False,0.0,240,-0.44,1565,-139.0,0.8,1076,1385.0,0.1,-0.44
1,close,atr,,with,True,0.0,120,-0.47,1564,-140.0,0.8,1076,1385.0,0.1,-0.47
1,close,atr,,with,True,0.0,240,-0.47,1564,-140.0,0.8,1076,1385.0,0.1,-0.47
1,close,atr,3.0,,False,0.0,120,-1.35,3203,-154.0,0.3,2311,313.0,0.1,-1.35
1,close,atr,3.0,,False,0.0,240,-1.35,3203,-154.0,0.3,2311,313.0,0.1,-1.35
1,close,atr,3.0,,True,0.0,120,-1.36,3202,-154.0,0.3,2311,313.0,0.1,-1.36
1,close,atr,3.0,,True,0.0,240,-1.36,3202,-154.0,0.3,2311,313.0,0.1,-1.36
1,close,atr,3.0,with,False,0.0,120,-1.92,1565,-154.0,0.24,1076,164.0,0.1,-1.92
1,close,atr,3.0,with,False,0.0,240,-1.92,1565,-154.0,0.24,1076,164.0,0.1,-1.92
1,close,atr,3.0,with,True,0.0,120,-1.93,1564,-154.0,0.24,1076,164.0,0.1,-1.93
1,close,atr,3.0,with,True,0.0,240,-1.93,1564,-154.0,0.24,1076,164.0,0.1,-1.93
1,close,atr,10.0,,False,0.0,120,-0.33,3202,-101.0,0.75,2311,1376.0,0.1,-0.33
1,close,atr,10.0,,False,0.0,240,-0.33,3202,-101.0,0.75,2311,1376.0,0.1,-0.33
1,close,atr,10.0,,True,0.0,120,-0.34,3201,-103.0,0.75,2311,1376.0,0.1,-0.34
1,close,atr,10.0,,True,0.0,240,-0.34,3201,-103.0,0.75,2311,1376.0,0.1,-0.34
1,close,atr,10.0,with,False,0.0,120,-0.56,1565,-144.0,0.83,1076,1346.0,0.1,-0.56
1,close,atr,10.0,with,False,0.0,240,-0.56,1565,-144.0,0.83,1076,1346.0,0.1,-0.56
1,close,atr,10.0,with,True,0.0,120,-0.59,1564,-145.0,0.83,1076,1346.0,0.1,-0.59
1,close,atr,10.0,with,True,0.0,240,-0.59,1564,-145.0,0.83,1076,1346.0,0.1,-0.59
1,close,atr,,,False,0.0,120,-0.04,3194,-18.0,0.52,2310,666.0,0.25,-0.04
1,close,atr,,,False,0.0,240,-0.04,3194,-18.0,0.52,2310,666.0,0.25,-0.04
1,close,atr,,,True,0.0,120,-0.05,3193,-24.0,0.52,2310,666.0,0.25,-0.05
1,close,atr,,,True,0.0,240,-0.05,3193,-24.0,0.52,2310,666.0,0.25,-0.05
1,close,atr,,with,False,0.0,120,0.04,1560,31.0,0.44,1075,458.0,0.25,0.04
1,close,atr,,with,False,0.0,240,0.04,1560,31.0,0.44,1075,458.0,0.25,0.04
1,close,atr,,with,True,0.0,120,0.02,1559,16.0,0.44,1075,458.0,0.25,0.02
1,close,atr,,with,True,0.0,240,0.02,1559,16.0,0.44,1075,458.0,0.25,0.02
1,close,atr,3.0,,False,0.0,120,-0.09,3195,-54.0,0.19,2310,155.0,0.25,-0.09
1,close,atr,3.0,,False,0.0,240,-0.09,3195,-54.0,0.19,2310,155.0,0.25,-0.09
1,close,atr,3.0,,True,0.0,120,-0.1,3194,-60.0,0.19,2310,155.0,0.25,-0.1
1,close,atr,3.0,,True,0.0,240,-0.1,3194,-60.0,0.19,2310,155.0,0.25,-0.1
1,close,atr,3.0,with,False,0.0,120,-0.23,1560,-102.0,0.3,1075,279.0,0.25,-0.23
1,close,atr,3.0,with,False,0.0,240,-0.23,1560,-102.0,0.3,1075,279.0,0.25,-0.23
1,close,atr,3.0,with,True,0.0,120,-0.24,1559,-104.0,0.3,1075,279.0,0.25,-0.24
1,close,atr,3.0,with,True,0.0,240,-0.24,1559,-104.0,0.3,1075,279.0,0.25,-0.24
1,close,atr,10.0,,False,0.0,120,-0.04,3194,-17.0,0.56,2310,801.0,0.25,-0.04
1,close,atr,10.0,,False,0.0,240,-0.04,3194,-17.0,0.56,2310,801.0,0.25,-0.04
1,close,atr,10.0,,True,0.0,120,-0.05,3193,-23.0,0.56,2310,801.0,0.25,-0.05
1,close,atr,10.0,,True,0.0,240,-0.05,3193,-23.0,0.56,2310,801.0,0.25,-0.05
1,close,atr,10.0,with,False,0.0,120,0.05,1560,35.0,0.45,1075,467.0,0.25,0.05
1,close,atr,10.0,with,False,0.0,240,0.05,1560,35.0,0.45,1075,467.0,0.25,0.05
1,close,atr,10.0,with,True,0.0,120,0.03,1559,19.0,0.45,1075,467.0,0.25,0.03
1,close,atr,10.0,with,True,0.0,240,0.03,1559,19.0,0.45,1075,467.0,0.25,0.03
1,candle,or,,,False,0.0,120,0.12,2904,93.0,0.66,2283,998.0,,0.12
1,candle,or,,,False,0.05,120,-0.2,1067,-71.0,0.9,954,1826.0,,-0.2
1,candle,or,,,True,0.0,120,0.31,2446,278.0,0.73,1919,1043.0,,0.31
1,candle,or,,,True,0.05,120,-0.17,1048,-62.0,0.92,940,1627.0,,-0.17
1,candle,or,,with,False,0.0,120,0.16,1488,168.0,0.5,1144,765.0,,0.16
1,candle,or,,with,False,0.05,120,-0.31,595,-89.0,0.64,473,1237.0,,-0.31
1,candle,or,,with,True,0.0,120,0.21,1283,192.0,0.64,954,1156.0,,0.21
1,candle,or,,with,True,0.05,120,-0.3,587,-88.0,0.67,466,1324.0,,-0.3
1,candle,or,3.0,,False,0.0,120,-2.04,2904,-153.0,-0.57,2283,-194.0,,-2.04
1,candle,or,3.0,,False,0.05,120,-0.35,1067,-79.0,0.21,954,180.0,,-0.35
1,candle,or,3.0,,True,0.0,120,-1.48,2446,-153.0,-0.22,1919,-110.0,,-1.48
1,candle,or,3.0,,True,0.05,120,-0.41,1048,-93.0,0.21,940,194.0,,-0.41
1,candle,or,3.0,with,False,0.0,120,-1.93,1488,-153.0,-0.78,1144,-180.0,,-1.93
1,candle,or,3.0,with,False,0.05,120,-0.57,595,-116.0,0.11,473,58.0,,-0.57
1,candle,or,3.0,with,True,0.0,120,-1.66,1283,-153.0,-0.32,954,-145.0,,-1.66
1,candle,or,3.0,with,True,0.05,120,-0.64,587,-126.0,0.12,466,60.0,,-0.64
1,candle,or,10.0,,False,0.0,120,-0.51,2904,-154.0,0.81,2283,1032.0,,-0.51
1,candle,or,10.0,,False,0.05,120,-0.3,1067,-100.0,0.87,954,1257.0,,-0.3
1,candle,or,10.0,,True,0.0,120,-0.25,2446,-110.0,0.8,1919,1049.0,,-0.25
1,candle,or,10.0,,True,0.05,120,-0.27,1048,-93.0,0.86,940,1258.0,,-0.27
1,candle,or,10.0,with,False,0.0,120,-0.52,1488,-150.0,0.3,1144,278.0,,-0.52
1,candle,or,10.0,with,False,0.05,120,-0.31,595,-93.0,0.65,473,758.0,,-0.31
1,candle,or,10.0,with,True,0.0,120,-0.42,1283,-144.0,0.48,954,513.0,,-0.42
1,candle,or,10.0,with,True,0.05,120,-0.3,587,-92.0,0.69,466,833.0,,-0.3
1,candle,mid,,,False,0.0,120,-0.67,2580,-157.0,0.42,1976,406.0,,-0.67
1,candle,mid,,,False,0.05,120,-0.17,1048,-56.0,0.72,942,971.0,,-0.17
1,candle,mid,,,True,0.0,120,-0.63,2367,-157.0,0.56,1913,635.0,,-0.63
1,candle,mid,,,True,0.05,120,-0.11,1040,-40.0,0.75,938,1077.0,,-0.11
1,candle,mid,,with,False,0.0,120,-0.4,1340,-157.0,0.33,979,348.0,,-0.4
1,candle,mid,,with,False,0.05,120,-0.37,587,-87.0,0.4,468,377.0,,-0.37
1,candle,mid,,with,True,0.0,120,-0.4,1245,-157.0,0.47,952,546.0,,-0.4
1,candle,mid,,with,True,0.05,120,-0.36,585,-86.0,0.43,466,425.0,,-0.36
1,candle,mid,3.0,,False,0.0,120,-0.67,2580,-157.0,-3.96,1976,-218.0,,-3.96
1,candle,mid,3.0,,False,0.05,120,-2.28,1048,-156.0,-0.83,942,-211.0,,-2.28
1,candle,mid,3.0,,True,0.0,120,-0.63,2367,-157.0,-3.23,1913,-218.0,,-3.23
1,candle,mid,3.0,,True,0.05,120,-2.22,1040,-155.0,-0.75,938,-210.0,,-2.22
1,candle,mid,3.0,with,False,0.0,120,-0.4,1340,-157.0,-3.07,979,-218.0,,-3.07
1,candle,mid,3.0,with,False,0.05,120,-1.68,587,-155.0,-0.7,468,-189.0,,-1.68
1,candle,mid,3.0,with,True,0.0,120,-0.4,1245,-157.0,-2.64,952,-218.0,,-2.64
1,candle,mid,3.0,with,True,0.05,120,-1.71,585,-155.0,-0.62,466,-177.0,,-1.71
1,candle,mid,10.0,,False,0.0,120,-0.67,2580,-157.0,-0.86,1976,-203.0,,-0.86
1,candle,mid,10.0,,False,0.05,120,-0.41,1048,-117.0,0.29,942,271.0,,-0.41
1,candle,mid,10.0,,True,0.0,120,-0.63,2367,-157.0,-0.36,1913,-167.0,,-0.63
1,candle,mid,10.0,,True,0.05,120,-0.37,1040,-104.0,0.34,938,341.0,,-0.37
1,candle,mid,10.0,with,False,0.0,120,-0.4,1340,-157.0,-0.89,979,-192.0,,-0.89
1,candle,mid,10.0,with,False,0.05,120,-0.31,587,-92.0,0.03,468,16.0,,-0.31
1,candle,mid,10.0,with,True,0.0,120,-0.4,1245,-157.0,-0.55,952,-175.0,,-0.55
1,candle,mid,10.0,with,True,0.05,120,-0.38,585,-98.0,0.08,466,45.0,,-0.38
1,candle,atr,,,False,0.0,120,-0.12,2903,-56.0,0.68,2285,747.0,0.1,-0.12
1,candle,atr,,,False,0.05,120,-0.38,1067,-110.0,0.75,954,772.0,0.1,-0.38
1,candle,atr,,,True,0.0,120,-0.01,2445,-6.0,0.6,1920,639.0,0.1,-0.01
1,candle,atr,,,True,0.05,120,-0.37,1048,-105.0,0.75,940,722.0,0.1,-0.37
1,candle,atr,,with,False,0.0,120,-0.3,1487,-116.0,0.59,1146,743.0,0.1,-0.3
1,candle,atr,,with,False,0.05,120,-0.48,595,-124.0,0.46,473,346.0,0.1,-0.48
1,candle,atr,,with,True,0.0,120,-0.33,1282,-122.0,0.54,955,664.0,0.1,-0.33
1,candle,atr,,with,True,0.05,120,-0.46,587,-126.0,0.47,466,370.0,0.1,-0.46
1,candle,atr,3.0,,False,0.0,120,-1.25,2904,-151.0,-0.06,2285,-35.0,0.1,-1.25
1,candle,atr,3.0,,False,0.05,120,-0.68,1067,-133.0,0.12,954,106.0,0.1,-0.68
1,candle,atr,3.0,,True,0.0,120,-1.03,2446,-150.0,-0.1,1920,-70.0,0.1,-1.03
1,candle,atr,3.0,,True,0.05,120,-0.72,1048,-142.0,0.12,940,93.0,0.1,-0.72
1,candle,atr,3.0,with,False,0.0,120,-1.6,1488,-151.0,-0.28,1146,-157.0,0.1,-1.6
1,candle,atr,3.0,with,False,0.05,120,-0.78,595,-127.0,-0.06,473,-34.0,0.1,-0.78
1,candle,atr,3.0,with,True,0.0,120,-1.55,1283,-152.0,-0.2,955,-129.0,0.1,-1.55
1,candle,atr,3.0,with,True,0.05,120,-0.83,587,-133.0,-0.06,466,-37.0,0.1,-0.83
1,candle,atr,10.0,,False,0.0,120,-0.1,2903,-55.0,0.56,2285,637.0,0.1,-0.1
1,candle,atr,10.0,,False,0.05,120,-0.38,1067,-118.0,0.65,954,667.0,0.1,-0.38
1,candle,atr,10.0,,True,0.0,120,-0.03,2445,-21.0,0.52,1920,521.0,0.1,-0.03
1,candle,atr,10.0,,True,0.05,120,-0.36,1048,-116.0,0.65,940,617.0,0.1,-0.36
1,candle,atr,10.0,with,False,0.0,120,-0.3,1487,-116.0,0.49,1146,631.0,0.1,-0.3
1,candle,atr,10.0,with,False,0.05,120,-0.43,595,-121.0,0.47,473,397.0,0.1,-0.43
1,candle,atr,10.0,with,True,0.0,120,-0.39,1282,-126.0,0.46,955,495.0,0.1,-0.39
1,candle,atr,10.0,with,True,0.05,120,-0.41,587,-122.0,0.48,466,420.0,0.1,-0.41
1,candle,atr,,,False,0.0,120,0.35,2901,306.0,0.85,2285,744.0,0.25,0.35
1,candle,atr,,,False,0.05,120,0.23,1066,193.0,0.74,954,786.0,0.25,0.23
1,candle,atr,,,True,0.0,120,0.4,2444,404.0,0.68,1920,560.0,0.25,0.4
1,candle,atr,,,True,0.05,120,0.23,1047,188.0,0.77,940,840.0,0.25,0.23
1,candle,atr,,with,False,0.0,120,0.26,1485,287.0,0.58,1146,554.0,0.25,0.26
1,candle,atr,,with,False,0.05,120,0.29,594,278.0,0.47,473,458.0,0.25,0.29
1,candle,atr,,with,True,0.0,120,0.16,1281,145.0,0.56,955,599.0,0.25,0.16
1,candle,atr,,with,True,0.05,120,0.27,586,245.0,0.51,466,489.0,0.25,0.27
1,candle,atr,3.0,,False,0.0,120,0.39,2901,380.0,0.56,2285,408.0,0.25,0.39
1,candle,atr,3.0,,False,0.05,120,0.42,1066,342.0,0.53,954,382.0,0.25,0.42
1,candle,atr,3.0,,True,0.0,120,0.47,2444,622.0,0.4,1920,272.0,0.25,0.4
1,candle,atr,3.0,,True,0.05,120,0.42,1047,343.0,0.54,940,377.0,0.25,0.42
1,candle,atr,3.0,with,False,0.0,120,0.07,1485,48.0,0.41,1146,259.0,0.25,0.07
1,candle,atr,3.0,with,False,0.05,120,0.35,594,431.0,0.48,473,330.0,0.25,0.35
1,candle,atr,3.0,with,True,0.0,120,0.02,1281,13.0,0.44,955,283.0,0.25,0.02
1,candle,atr,3.0,with,True,0.05,120,0.33,586,345.0,0.48,466,347.0,0.25,0.33
1,candle,atr,10.0,,False,0.0,120,0.35,2901,306.0,0.88,2285,785.0,0.25,0.35
1,candle,atr,10.0,,False,0.05,120,0.23,1066,193.0,0.78,954,851.0,0.25,0.23
1,candle,atr,10.0,,True,0.0,120,0.4,2444,404.0,0.72,1920,603.0,0.25,0.4
1,candle,atr,10.0,,True,0.05,120,0.23,1047,188.0,0.81,940,908.0,0.25,0.23
1,candle,atr,10.0,with,False,0.0,120,0.26,1485,287.0,0.58,1146,570.0,0.25,0.26
1,candle,atr,10.0,with,False,0.05,120,0.29,594,278.0,0.47,473,441.0,0.25,0.29
1,candle,atr,10.0,with,True,0.0,120,0.16,1281,145.0,0.56,955,624.0,0.25,0.16
1,candle,atr,10.0,with,True,0.05,120,0.27,586,245.0,0.5,466,472.0,0.25,0.27
5,stop,or,,,False,0.0,120,-0.29,3203,-99.0,0.65,2304,875.0,,-0.29
5,stop,or,,,False,0.0,240,-0.29,3203,-99.0,0.65,2304,875.0,,-0.29
5,stop,or,,,True,0.0,120,-0.29,2965,-107.0,0.54,2169,578.0,,-0.29
5,stop,or,,,True,0.0,240,-0.29,2965,-107.0,0.54,2169,578.0,,-0.29
5,stop,or,,with,False,0.0,120,0.1,1414,42.0,0.81,1129,1040.0,,0.1
5,stop,or,,with,False,0.0,240,0.1,1414,42.0,0.81,1129,1040.0,,0.1
5,stop,or,,with,True,0.0,120,0.04,1297,19.0,0.79,1069,809.0,,0.04
5,stop,or,,with,True,0.0,240,0.04,1297,19.0,0.79,1069,809.0,,0.04
5,stop,or,3.0,,False,0.0,120,-0.76,3203,-144.0,0.41,2304,464.0,,-0.76
5,stop,or,3.0,,False,0.0,240,-0.76,3203,-144.0,0.41,2304,464.0,,-0.76
5,stop,or,3.0,,True,0.0,120,-0.71,2965,-143.0,0.24,2169,236.0,,-0.71
5,stop,or,3.0,,True,0.0,240,-0.71,2965,-143.0,0.24,2169,236.0,,-0.71
5,stop,or,3.0,with,False,0.0,120,-0.74,1414,-147.0,0.5,1129,585.0,,-0.74
5,stop,or,3.0,with,False,0.0,240,-0.74,1414,-147.0,0.5,1129,585.0,,-0.74
5,stop,or,3.0,with,True,0.0,120,-0.74,1297,-152.0,0.42,1069,387.0,,-0.74
5,stop,or,3.0,with,True,0.0,240,-0.74,1297,-152.0,0.42,1069,387.0,,-0.74
5,stop,or,10.0,,False,0.0,120,-0.31,3203,-101.0,0.72,2304,1009.0,,-0.31
5,stop,or,10.0,,False,0.0,240,-0.31,3203,-101.0,0.72,2304,1009.0,,-0.31
5,stop,or,10.0,,True,0.0,120,-0.37,2965,-123.0,0.61,2169,727.0,,-0.37
5,stop,or,10.0,,True,0.0,240,-0.37,2965,-123.0,0.61,2169,727.0,,-0.37
5,stop,or,10.0,with,False,0.0,120,0.09,1414,34.0,0.83,1129,1072.0,,0.09
5,stop,or,10.0,with,False,0.0,240,0.09,1414,34.0,0.83,1129,1072.0,,0.09
5,stop,or,10.0,with,True,0.0,120,0.02,1297,9.0,0.81,1069,835.0,,0.02
5,stop,or,10.0,with,True,0.0,240,0.02,1297,9.0,0.81,1069,835.0,,0.02
5,stop,mid,,,False,0.0,120,-0.53,3203,-127.0,0.02,2304,21.0,,-0.53
5,stop,mid,,,False,0.0,240,-0.53,3203,-127.0,0.02,2304,21.0,,-0.53
5,stop,mid,,,True,0.0,120,-0.23,2965,-77.0,0.35,2169,484.0,,-0.23
5,stop,mid,,,True,0.0,240,-0.23,2965,-77.0,0.35,2169,484.0,,-0.23
5,stop,mid,,with,False,0.0,120,-0.17,1414,-86.0,0.51,1129,720.0,,-0.17
5,stop,mid,,with,False,0.0,240,-0.17,1414,-86.0,0.51,1129,720.0,,-0.17
5,stop,mid,,with,True,0.0,120,0.04,1297,23.0,0.72,1069,1549.0,,0.04
5,stop,mid,,with,True,0.0,240,0.04,1297,23.0,0.72,1069,1549.0,,0.04
5,stop,mid,3.0,,False,0.0,120,-1.88,3203,-156.0,-1.12,2304,-199.0,,-1.88
5,stop,mid,3.0,,False,0.0,240,-1.88,3203,-156.0,-1.12,2304,-199.0,,-1.88
5,stop,mid,3.0,,True,0.0,120,-1.31,2965,-155.0,-0.55,2169,-163.0,,-1.31
5,stop,mid,3.0,,True,0.0,240,-1.31,2965,-155.0,-0.55,2169,-163.0,,-1.31
5,stop,mid,3.0,with,False,0.0,120,-1.57,1414,-155.0,-0.52,1129,-147.0,,-1.57
5,stop,mid,3.0,with,False,0.0,240,-1.57,1414,-155.0,-0.52,1129,-147.0,,-1.57
5,stop,mid,3.0,with,True,0.0,120,-1.15,1297,-154.0,-0.18,1069,-75.0,,-1.15
5,stop,mid,3.0,with,True,0.0,240,-1.15,1297,-154.0,-0.18,1069,-75.0,,-1.15
5,stop,mid,10.0,,False,0.0,120,-0.61,3203,-141.0,0.02,2304,15.0,,-0.61
5,stop,mid,10.0,,False,0.0,240,-0.61,3203,-141.0,0.02,2304,15.0,,-0.61
5,stop,mid,10.0,,True,0.0,120,-0.31,2965,-95.0,0.36,2169,461.0,,-0.31
5,stop,mid,10.0,,True,0.0,240,-0.31,2965,-95.0,0.36,2169,461.0,,-0.31
5,stop,mid,10.0,with,False,0.0,120,-0.43,1414,-140.0,0.47,1129,755.0,,-0.43
5,stop,mid,10.0,with,False,0.0,240,-0.43,1414,-140.0,0.47,1129,755.0,,-0.43
5,stop,mid,10.0,with,True,0.0,120,-0.19,1297,-80.0,0.7,1069,1407.0,,-0.19
5,stop,mid,10.0,with,True,0.0,240,-0.19,1297,-80.0,0.7,1069,1407.0,,-0.19
5,stop,atr,,,False,0.0,120,-0.35,3203,-97.0,0.55,2304,864.0,0.1,-0.35
5,stop,atr,,,False,0.0,240,-0.35,3203,-97.0,0.55,2304,864.0,0.1,-0.35
5,stop,atr,,,True,0.0,120,-0.15,2965,-49.0,0.69,2169,1269.0,0.1,-0.15
5,stop,atr,,,True,0.0,240,-0.15,2965,-49.0,0.69,2169,1269.0,0.1,-0.15
5,stop,atr,,with,False,0.0,120,-0.18,1414,-79.0,0.75,1129,1271.0,0.1,-0.18
5,stop,atr,,with,False,0.0,240,-0.18,1414,-79.0,0.75,1129,1271.0,0.1,-0.18
5,stop,atr,,with,True,0.0,120,-0.03,1297,-13.0,0.89,1069,2063.0,0.1,-0.03
5,stop,atr,,with,True,0.0,240,-0.03,1297,-13.0,0.89,1069,2063.0,0.1,-0.03
5,stop,atr,3.0,,False,0.0,120,-1.56,3203,-155.0,-0.67,2304,-176.0,0.1,-1.56
5,stop,atr,3.0,,False,0.0,240,-1.56,3203,-155.0,-0.67,2304,-176.0,0.1,-1.56
5,stop,atr,3.0,,True,0.0,120,-1.2,2965,-153.0,-0.37,2169,-128.0,0.1,-1.2
5,stop,atr,3.0,,True,0.0,240,-1.2,2965,-153.0,-0.37,2169,-128.0,0.1,-1.2
5,stop,atr,3.0,with,False,0.0,120,-1.49,1414,-153.0,-0.05,1129,-24.0,0.1,-1.49
5,stop,atr,3.0,with,False,0.0,240,-1.49,1414,-153.0,-0.05,1129,-24.0,0.1,-1.49
5,stop,atr,3.0,with,True,0.0,120,-1.19,1297,-151.0,0.2,1069,138.0,0.1,-1.19
5,stop,atr,3.0,with,True,0.0,240,-1.19,1297,-151.0,0.2,1069,138.0,0.1,-1.19
5,stop,atr,10.0,,False,0.0,120,-0.33,3203,-91.0,0.54,2304,943.0,0.1,-0.33
5,stop,atr,10.0,,False,0.0,240,-0.33,3203,-91.0,0.54,2304,943.0,0.1,-0.33
5,stop,atr,10.0,,True,0.0,120,-0.15,2965,-46.0,0.68,2169,1218.0,0.1,-0.15
5,stop,atr,10.0,,True,0.0,240,-0.15,2965,-46.0,0.68,2169,1218.0,0.1,-0.15
5,stop,atr,10.0,with,False,0.0,120,-0.31,1414,-113.0,0.77,1129,1227.0,0.1,-0.31
5,stop,atr,10.0,with,False,0.0,240,-0.31,1414,-113.0,0.77,1129,1227.0,0.1,-0.31
5,stop,atr,10.0,with,True,0.0,120,-0.12,1297,-55.0,0.91,1069,2006.0,0.1,-0.12
5,stop,atr,10.0,with,True,0.0,240,-0.12,1297,-55.0,0.91,1069,2006.0,0.1,-0.12
5,stop,atr,,,False,0.0,120,-0.27,3201,-96.0,0.57,2304,714.0,0.25,-0.27
5,stop,atr,,,False,0.0,240,-0.27,3201,-96.0,0.57,2304,714.0,0.25,-0.27
5,stop,atr,,,True,0.0,120,-0.27,2963,-100.0,0.47,2169,460.0,0.25,-0.27
5,stop,atr,,,True,0.0,240,-0.27,2963,-100.0,0.47,2169,460.0,0.25,-0.27
5,stop,atr,,with,False,0.0,120,0.16,1413,60.0,0.6,1129,809.0,0.25,0.16
5,stop,atr,,with,False,0.0,240,0.16,1413,60.0,0.6,1129,809.0,0.25,0.16
5,stop,atr,,with,True,0.0,120,0.11,1296,45.0,0.56,1069,620.0,0.25,0.11
5,stop,atr,,with,True,0.0,240,0.11,1296,45.0,0.56,1069,620.0,0.25,0.11
5,stop,atr,3.0,,False,0.0,120,-0.23,3202,-76.0,0.39,2304,350.0,0.25,-0.23
5,stop,atr,3.0,,False,0.0,240,-0.23,3202,-76.0,0.39,2304,350.0,0.25,-0.23
5,stop,atr,3.0,,True,0.0,120,-0.25,2964,-76.0,0.3,2169,232.0,0.25,-0.25
5,stop,atr,3.0,,True,0.0,240,-0.25,2964,-76.0,0.3,2169,232.0,0.25,-0.25
5,stop,atr,3.0,with,False,0.0,120,-0.09,1414,-27.0,0.43,1129,389.0,0.25,-0.09
5,stop,atr,3.0,with,False,0.0,240,-0.09,1414,-27.0,0.43,1129,389.0,0.25,-0.09
5,stop,atr,3.0,with,True,0.0,120,-0.13,1297,-40.0,0.39,1069,364.0,0.25,-0.13
5,stop,atr,3.0,with,True,0.0,240,-0.13,1297,-40.0,0.39,1069,364.0,0.25,-0.13
5,stop,atr,10.0,,False,0.0,120,-0.25,3201,-90.0,0.61,2304,768.0,0.25,-0.25
5,stop,atr,10.0,,False,0.0,240,-0.25,3201,-90.0,0.61,2304,768.0,0.25,-0.25
5,stop,atr,10.0,,True,0.0,120,-0.25,2963,-93.0,0.51,2169,542.0,0.25,-0.25
5,stop,atr,10.0,,True,0.0,240,-0.25,2963,-93.0,0.51,2169,542.0,0.25,-0.25
5,stop,atr,10.0,with,False,0.0,120,0.16,1413,62.0,0.62,1129,831.0,0.25,0.16
5,stop,atr,10.0,with,False,0.0,240,0.16,1413,62.0,0.62,1129,831.0,0.25,0.16
5,stop,atr,10.0,with,True,0.0,120,0.11,1296,48.0,0.58,1069,639.0,0.25,0.11
5,stop,atr,10.0,with,True,0.0,240,0.11,1296,48.0,0.58,1069,639.0,0.25,0.11
5,close,or,,,False,0.0,120,-0.63,3200,-145.0,0.47,2309,479.0,,-0.63
5,close,or,,,False,0.0,240,-0.63,3200,-145.0,0.47,2310,481.0,,-0.63
5,close,or,,,True,0.0,120,-0.63,3200,-145.0,0.47,2309,479.0,,-0.63
5,close,or,,,True,0.0,240,-0.63,3200,-145.0,0.47,2310,481.0,,-0.63
5,close,or,,with,False,0.0,120,0.07,1405,34.0,0.67,1143,614.0,,0.07
5,close,or,,with,False,0.0,240,0.07,1405,34.0,0.68,1144,617.0,,0.07
5,close,or,,with,True,0.0,120,0.07,1405,34.0,0.67,1143,614.0,,0.07
5,close,or,,with,True,0.0,240,0.07,1405,34.0,0.68,1144,617.0,,0.07
5,close,or,3.0,,False,0.0,120,-0.82,3200,-152.0,0.36,2309,467.0,,-0.82
5,close,or,3.0,,False,0.0,240,-0.82,3200,-152.0,0.36,2310,470.0,,-0.82
5,close,or,3.0,,True,0.0,120,-0.82,3200,-152.0,0.36,2309,467.0,,-0.82
5,close,or,3.0,,True,0.0,240,-0.82,3200,-152.0,0.36,2310,470.0,,-0.82
5,close,or,3.0,with,False,0.0,120,-0.44,1405,-126.0,0.55,1143,524.0,,-0.44
5,close,or,3.0,with,False,0.0,240,-0.44,1405,-126.0,0.56,1144,527.0,,-0.44
5,close,or,3.0,with,True,0.0,120,-0.44,1405,-126.0,0.55,1143,524.0,,-0.44
5,close,or,3.0,with,True,0.0,240,-0.44,1405,-126.0,0.56,1144,527.0,,-0.44
5,close,or,10.0,,False,0.0,120,-0.67,3200,-146.0,0.49,2309,497.0,,-0.67
5,close,or,10.0,,False,0.0,240,-0.67,3200,-146.0,0.49,2310,499.0,,-0.67
5,close,or,10.0,,True,0.0,120,-0.67,3200,-146.0,0.49,2309,497.0,,-0.67
5,close,or,10.0,,True,0.0,240,-0.67,3200,-146.0,0.49,2310,499.0,,-0.67
5,close,or,10.0,with,False,0.0,120,0.07,1405,32.0,0.68,1143,620.0,,0.07
5,close,or,10.0,with,False,0.0,240,0.07,1405,32.0,0.68,1144,622.0,,0.07
5,close,or,10.0,with,True,0.0,120,0.07,1405,32.0,0.68,1143,620.0,,0.07
5,close,or,10.0,with,True,0.0,240,0.07,1405,32.0,0.68,1144,622.0,,0.07
5,close,mid,,,False,0.0,120,-0.51,3201,-144.0,0.52,2310,532.0,,-0.51
5,close,mid,,,False,0.0,240,-0.51,3201,-144.0,0.52,2311,542.0,,-0.51
5,close,mid,,,True,0.0,120,-0.51,3201,-144.0,0.52,2310,532.0,,-0.51
5,close,mid,,,True,0.0,240,-0.51,3201,-144.0,0.52,2311,542.0,,-0.51
5,close,mid,,with,False,0.0,120,0.09,1406,71.0,0.8,1143,1206.0,,0.09
5,close,mid,,with,False,0.0,240,0.09,1406,71.0,0.8,1144,1211.0,,0.09
5,close,mid,,with,True,0.0,120,0.09,1406,71.0,0.8,1143,1206.0,,0.09
5,close,mid,,with,True,0.0,240,0.09,1406,71.0,0.8,1144,1211.0,,0.09
5,close,mid,3.0,,False,0.0,120,-1.56,3201,-155.0,-0.25,2310,-120.0,,-1.56
5,close,mid,3.0,,False,0.0,240,-1.56,3201,-155.0,-0.24,2311,-118.0,,-1.56
5,close,mid,3.0,,True,0.0,120,-1.56,3201,-155.0,-0.25,2310,-120.0,,-1.56
5,close,mid,3.0,,True,0.0,240,-1.56,3201,-155.0,-0.24,2311,-118.0,,-1.56
5,close,mid,3.0,with,False,0.0,120,-1.2,1406,-154.0,0.08,1143,49.0,,-1.2
5,close,mid,3.0,with,False,0.0,240,-1.2,1406,-154.0,0.08,1144,52.0,,-1.2
5,close,mid,3.0,with,True,0.0,120,-1.2,1406,-154.0,0.08,1143,49.0,,-1.2
5,close,mid,3.0,with,True,0.0,240,-1.2,1406,-154.0,0.08,1144,52.0,,-1.2
5,close,mid,10.0,,False,0.0,120,-0.48,3201,-135.0,0.56,2310,556.0,,-0.48
5,close,mid,10.0,,False,0.0,240,-0.48,3201,-135.0,0.56,2311,566.0,,-0.48
5,close,mid,10.0,,True,0.0,120,-0.48,3201,-135.0,0.56,2310,556.0,,-0.48
5,close,mid,10.0,,True,0.0,240,-0.48,3201,-135.0,0.56,2311,566.0,,-0.48
5,close,mid,10.0,with,False,0.0,120,-0.01,1406,-6.0,0.76,1143,1118.0,,-0.01
5,close,mid,10.0,with,False,0.0,240,-0.01,1406,-6.0,0.77,1144,1123.0,,-0.01
5,close,mid,10.0,with,True,0.0,120,-0.01,1406,-6.0,0.76,1143,1118.0,,-0.01
5,close,mid,10.0,with,True,0.0,240,-0.01,1406,-6.0,0.77,1144,1123.0,,-0.01
5,close,atr,,,False,0.0,120,-0.3,3203,-86.0,0.66,2310,831.0,0.1,-0.3
5,close,atr,,,False,0.0,240,-0.3,3203,-86.0,0.66,2311,828.0,0.1,-0.3
5,close,atr,,,True,0.0,120,-0.3,3203,-86.0,0.66,2310,831.0,0.1,-0.3
5,close,atr,,,True,0.0,240,-0.3,3203,-86.0,0.66,2311,828.0,0.1,-0.3
5,close,atr,,with,False,0.0,120,0.23,1406,137.0,0.98,1143,1634.0,0.1,0.23
5,close,atr,,with,False,0.0,240,0.23,1406,137.0,0.97,1144,1589.0,0.1,0.23
5,close,atr,,with,True,0.0,120,0.23,1406,137.0,0.98,1143,1634.0,0.1,0.23
5,close,atr,,with,True,0.0,240,0.23,1406,137.0,0.97,1144,1589.0,0.1,0.23
5,close,atr,3.0,,False,0.0,120,-1.49,3203,-155.0,-0.15,2310,-91.0,0.1,-1.49
5,close,atr,3.0,,False,0.0,240,-1.49,3203,-155.0,-0.16,2311,-93.0,0.1,-1.49
5,close,atr,3.0,,True,0.0,120,-1.49,3203,-155.0,-0.15,2310,-91.0,0.1,-1.49
5,close,atr,3.0,,True,0.0,240,-1.49,3203,-155.0,-0.16,2311,-93.0,0.1,-1.49
5,close,atr,3.0,with,False,0.0,120,-0.96,1406,-153.0,0.26,1143,220.0,0.1,-0.96
5,close,atr,3.0,with,False,0.0,240,-0.96,1406,-153.0,0.26,1144,210.0,0.1,-0.96
5,close,atr,3.0,with,True,0.0,120,-0.96,1406,-153.0,0.26,1143,220.0,0.1,-0.96
5,close,atr,3.0,with,True,0.0,240,-0.96,1406,-153.0,0.26,1144,210.0,0.1,-0.96
5,close,atr,10.0,,False,0.0,120,-0.24,3203,-69.0,0.71,2310,871.0,0.1,-0.24
5,close,atr,10.0,,False,0.0,240,-0.24,3203,-69.0,0.7,2311,856.0,0.1,-0.24
5,close,atr,10.0,,True,0.0,120,-0.24,3203,-69.0,0.71,2310,871.0,0.1,-0.24
5,close,atr,10.0,,True,0.0,240,-0.24,3203,-69.0,0.7,2311,856.0,0.1,-0.24
5,close,atr,10.0,with,False,0.0,120,0.17,1406,96.0,0.97,1143,1483.0,0.1,0.17
5,close,atr,10.0,with,False,0.0,240,0.17,1406,96.0,0.96,1144,1442.0,0.1,0.17
5,close,atr,10.0,with,True,0.0,120,0.17,1406,96.0,0.97,1143,1483.0,0.1,0.17
5,close,atr,10.0,with,True,0.0,240,0.17,1406,96.0,0.96,1144,1442.0,0.1,0.17
5,close,atr,,,False,0.0,120,-0.4,3198,-138.0,0.49,2308,469.0,0.25,-0.4
5,close,atr,,,False,0.0,240,-0.4,3198,-138.0,0.49,2309,472.0,0.25,-0.4
5,close,atr,,,True,0.0,120,-0.4,3198,-138.0,0.49,2308,469.0,0.25,-0.4
5,close,atr,,,True,0.0,240,-0.4,3198,-138.0,0.49,2309,472.0,0.25,-0.4
5,close,atr,,with,False,0.0,120,0.22,1404,127.0,0.6,1142,721.0,0.25,0.22
5,close,atr,,with,False,0.0,240,0.22,1404,127.0,0.6,1143,726.0,0.25,0.22
5,close,atr,,with,True,0.0,120,0.22,1404,127.0,0.6,1142,721.0,0.25,0.22
5,close,atr,,with,True,0.0,240,0.22,1404,127.0,0.6,1143,726.0,0.25,0.22
5,close,atr,3.0,,False,0.0,120,-0.29,3198,-106.0,0.3,2308,218.0,0.25,-0.29
5,close,atr,3.0,,False,0.0,240,-0.29,3198,-106.0,0.3,2309,221.0,0.25,-0.29
5,close,atr,3.0,,True,0.0,120,-0.29,3198,-106.0,0.3,2308,218.0,0.25,-0.29
5,close,atr,3.0,,True,0.0,240,-0.29,3198,-106.0,0.3,2309,221.0,0.25,-0.29
5,close,atr,3.0,with,False,0.0,120,0.04,1404,16.0,0.38,1142,361.0,0.25,0.04
5,close,atr,3.0,with,False,0.0,240,0.04,1404,16.0,0.38,1143,366.0,0.25,0.04
5,close,atr,3.0,with,True,0.0,120,0.04,1404,16.0,0.38,1142,361.0,0.25,0.04
5,close,atr,3.0,with,True,0.0,240,0.04,1404,16.0,0.38,1143,366.0,0.25,0.04
5,close,atr,10.0,,False,0.0,120,-0.4,3198,-138.0,0.53,2308,521.0,0.25,-0.4
5,close,atr,10.0,,False,0.0,240,-0.4,3198,-138.0,0.53,2309,524.0,0.25,-0.4
5,close,atr,10.0,,True,0.0,120,-0.4,3198,-138.0,0.53,2308,521.0,0.25,-0.4
5,close,atr,10.0,,True,0.0,240,-0.4,3198,-138.0,0.53,2309,524.0,0.25,-0.4
5,close,atr,10.0,with,False,0.0,120,0.22,1404,127.0,0.61,1142,745.0,0.25,0.22
5,close,atr,10.0,with,False,0.0,240,0.22,1404,127.0,0.62,1143,750.0,0.25,0.22
5,close,atr,10.0,with,True,0.0,120,0.22,1404,127.0,0.61,1142,745.0,0.25,0.22
5,close,atr,10.0,with,True,0.0,240,0.22,1404,127.0,0.62,1143,750.0,0.25,0.22
5,candle,or,,,False,0.0,120,-0.18,3075,-58.0,0.42,2290,485.0,,-0.18
5,candle,or,,,False,0.05,120,0.26,2028,129.0,1.11,1595,1766.0,,0.26
5,candle,or,,,True,0.0,120,-0.24,2555,-75.0,0.68,1929,1016.0,,-0.24
5,candle,or,,,True,0.05,120,0.16,1858,73.0,1.07,1462,2012.0,,0.16
5,candle,or,,with,False,0.0,120,-0.15,1466,-56.0,0.49,1090,506.0,,-0.15
5,candle,or,,with,False,0.05,120,0.19,972,122.0,1.05,756,1906.0,,0.19
5,candle,or,,with,True,0.0,120,-0.12,1175,-41.0,0.92,918,1374.0,,-0.12
5,candle,or,,with,True,0.05,120,0.04,873,20.0,1.18,692,2688.0,,0.04
5,candle,or,3.0,,False,0.0,120,-1.18,3075,-150.0,0.16,2290,128.0,,-1.18
5,candle,or,3.0,,False,0.05,120,-0.41,2028,-79.0,0.67,1595,886.0,,-0.41
5,candle,or,3.0,,True,0.0,120,-0.94,2555,-149.0,0.28,1929,261.0,,-0.94
5,candle,or,3.0,,True,0.05,120,-0.41,1858,-79.0,0.58,1462,774.0,,-0.41
5,candle,or,3.0,with,False,0.0,120,-1.46,1466,-153.0,0.31,1090,239.0,,-1.46
5,candle,or,3.0,with,False,0.05,120,-0.63,972,-142.0,0.61,756,641.0,,-0.63
5,candle,or,3.0,with,True,0.0,120,-1.32,1175,-153.0,0.47,918,408.0,,-1.32
5,candle,or,3.0,with,True,0.05,120,-0.68,873,-147.0,0.73,692,869.0,,-0.68
5,candle,or,10.0,,False,0.0,120,-0.38,3075,-122.0,0.57,2290,849.0,,-0.38
5,candle,or,10.0,,False,0.05,120,0.14,2028,63.0,1.16,1595,1850.0,,0.14
5,candle,or,10.0,,True,0.0,120,-0.36,2555,-123.0,0.81,1929,1332.0,,-0.36
5,candle,or,10.0,,True,0.05,120,0.04,1858,14.0,1.13,1462,2198.0,,0.04
5,candle,or,10.0,with,False,0.0,120,-0.24,1466,-84.0,0.63,1090,637.0,,-0.24
5,candle,or,10.0,with,False,0.05,120,0.11,972,68.0,1.03,756,1764.0,,0.11
5,candle,or,10.0,with,True,0.0,120,-0.21,1175,-73.0,0.99,918,1522.0,,-0.21
5,candle,or,10.0,with,True,0.05,120,0.02,873,10.0,1.17,692,2627.0,,0.02
5,candle,mid,,,False,0.0,120,-0.28,2714,-157.0,0.6,2015,677.0,,-0.28
5,candle,mid,,,False,0.05,120,-0.01,1938,-4.0,0.85,1524,1466.0,,-0.01
5,candle,mid,,,True,0.0,120,-0.12,2504,-40.0,0.77,1905,1069.0,,-0.12
5,candle,mid,,,True,0.05,120,-0.1,1837,-34.0,0.95,1459,1639.0,,-0.1
5,candle,mid,,with,False,0.0,120,-0.28,1264,-157.0,0.73,962,1723.0,,-0.28
5,candle,mid,,with,False,0.05,120,-0.18,919,-111.0,0.93,721,2594.0,,-0.18
5,candle,mid,,with,True,0.0,120,-0.07,1150,-31.0,0.86,908,2323.0,,-0.07
5,candle,mid,,with,True,0.05,120,-0.2,861,-97.0,1.08,691,2527.0,,-0.2
5,candle,mid,3.0,,False,0.0,120,-0.28,2715,-157.0,-1.24,2015,-209.0,,-1.24
5,candle,mid,3.0,,False,0.05,120,-1.8,1939,-145.0,-0.02,1524,-10.0,,-1.8
5,candle,mid,3.0,,True,0.0,120,-2.56,2505,-155.0,-0.48,1905,-177.0,,-2.56
5,candle,mid,3.0,,True,0.05,120,-1.36,1838,-135.0,0.47,1459,366.0,,-1.36
5,candle,mid,3.0,with,False,0.0,120,-0.28,1264,-157.0,-0.56,962,-180.0,,-0.56
5,candle,mid,3.0,with,False,0.05,120,-1.84,919,-148.0,0.45,721,476.0,,-1.84
5,candle,mid,3.0,with,True,0.0,120,-2.2,1150,-152.0,-0.09,908,-50.0,,-2.2
5,candle,mid,3.0,with,True,0.05,120,-1.54,861,-147.0,0.67,691,694.0,,-1.54
5,candle,mid,10.0,,False,0.0,120,-0.28,2714,-157.0,0.19,2015,109.0,,-0.28
5,candle,mid,10.0,,False,0.05,120,-0.56,1938,-93.0,0.7,1524,697.0,,-0.56
5,candle,mid,10.0,,True,0.0,120,-0.79,2504,-122.0,0.49,1905,437.0,,-0.79
5,candle,mid,10.0,,True,0.05,120,-0.34,1837,-67.0,0.85,1459,954.0,,-0.34
5,candle,mid,10.0,with,False,0.0,120,-0.28,1264,-157.0,0.77,962,1284.0,,-0.28
5,candle,mid,10.0,with,False,0.05,120,-0.89,919,-130.0,1.11,721,1956.0,,-0.89
5,candle,mid,10.0,with,True,0.0,120,-1.19,1150,-142.0,0.85,908,1806.0,,-1.19
5,candle,mid,10.0,with,True,0.05,120,-0.75,861,-125.0,1.09,691,1810.0,,-0.75
5,candle,atr,,,False,0.0,120,0.22,3079,81.0,0.95,2291,1835.0,0.1,0.22
5,candle,atr,,,False,0.05,120,0.26,2030,105.0,1.38,1596,3171.0,0.1,0.26
5,candle,atr,,,True,0.0,120,0.07,2558,27.0,1.03,1930,1910.0,0.1,0.07
5,candle,atr,,,True,0.05,120,0.23,1860,87.0,1.35,1463,3223.0,0.1,0.23
5,candle,atr,,with,False,0.0,120,0.16,1467,62.0,1.08,1091,2429.0,0.1,0.16
5,candle,atr,,with,False,0.05,120,0.02,972,12.0,1.39,757,3688.0,0.1,0.02
5,candle,atr,,with,True,0.0,120,-0.1,1176,-35.0,1.23,919,3276.0,0.1,-0.1
5,candle,atr,,with,True,0.05,120,-0.09,873,-38.0,1.44,693,4259.0,0.1,-0.09
5,candle,atr,3.0,,False,0.0,120,-0.81,3080,-127.0,0.52,2291,455.0,0.1,-0.81
5,candle,atr,3.0,,False,0.05,120,-0.44,2031,-86.0,1.07,1596,1328.0,0.1,-0.44
5,candle,atr,3.0,,True,0.0,120,-0.75,2559,-118.0,0.51,1930,416.0,0.1,-0.75
5,candle,atr,3.0,,True,0.05,120,-0.45,1861,-83.0,0.94,1463,1395.0,0.1,-0.45
5,candle,atr,3.0,with,False,0.0,120,-1.02,1467,-148.0,0.78,1091,1117.0,0.1,-1.02
5,candle,atr,3.0,with,False,0.05,120,-0.72,972,-135.0,1.13,757,1897.0,0.1,-0.72
5,candle,atr,3.0,with,True,0.0,120,-1.11,1176,-143.0,0.8,919,927.0,0.1,-1.11
5,candle,atr,3.0,with,True,0.05,120,-0.75,873,-131.0,1.15,693,2233.0,0.1,-0.75
5,candle,atr,10.0,,False,0.0,120,0.26,3079,103.0,0.96,2291,1814.0,0.1,0.26
5,candle,atr,10.0,,False,0.05,120,0.29,2030,113.0,1.43,1596,3037.0,0.1,0.29
5,candle,atr,10.0,,True,0.0,120,0.07,2558,25.0,1.07,1930,1974.0,0.1,0.07
5,candle,atr,10.0,,True,0.05,120,0.24,1860,90.0,1.41,1463,3137.0,0.1,0.24
5,candle,atr,10.0,with,False,0.0,120,0.13,1467,48.0,1.12,1091,2515.0,0.1,0.13
5,candle,atr,10.0,with,False,0.05,120,0.02,972,11.0,1.46,757,4443.0,0.1,0.02
5,candle,atr,10.0,with,True,0.0,120,-0.14,1176,-48.0,1.3,919,3275.0,0.1,-0.14
5,candle,atr,10.0,with,True,0.05,120,-0.06,873,-24.0,1.52,693,5328.0,0.1,-0.06
5,candle,atr,,,False,0.0,120,0.22,3073,103.0,0.5,2288,671.0,0.25,0.22
5,candle,atr,,,False,0.05,120,0.24,2025,112.0,0.79,1595,1174.0,0.25,0.24
5,candle,atr,,,True,0.0,120,0.02,2553,9.0,0.53,1928,726.0,0.25,0.02
5,candle,atr,,,True,0.05,120,0.15,1856,59.0,0.87,1462,1694.0,0.25,0.15
5,candle,atr,,with,False,0.0,120,0.32,1465,133.0,0.49,1090,523.0,0.25,0.32
5,candle,atr,,with,False,0.05,120,0.24,970,133.0,0.8,756,1112.0,0.25,0.24
5,candle,atr,,with,True,0.0,120,0.02,1175,8.0,0.66,918,688.0,0.25,0.02
5,candle,atr,,with,True,0.05,120,0.15,872,61.0,0.97,692,1773.0,0.25,0.15
5,candle,atr,3.0,,False,0.0,120,0.21,3074,79.0,0.38,2288,408.0,0.25,0.21
5,candle,atr,3.0,,False,0.05,120,0.2,2026,62.0,0.72,1595,894.0,0.25,0.2
5,candle,atr,3.0,,True,0.0,120,0.03,2554,11.0,0.37,1928,392.0,0.25,0.03
5,candle,atr,3.0,,True,0.05,120,0.12,1857,36.0,0.76,1462,1032.0,0.25,0.12
5,candle,atr,3.0,with,False,0.0,120,0.0,1466,1.0,0.43,1090,460.0,0.25,0.0
5,candle,atr,3.0,with,False,0.05,120,0.03,971,11.0,0.73,756,1050.0,0.25,0.03
5,candle,atr,3.0,with,True,0.0,120,-0.25,1176,-64.0,0.58,918,749.0,0.25,-0.25
5,candle,atr,3.0,with,True,0.05,120,-0.03,873,-8.0,0.91,692,1740.0,0.25,-0.03
5,candle,atr,10.0,,False,0.0,120,0.22,3073,105.0,0.53,2288,731.0,0.25,0.22
5,candle,atr,10.0,,False,0.05,120,0.24,2025,114.0,0.82,1595,1242.0,0.25,0.24
5,candle,atr,10.0,,True,0.0,120,0.02,2553,10.0,0.57,1928,874.0,0.25,0.02
5,candle,atr,10.0,,True,0.05,120,0.15,1856,61.0,0.9,1462,1786.0,0.25,0.15
5,candle,atr,10.0,with,False,0.0,120,0.33,1465,136.0,0.5,1090,577.0,0.25,0.33
5,candle,atr,10.0,with,False,0.05,120,0.24,970,137.0,0.81,756,1135.0,0.25,0.24
5,candle,atr,10.0,with,True,0.0,120,0.03,1175,10.0,0.67,918,704.0,0.25,0.03
5,candle,atr,10.0,with,True,0.05,120,0.15,872,64.0,0.98,692,1804.0,0.25,0.15
15,stop,or,,,False,0.0,120,-0.43,3173,-115.0,0.58,2290,988.0,,-0.43
15,stop,or,,,False,0.0,240,-0.43,3193,-115.0,0.57,2304,950.0,,-0.43
15,stop,or,,,True,0.0,120,-0.41,3133,-114.0,0.64,2264,1086.0,,-0.41
15,stop,or,,,True,0.0,240,-0.41,3153,-114.0,0.63,2278,1044.0,,-0.41
15,stop,or,,with,False,0.0,120,0.46,1467,264.0,0.6,1147,815.0,,0.46
15,stop,or,,with,False,0.0,240,0.47,1476,272.0,0.6,1154,781.0,,0.47
15,stop,or,,with,True,0.0,120,0.46,1444,265.0,0.63,1138,853.0,,0.46
15,stop,or,,with,True,0.0,240,0.47,1453,272.0,0.63,1145,818.0,,0.47
15,stop,or,3.0,,False,0.0,120,-0.47,3173,-124.0,0.64,2290,790.0,,-0.47
15,stop,or,3.0,,False,0.0,240,-0.47,3193,-124.0,0.64,2304,749.0,,-0.47
15,stop,or,3.0,,True,0.0,120,-0.45,3133,-123.0,0.69,2264,953.0,,-0.45
15,stop,or,3.0,,True,0.0,240,-0.45,3153,-123.0,0.68,2278,899.0,,-0.45
15,stop,or,3.0,with,False,0.0,120,0.25,1467,111.0,0.7,1147,857.0,,0.25
15,stop,or,3.0,with,False,0.0,240,0.26,1476,117.0,0.69,1154,823.0,,0.26
15,stop,or,3.0,with,True,0.0,120,0.25,1444,110.0,0.7,1138,859.0,,0.25
15,stop,or,3.0,with,True,0.0,240,0.26,1453,116.0,0.7,1145,825.0,,0.26
15,stop,or,10.0,,False,0.0,120,-0.44,3173,-115.0,0.56,2290,924.0,,-0.44
15,stop,or,10.0,,False,0.0,240,-0.43,3193,-115.0,0.56,2304,867.0,,-0.43
15,stop,or,10.0,,True,0.0,120,-0.41,3133,-114.0,0.62,2264,1053.0,,-0.41
15,stop,or,10.0,,True,0.0,240,-0.41,3153,-114.0,0.62,2278,1013.0,,-0.41
15,stop,or,10.0,with,False,0.0,120,0.45,1467,242.0,0.6,1147,815.0,,0.45
15,stop,or,10.0,with,False,0.0,240,0.46,1476,250.0,0.6,1154,781.0,,0.46
15,stop,or,10.0,with,True,0.0,120,0.46,1444,245.0,0.63,1138,853.0,,0.46
15,stop,or,10.0,with,True,0.0,240,0.47,1453,253.0,0.63,1145,818.0,,0.47
15,stop,mid,,,False,0.0,120,-0.3,3173,-84.0,0.72,2290,1145.0,,-0.3
15,stop,mid,,,False,0.0,240,-0.3,3193,-83.0,0.71,2304,1227.0,,-0.3
15,stop,mid,,,True,0.0,120,-0.23,3133,-67.0,0.8,2264,1353.0,,-0.23
15,stop,mid,,,True,0.0,240,-0.23,3153,-66.0,0.8,2278,1456.0,,-0.23
15,stop,mid,,with,False,0.0,120,0.53,1467,276.0,0.93,1147,1319.0,,0.53
15,stop,mid,,with,False,0.0,240,0.54,1476,285.0,0.93,1154,1355.0,,0.54
15,stop,mid,,with,True,0.0,120,0.61,1444,336.0,0.98,1138,1434.0,,0.61
15,stop,mid,,with,True,0.0,240,0.63,1453,345.0,0.98,1145,1475.0,,0.63
15,stop,mid,3.0,,False,0.0,120,-0.59,3173,-125.0,0.25,2290,244.0,,-0.59
15,stop,mid,3.0,,False,0.0,240,-0.58,3193,-125.0,0.25,2304,256.0,,-0.58
15,stop,mid,3.0,,True,0.0,120,-0.49,3133,-119.0,0.34,2264,391.0,,-0.49
15,stop,mid,3.0,,True,0.0,240,-0.49,3153,-119.0,0.34,2278,417.0,,-0.49
15,stop,mid,3.0,with,False,0.0,120,0.04,1467,14.0,0.79,1147,897.0,,0.04
15,stop,mid,3.0,with,False,0.0,240,0.06,1476,20.0,0.79,1154,923.0,,0.06
15,stop,mid,3.0,with,True,0.0,120,0.13,1444,44.0,0.83,1138,977.0,,0.13
15,stop,mid,3.0,with,True,0.0,240,0.15,1453,51.0,0.83,1145,1007.0,,0.15
15,stop,mid,10.0,,False,0.0,120,-0.28,3173,-73.0,0.74,2290,1140.0,,-0.28
15,stop,mid,10.0,,False,0.0,240,-0.27,3193,-72.0,0.74,2304,1221.0,,-0.27
15,stop,mid,10.0,,True,0.0,120,-0.21,3133,-57.0,0.83,2264,1345.0,,-0.21
15,stop,mid,10.0,,True,0.0,240,-0.21,3153,-57.0,0.83,2278,1447.0,,-0.21
15,stop,mid,10.0,with,False,0.0,120,0.49,1467,213.0,0.96,1147,1430.0,,0.49
15,stop,mid,10.0,with,False,0.0,240,0.5,1476,221.0,0.95,1154,1472.0,,0.5
15,stop,mid,10.0,with,True,0.0,120,0.57,1444,271.0,1.0,1138,1535.0,,0.57
15,stop,mid,10.0,with,True,0.0,240,0.59,1453,280.0,1.0,1145,1581.0,,0.59
15,stop,atr,,,False,0.0,120,-0.82,3174,-134.0,0.54,2290,689.0,0.1,-0.82
15,stop,atr,,,False,0.0,240,-0.83,3194,-134.0,0.54,2304,722.0,0.1,-0.83
15,stop,atr,,,True,0.0,120,-0.72,3134,-129.0,0.61,2264,828.0,0.1,-0.72
15,stop,atr,,,True,0.0,240,-0.74,3154,-129.0,0.61,2278,868.0,0.1,-0.74
15,stop,atr,,with,False,0.0,120,0.41,1467,176.0,0.93,1147,1023.0,0.1,0.41
15,stop,atr,,with,False,0.0,240,0.4,1476,170.0,0.92,1154,998.0,0.1,0.4
15,stop,atr,,with,True,0.0,120,0.48,1444,215.0,0.97,1138,1100.0,0.1,0.48
15,stop,atr,,with,True,0.0,240,0.47,1453,207.0,0.96,1145,1073.0,0.1,0.47
15,stop,atr,3.0,,False,0.0,120,-1.7,3174,-154.0,-0.53,2290,-159.0,0.1,-1.7
15,stop,atr,3.0,,False,0.0,240,-1.7,3194,-154.0,-0.53,2304,-160.0,0.1,-1.7
15,stop,atr,3.0,,True,0.0,120,-1.55,3134,-153.0,-0.41,2264,-147.0,0.1,-1.55
15,stop,atr,3.0,,True,0.0,240,-1.55,3154,-153.0,-0.42,2278,-148.0,0.1,-1.55
15,stop,atr,3.0,with,False,0.0,120,-0.69,1467,-130.0,0.56,1147,460.0,0.1,-0.69
15,stop,atr,3.0,with,False,0.0,240,-0.69,1476,-129.0,0.54,1154,440.0,0.1,-0.69
15,stop,atr,3.0,with,True,0.0,120,-0.58,1444,-115.0,0.6,1138,493.0,0.1,-0.58
15,stop,atr,3.0,with,True,0.0,240,-0.57,1453,-114.0,0.58,1145,473.0,0.1,-0.57
15,stop,atr,10.0,,False,0.0,120,-0.78,3174,-137.0,0.52,2290,598.0,0.1,-0.78
15,stop,atr,10.0,,False,0.0,240,-0.79,3194,-138.0,0.52,2304,625.0,0.1,-0.79
15,stop,atr,10.0,,True,0.0,120,-0.68,3134,-134.0,0.6,2264,735.0,0.1,-0.68
15,stop,atr,10.0,,True,0.0,240,-0.7,3154,-135.0,0.6,2278,770.0,0.1,-0.7
15,stop,atr,10.0,with,False,0.0,120,0.29,1467,103.0,0.98,1147,1124.0,0.1,0.29
15,stop,atr,10.0,with,False,0.0,240,0.28,1476,98.0,0.97,1154,1095.0,0.1,0.28
15,stop,atr,10.0,with,True,0.0,120,0.36,1444,134.0,1.02,1138,1211.0,0.1,0.36
15,stop,atr,10.0,with,True,0.0,240,0.35,1453,129.0,1.01,1145,1180.0,0.1,0.35
15,stop,atr,,,False,0.0,120,-0.19,3173,-70.0,0.7,2290,889.0,0.25,-0.19
15,stop,atr,,,False,0.0,240,-0.19,3193,-71.0,0.7,2304,830.0,0.25,-0.19
15,stop,atr,,,True,0.0,120,-0.17,3133,-66.0,0.76,2264,1065.0,0.25,-0.17
15,stop,atr,,,True,0.0,240,-0.18,3153,-68.0,0.75,2278,988.0,0.25,-0.18
15,stop,atr,,with,False,0.0,120,0.6,1467,421.0,0.85,1147,1393.0,0.25,0.6
15,stop,atr,,with,False,0.0,240,0.6,1476,418.0,0.85,1154,1326.0,0.25,0.6
15,stop,atr,,with,True,0.0,120,0.6,1444,432.0,0.88,1138,1445.0,0.25,0.6
15,stop,atr,,with,True,0.0,240,0.61,1453,429.0,0.88,1145,1375.0,0.25,0.61
15,stop,atr,3.0,,False,0.0,120,-0.1,3173,-48.0,0.74,2290,719.0,0.25,-0.1
15,stop,atr,3.0,,False,0.0,240,-0.11,3193,-49.0,0.73,2304,676.0,0.25,-0.11
15,stop,atr,3.0,,True,0.0,120,-0.08,3133,-39.0,0.8,2264,853.0,0.25,-0.08
15,stop,atr,3.0,,True,0.0,240,-0.08,3153,-40.0,0.79,2278,799.0,0.25,-0.08
15,stop,atr,3.0,with,False,0.0,120,0.44,1467,231.0,0.96,1147,1436.0,0.25,0.44
15,stop,atr,3.0,with,False,0.0,240,0.45,1476,231.0,0.95,1154,1367.0,0.25,0.45
15,stop,atr,3.0,with,True,0.0,120,0.44,1444,232.0,0.99,1138,1488.0,0.25,0.44
15,stop,atr,3.0,with,True,0.0,240,0.45,1453,233.0,0.99,1145,1416.0,0.25,0.45
15,stop,atr,10.0,,False,0.0,120,-0.18,3173,-69.0,0.7,2290,777.0,0.25,-0.18
15,stop,atr,10.0,,False,0.0,240,-0.19,3193,-70.0,0.69,2304,730.0,0.25,-0.19
15,stop,atr,10.0,,True,0.0,120,-0.17,3133,-65.0,0.75,2264,922.0,0.25,-0.17
15,stop,atr,10.0,,True,0.0,240,-0.17,3153,-67.0,0.75,2278,862.0,0.25,-0.17
15,stop,atr,10.0,with,False,0.0,120,0.6,1467,425.0,0.85,1147,1379.0,0.25,0.6
15,stop,atr,10.0,with,False,0.0,240,0.61,1476,422.0,0.84,1154,1313.0,0.25,0.61
15,stop,atr,10.0,with,True,0.0,120,0.6,1444,437.0,0.88,1138,1431.0,0.25,0.6
15,stop,atr,10.0,with,True,0.0,240,0.61,1453,433.0,0.88,1145,1362.0,0.25,0.61
15,close,or,,,False,0.0,120,-0.62,3145,-124.0,0.35,2270,416.0,,-0.62
15,close,or,,,False,0.0,240,-0.61,3185,-123.0,0.34,2297,375.0,,-0.61
15,close,or,,,True,0.0,120,-0.62,3145,-124.0,0.35,2270,416.0,,-0.62
15,close,or,,,True,0.0,240,-0.61,3185,-123.0,0.34,2297,375.0,,-0.61
15,close,or,,with,False,0.0,120,0.34,1460,223.0,0.45,1143,553.0,,0.34
15,close,or,,with,False,0.0,240,0.37,1476,248.0,0.44,1157,511.0,,0.37
15,close,or,,with,True,0.0,120,0.34,1460,223.0,0.45,1143,553.0,,0.34
15,close,or,,with,True,0.0,240,0.37,1476,248.0,0.44,1157,511.0,,0.37
15,close,or,3.0,,False,0.0,120,-0.6,3145,-127.0,0.39,2270,316.0,,-0.6
15,close,or,3.0,,False,0.0,240,-0.58,3185,-126.0,0.37,2297,293.0,,-0.58
15,close,or,3.0,,True,0.0,120,-0.6,3145,-127.0,0.39,2270,316.0,,-0.6
15,close,or,3.0,,True,0.0,240,-0.58,3185,-126.0,0.37,2297,293.0,,-0.58
15,close,or,3.0,with,False,0.0,120,0.22,1460,107.0,0.55,1143,656.0,,0.22
15,close,or,3.0,with,False,0.0,240,0.25,1476,126.0,0.54,1157,608.0,,0.25
15,close,or,3.0,with,True,0.0,120,0.22,1460,107.0,0.55,1143,656.0,,0.22
15,close,or,3.0,with,True,0.0,240,0.25,1476,126.0,0.54,1157,608.0,,0.25
15,close,or,10.0,,False,0.0,120,-0.63,3145,-124.0,0.34,2270,370.0,,-0.63
15,close,or,10.0,,False,0.0,240,-0.62,3185,-123.0,0.32,2297,335.0,,-0.62
15,close,or,10.0,,True,0.0,120,-0.63,3145,-124.0,0.34,2270,370.0,,-0.63
15,close,or,10.0,,True,0.0,240,-0.62,3185,-123.0,0.32,2297,335.0,,-0.62
15,close,or,10.0,with,False,0.0,120,0.32,1460,188.0,0.45,1143,553.0,,0.32
15,close,or,10.0,with,False,0.0,240,0.35,1476,210.0,0.44,1157,511.0,,0.35
15,close,or,10.0,with,True,0.0,120,0.32,1460,188.0,0.45,1143,553.0,,0.32
15,close,or,10.0,with,True,0.0,240,0.35,1476,210.0,0.44,1157,511.0,,0.35
15,close,mid,,,False,0.0,120,-0.45,3147,-112.0,0.52,2270,690.0,,-0.45
15,close,mid,,,False,0.0,240,-0.43,3187,-111.0,0.51,2297,723.0,,-0.43
15,close,mid,,,True,0.0,120,-0.45,3147,-112.0,0.52,2270,690.0,,-0.45
15,close,mid,,,True,0.0,240,-0.43,3187,-111.0,0.51,2297,723.0,,-0.43
15,close,mid,,with,False,0.0,120,0.45,1460,255.0,0.79,1143,1101.0,,0.45
15,close,mid,,with,False,0.0,240,0.48,1476,278.0,0.79,1157,1138.0,,0.48
15,close,mid,,with,True,0.0,120,0.45,1460,255.0,0.79,1143,1101.0,,0.45
15,close,mid,,with,True,0.0,240,0.48,1476,278.0,0.79,1157,1138.0,,0.48
15,close,mid,3.0,,False,0.0,120,-0.72,3148,-133.0,0.2,2270,226.0,,-0.72
15,close,mid,3.0,,False,0.0,240,-0.7,3188,-133.0,0.19,2297,194.0,,-0.7
15,close,mid,3.0,,True,0.0,120,-0.72,3148,-133.0,0.2,2270,226.0,,-0.72
15,close,mid,3.0,,True,0.0,240,-0.7,3188,-133.0,0.19,2297,194.0,,-0.7
15,close,mid,3.0,with,False,0.0,120,-0.01,1460,-4.0,0.62,1143,866.0,,-0.01
15,close,mid,3.0,with,False,0.0,240,0.04,1476,16.0,0.62,1157,909.0,,0.04
15,close,mid,3.0,with,True,0.0,120,-0.01,1460,-4.0,0.62,1143,866.0,,-0.01
15,close,mid,3.0,with,True,0.0,240,0.04,1476,16.0,0.62,1157,909.0,,0.04
15,close,mid,10.0,,False,0.0,120,-0.44,3147,-108.0,0.55,2270,914.0,,-0.44
15,close,mid,10.0,,False,0.0,240,-0.43,3187,-107.0,0.53,2297,962.0,,-0.43
15,close,mid,10.0,,True,0.0,120,-0.44,3147,-108.0,0.55,2270,914.0,,-0.44
15,close,mid,10.0,,True,0.0,240,-0.43,3187,-107.0,0.53,2297,962.0,,-0.43
15,close,mid,10.0,with,False,0.0,120,0.39,1460,178.0,0.82,1143,1367.0,,0.39
15,close,mid,10.0,with,False,0.0,240,0.43,1476,201.0,0.82,1157,1374.0,,0.43
15,close,mid,10.0,with,True,0.0,120,0.39,1460,178.0,0.82,1143,1367.0,,0.39
15,close,mid,10.0,with,True,0.0,240,0.43,1476,201.0,0.82,1157,1374.0,,0.43
15,close,atr,,,False,0.0,120,-0.46,3149,-101.0,0.61,2270,830.0,0.1,-0.46
15,close,atr,,,False,0.0,240,-0.48,3189,-103.0,0.6,2297,855.0,0.1,-0.48
15,close,atr,,,True,0.0,120,-0.46,3149,-101.0,0.61,2270,830.0,0.1,-0.46
15,close,atr,,,True,0.0,240,-0.48,3189,-103.0,0.6,2297,855.0,0.1,-0.48
15,close,atr,,with,False,0.0,120,0.63,1462,370.0,0.95,1143,1310.0,0.1,0.63
15,close,atr,,with,False,0.0,240,0.63,1478,364.0,0.96,1157,1291.0,0.1,0.63
15,close,atr,,with,True,0.0,120,0.63,1462,370.0,0.95,1143,1310.0,0.1,0.63
15,close,atr,,with,True,0.0,240,0.63,1478,364.0,0.96,1157,1291.0,0.1,0.63
15,close,atr,3.0,,False,0.0,120,-1.36,3149,-156.0,-0.26,2270,-140.0,0.1,-1.36
15,close,atr,3.0,,False,0.0,240,-1.33,3189,-156.0,-0.27,2297,-136.0,0.1,-1.33
15,close,atr,3.0,,True,0.0,120,-1.36,3149,-156.0,-0.26,2270,-140.0,0.1,-1.36
15,close,atr,3.0,,True,0.0,240,-1.33,3189,-156.0,-0.27,2297,-136.0,0.1,-1.33
15,close,atr,3.0,with,False,0.0,120,-0.37,1462,-87.0,0.51,1143,470.0,0.1,-0.37
15,close,atr,3.0,with,False,0.0,240,-0.33,1478,-81.0,0.51,1157,450.0,0.1,-0.33
15,close,atr,3.0,with,True,0.0,120,-0.37,1462,-87.0,0.51,1143,470.0,0.1,-0.37
15,close,atr,3.0,with,True,0.0,240,-0.33,1478,-81.0,0.51,1157,450.0,0.1,-0.33
15,close,atr,10.0,,False,0.0,120,-0.47,3149,-112.0,0.64,2270,723.0,0.1,-0.47
15,close,atr,10.0,,False,0.0,240,-0.5,3189,-114.0,0.62,2297,664.0,0.1,-0.5
15,close,atr,10.0,,True,0.0,120,-0.47,3149,-112.0,0.64,2270,723.0,0.1,-0.47
15,close,atr,10.0,,True,0.0,240,-0.5,3189,-114.0,0.62,2297,664.0,0.1,-0.5
15,close,atr,10.0,with,False,0.0,120,0.56,1462,297.0,0.99,1143,1199.0,0.1,0.56
15,close,atr,10.0,with,False,0.0,240,0.55,1478,296.0,1.0,1157,1182.0,0.1,0.55
15,close,atr,10.0,with,True,0.0,120,0.56,1462,297.0,0.99,1143,1199.0,0.1,0.56
15,close,atr,10.0,with,True,0.0,240,0.55,1478,296.0,1.0,1157,1182.0,0.1,0.55
15,close,atr,,,False,0.0,120,-0.27,3148,-82.0,0.6,2270,947.0,0.25,-0.27
15,close,atr,,,False,0.0,240,-0.28,3188,-83.0,0.57,2297,781.0,0.25,-0.28
15,close,atr,,,True,0.0,120,-0.27,3148,-82.0,0.6,2270,947.0,0.25,-0.27
15,close,atr,,,True,0.0,240,-0.28,3188,-83.0,0.57,2297,781.0,0.25,-0.28
15,close,atr,,with,False,0.0,120,0.59,1462,505.0,0.81,1143,1527.0,0.25,0.59
15,close,atr,,with,False,0.0,240,0.61,1478,515.0,0.8,1157,1512.0,0.25,0.61
15,close,atr,,with,True,0.0,120,0.59,1462,505.0,0.81,1143,1527.0,0.25,0.59
15,close,atr,,with,True,0.0,240,0.61,1478,515.0,0.8,1157,1512.0,0.25,0.61
15,close,atr,3.0,,False,0.0,120,-0.22,3148,-76.0,0.55,2270,506.0,0.25,-0.22
15,close,atr,3.0,,False,0.0,240,-0.22,3188,-76.0,0.52,2297,430.0,0.25,-0.22
15,close,atr,3.0,,True,0.0,120,-0.22,3148,-76.0,0.55,2270,506.0,0.25,-0.22
15,close,atr,3.0,,True,0.0,240,-0.22,3188,-76.0,0.52,2297,430.0,0.25,-0.22
15,close,atr,3.0,with,False,0.0,120,0.5,1462,354.0,0.85,1143,1570.0,0.25,0.5
15,close,atr,3.0,with,False,0.0,240,0.53,1478,379.0,0.84,1157,1430.0,0.25,0.53
15,close,atr,3.0,with,True,0.0,120,0.5,1462,354.0,0.85,1143,1570.0,0.25,0.5
15,close,atr,3.0,with,True,0.0,240,0.53,1478,379.0,0.84,1157,1430.0,0.25,0.53
15,close,atr,10.0,,False,0.0,120,-0.27,3148,-82.0,0.59,2270,817.0,0.25,-0.27
15,close,atr,10.0,,False,0.0,240,-0.28,3188,-83.0,0.56,2297,685.0,0.25,-0.28
15,close,atr,10.0,,True,0.0,120,-0.27,3148,-82.0,0.59,2270,817.0,0.25,-0.27
15,close,atr,10.0,,True,0.0,240,-0.28,3188,-83.0,0.56,2297,685.0,0.25,-0.28
15,close,atr,10.0,with,False,0.0,120,0.59,1462,505.0,0.8,1143,1518.0,0.25,0.59
15,close,atr,10.0,with,False,0.0,240,0.61,1478,515.0,0.8,1157,1503.0,0.25,0.61
15,close,atr,10.0,with,True,0.0,120,0.59,1462,505.0,0.8,1143,1518.0,0.25,0.59
15,close,atr,10.0,with,True,0.0,240,0.61,1478,515.0,0.8,1157,1503.0,0.25,0.61
15,candle,or,,,False,0.0,120,-0.23,3114,-83.0,0.41,2297,401.0,,-0.23
15,candle,or,,,False,0.05,120,-0.25,2462,-91.0,0.46,1810,542.0,,-0.25
15,candle,or,,,True,0.0,120,-0.38,2599,-134.0,0.33,1922,284.0,,-0.38
15,candle,or,,,True,0.05,120,-0.23,2226,-86.0,0.33,1618,266.0,,-0.23
15,candle,or,,with,False,0.0,120,0.46,1430,406.0,0.37,1142,310.0,,0.37
15,candle,or,,with,False,0.05,120,0.59,1098,724.0,0.49,902,533.0,,0.49
15,candle,or,,with,True,0.0,120,0.39,1139,349.0,0.33,987,241.0,,0.33
15,candle,or,,with,True,0.05,120,0.52,968,588.0,0.27,823,222.0,,0.27
15,candle,or,3.0,,False,0.0,120,-0.84,3115,-154.0,0.19,2297,139.0,,-0.84
15,candle,or,3.0,,False,0.05,120,-0.45,2463,-139.0,0.5,1810,485.0,,-0.45
15,candle,or,3.0,,True,0.0,120,-0.53,2600,-145.0,0.31,1922,245.0,,-0.53
15,candle,or,3.0,,True,0.05,120,-0.29,2227,-100.0,0.46,1618,346.0,,-0.29
15,candle,or,3.0,with,False,0.0,120,-0.14,1430,-38.0,0.32,1142,262.0,,-0.14
15,candle,or,3.0,with,False,0.05,120,0.21,1098,101.0,0.42,902,418.0,,0.21
15,candle,or,3.0,with,True,0.0,120,0.05,1139,18.0,0.35,987,291.0,,0.05
15,candle,or,3.0,with,True,0.05,120,0.29,968,194.0,0.3,823,245.0,,0.29
15,candle,or,10.0,,False,0.0,120,-0.45,3114,-141.0,0.36,2297,324.0,,-0.45
15,candle,or,10.0,,False,0.05,120,-0.22,2462,-84.0,0.44,1810,499.0,,-0.22
15,candle,or,10.0,,True,0.0,120,-0.38,2599,-133.0,0.28,1922,239.0,,-0.38
15,candle,or,10.0,,True,0.05,120,-0.22,2226,-81.0,0.32,1618,256.0,,-0.22
15,candle,or,10.0,with,False,0.0,120,0.4,1430,263.0,0.42,1142,351.0,,0.4
15,candle,or,10.0,with,False,0.05,120,0.59,1098,678.0,0.46,902,488.0,,0.46
15,candle,or,10.0,with,True,0.0,120,0.37,1139,320.0,0.33,987,243.0,,0.33
15,candle,or,10.0,with,True,0.05,120,0.52,968,562.0,0.26,823,211.0,,0.26
15,candle,mid,,,False,0.0,120,-0.63,2741,-157.0,-0.14,2019,-95.0,,-0.63
15,candle,mid,,,False,0.05,120,-0.4,2313,-157.0,-0.15,1693,-71.0,,-0.4
15,candle,mid,,,True,0.0,120,-0.48,2573,-157.0,-0.09,1909,-49.0,,-0.48
15,candle,mid,,,True,0.05,120,-0.4,2211,-157.0,0.23,1613,244.0,,-0.4
15,candle,mid,,with,False,0.0,120,-0.4,1234,-157.0,0.12,1019,78.0,,-0.4
15,candle,mid,,with,False,0.05,120,-0.15,1027,-47.0,0.3,851,246.0,,-0.15
15,candle,mid,,with,True,0.0,120,-0.2,1128,-73.0,0.34,980,332.0,,-0.2
15,candle,mid,,with,True,0.05,120,-0.17,962,-60.0,0.44,822,488.0,,-0.17
15,candle,mid,3.0,,False,0.0,120,-0.63,2741,-157.0,-1.22,2020,-201.0,,-1.22
15,candle,mid,3.0,,False,0.05,120,-0.4,2313,-157.0,-0.64,1694,-179.0,,-0.64
15,candle,mid,3.0,,True,0.0,120,-0.48,2573,-157.0,-0.43,1910,-156.0,,-0.48
15,candle,mid,3.0,,True,0.05,120,-0.4,2211,-157.0,-0.04,1614,-30.0,,-0.4
15,candle,mid,3.0,with,False,0.0,120,-0.4,1234,-157.0,-0.18,1020,-91.0,,-0.4
15,candle,mid,3.0,with,False,0.05,120,-1.19,1027,-142.0,-0.07,852,-33.0,,-1.19
15,candle,mid,3.0,with,True,0.0,120,-0.99,1128,-133.0,0.21,981,154.0,,-0.99
15,candle,mid,3.0,with,True,0.05,120,-0.73,962,-119.0,0.23,823,149.0,,-0.73
15,candle,mid,10.0,,False,0.0,120,-0.63,2741,-157.0,-0.41,2019,-141.0,,-0.63
15,candle,mid,10.0,,False,0.05,120,-0.4,2313,-157.0,-0.12,1693,-57.0,,-0.4
15,candle,mid,10.0,,True,0.0,120,-0.48,2573,-157.0,0.04,1909,21.0,,-0.48
15,candle,mid,10.0,,True,0.05,120,-0.4,2211,-157.0,0.26,1613,245.0,,-0.4
15,candle,mid,10.0,with,False,0.0,120,-0.4,1234,-157.0,0.23,1019,159.0,,-0.4
15,candle,mid,10.0,with,False,0.05,120,-0.22,1027,-65.0,0.16,851,91.0,,-0.22
15,candle,mid,10.0,with,True,0.0,120,-0.23,1128,-62.0,0.39,980,298.0,,-0.23
15,candle,mid,10.0,with,True,0.05,120,0.02,962,7.0,0.34,822,265.0,,0.02
15,candle,atr,,,False,0.0,120,-0.28,3116,-94.0,0.53,2299,399.0,0.1,-0.28
15,candle,atr,,,False,0.05,120,-0.11,2463,-42.0,0.63,1812,581.0,0.1,-0.11
15,candle,atr,,,True,0.0,120,-0.34,2601,-104.0,0.48,1924,383.0,0.1,-0.34
15,candle,atr,,,True,0.05,120,-0.13,2227,-48.0,0.61,1620,513.0,0.1,-0.13
15,candle,atr,,with,False,0.0,120,0.56,1430,417.0,0.73,1144,715.0,0.1,0.56
15,candle,atr,,with,False,0.05,120,0.74,1098,773.0,0.83,904,996.0,0.1,0.74
15,candle,atr,,with,True,0.0,120,0.52,1139,422.0,0.71,989,717.0,0.1,0.52
15,candle,atr,,with,True,0.05,120,0.69,968,613.0,0.76,825,838.0,0.1,0.69
15,candle,atr,3.0,,False,0.0,120,-1.21,3116,-153.0,-0.17,2300,-82.0,0.1,-1.21
15,candle,atr,3.0,,False,0.05,120,-0.82,2463,-149.0,0.07,1813,40.0,0.1,-0.82
15,candle,atr,3.0,,True,0.0,120,-1.03,2601,-153.0,-0.16,1925,-77.0,0.1,-1.03
15,candle,atr,3.0,,True,0.05,120,-0.69,2227,-149.0,0.02,1621,12.0,0.1,-0.69
15,candle,atr,3.0,with,False,0.0,120,-0.49,1430,-101.0,0.38,1145,275.0,0.1,-0.49
15,candle,atr,3.0,with,False,0.05,120,-0.22,1098,-59.0,0.51,905,420.0,0.1,-0.22
15,candle,atr,3.0,with,True,0.0,120,-0.45,1139,-101.0,0.42,990,357.0,0.1,-0.45
15,candle,atr,3.0,with,True,0.05,120,-0.15,968,-42.0,0.43,826,385.0,0.1,-0.15
15,candle,atr,10.0,,False,0.0,120,-0.21,3116,-79.0,0.53,2299,456.0,0.1,-0.21
15,candle,atr,10.0,,False,0.05,120,0.0,2463,0.0,0.71,1812,840.0,0.1,0.0
15,candle,atr,10.0,,True,0.0,120,-0.23,2601,-84.0,0.51,1924,487.0,0.1,-0.23
15,candle,atr,10.0,,True,0.05,120,0.01,2227,2.0,0.68,1620,722.0,0.1,0.01
15,candle,atr,10.0,with,False,0.0,120,0.53,1430,377.0,0.84,1144,1018.0,0.1,0.53
15,candle,atr,10.0,with,False,0.05,120,0.74,1098,747.0,0.92,904,1449.0,0.1,0.74
15,candle,atr,10.0,with,True,0.0,120,0.52,1139,378.0,0.81,989,1015.0,0.1,0.52
15,candle,atr,10.0,with,True,0.05,120,0.71,968,587.0,0.86,825,1172.0,0.1,0.71
15,candle,atr,,,False,0.0,120,-0.0,3112,-1.0,0.86,2297,1005.0,0.25,-0.0
15,candle,atr,,,False,0.05,120,0.01,2461,6.0,0.7,1810,907.0,0.25,0.01
15,candle,atr,,,True,0.0,120,-0.06,2599,-34.0,0.73,1922,617.0,0.25,-0.06
15,candle,atr,,,True,0.05,120,0.02,2226,14.0,0.62,1618,511.0,0.25,0.02
15,candle,atr,,with,False,0.0,120,0.66,1427,669.0,0.98,1142,1764.0,0.25,0.66
15,candle,atr,,with,False,0.05,120,0.68,1097,755.0,0.84,902,1196.0,0.25,0.68
15,candle,atr,,with,True,0.0,120,0.65,1138,692.0,0.83,987,782.0,0.25,0.65
15,candle,atr,,with,True,0.05,120,0.71,968,796.0,0.69,823,621.0,0.25,0.69
15,candle,atr,3.0,,False,0.0,120,0.05,3112,26.0,0.83,2297,962.0,0.25,0.05
15,candle,atr,3.0,,False,0.05,120,0.16,2461,105.0,0.73,1810,869.0,0.25,0.16
15,candle,atr,3.0,,True,0.0,120,0.09,2599,60.0,0.79,1922,722.0,0.25,0.09
15,candle,atr,3.0,,True,0.05,120,0.22,2226,152.0,0.72,1618,565.0,0.25,0.22
15,candle,atr,3.0,with,False,0.0,120,0.43,1427,247.0,1.03,1142,1509.0,0.25,0.43
15,candle,atr,3.0,with,False,0.05,120,0.51,1097,424.0,0.85,902,1172.0,0.25,0.51
15,candle,atr,3.0,with,True,0.0,120,0.5,1138,442.0,0.92,987,902.0,0.25,0.5
15,candle,atr,3.0,with,True,0.05,120,0.59,968,606.0,0.76,823,645.0,0.25,0.59
15,candle,atr,10.0,,False,0.0,120,0.0,3112,1.0,0.92,2297,1097.0,0.25,0.0
15,candle,atr,10.0,,False,0.05,120,0.01,2461,8.0,0.77,1810,1016.0,0.25,0.01
15,candle,atr,10.0,,True,0.0,120,-0.06,2599,-32.0,0.78,1922,674.0,0.25,-0.06
15,candle,atr,10.0,,True,0.05,120,0.03,2226,16.0,0.69,1618,570.0,0.25,0.03
15,candle,atr,10.0,with,False,0.0,120,0.67,1427,673.0,1.03,1142,1880.0,0.25,0.67
15,candle,atr,10.0,with,False,0.05,120,0.68,1097,760.0,0.89,902,1296.0,0.25,0.68
15,candle,atr,10.0,with,True,0.0,120,0.65,1138,697.0,0.89,987,848.0,0.25,0.65
15,candle,atr,10.0,with,True,0.05,120,0.71,968,802.0,0.75,823,689.0,0.25,0.71
30,stop,or,,,False,0.0,120,-0.4,3072,-129.0,0.71,2191,1069.0,,-0.4
30,stop,or,,,False,0.0,240,-0.36,3148,-127.0,0.65,2267,921.0,,-0.36
30,stop,or,,,True,0.0,120,-0.35,3040,-123.0,0.73,2171,1099.0,,-0.35
30,stop,or,,,True,0.0,240,-0.31,3116,-121.0,0.67,2247,949.0,,-0.31
30,stop,or,,with,False,0.0,120,0.15,1537,79.0,0.68,1098,911.0,,0.15
30,stop,or,,with,False,0.0,240,0.21,1573,129.0,0.64,1137,797.0,,0.21
30,stop,or,,with,True,0.0,120,0.17,1523,100.0,0.67,1090,899.0,,0.17
30,stop,or,,with,True,0.0,240,0.24,1559,157.0,0.63,1129,786.0,,0.24
30,stop,or,3.0,,False,0.0,120,-0.41,3073,-126.0,0.69,2191,936.0,,-0.41
30,stop,or,3.0,,False,0.0,240,-0.37,3149,-124.0,0.66,2267,835.0,,-0.37
30,stop,or,3.0,,True,0.0,120,-0.36,3041,-120.0,0.72,2171,962.0,,-0.36
30,stop,or,3.0,,True,0.0,240,-0.32,3117,-117.0,0.68,2247,859.0,,-0.32
30,stop,or,3.0,with,False,0.0,120,0.06,1537,31.0,0.67,1098,817.0,,0.06
30,stop,or,3.0,with,False,0.0,240,0.13,1573,74.0,0.66,1137,757.0,,0.13
30,stop,or,3.0,with,True,0.0,120,0.08,1523,46.0,0.67,1090,806.0,,0.08
30,stop,or,3.0,with,True,0.0,240,0.15,1559,95.0,0.66,1129,746.0,,0.15
30,stop,or,10.0,,False,0.0,120,-0.4,3072,-129.0,0.7,2191,1044.0,,-0.4
30,stop,or,10.0,,False,0.0,240,-0.36,3148,-127.0,0.64,2267,898.0,,-0.36
30,stop,or,10.0,,True,0.0,120,-0.35,3040,-123.0,0.72,2171,1074.0,,-0.35
30,stop,or,10.0,,True,0.0,240,-0.31,3116,-121.0,0.66,2247,926.0,,-0.31
30,stop,or,10.0,with,False,0.0,120,0.15,1537,79.0,0.68,1098,911.0,,0.15
30,stop,or,10.0,with,False,0.0,240,0.21,1573,129.0,0.64,1137,797.0,,0.21
30,stop,or,10.0,with,True,0.0,120,0.17,1523,100.0,0.67,1090,899.0,,0.17
30,stop,or,10.0,with,True,0.0,240,0.24,1559,157.0,0.63,1129,786.0,,0.24
30,stop,mid,,,False,0.0,120,-0.22,3072,-79.0,0.51,2191,605.0,,-0.22
30,stop,mid,,,False,0.0,240,-0.17,3148,-68.0,0.46,2267,514.0,,-0.17
30,stop,mid,,,True,0.0,120,-0.15,3040,-57.0,0.58,2171,689.0,,-0.15
30,stop,mid,,,True,0.0,240,-0.1,3116,-43.0,0.53,2247,592.0,,-0.1
30,stop,mid,,with,False,0.0,120,0.34,1537,188.0,0.68,1098,730.0,,0.34
30,stop,mid,,with,False,0.0,240,0.42,1573,284.0,0.64,1137,627.0,,0.42
30,stop,mid,,with,True,0.0,120,0.41,1523,249.0,0.72,1090,762.0,,0.41
30,stop,mid,,with,True,0.0,240,0.49,1559,371.0,0.68,1129,656.0,,0.49
30,stop,mid,3.0,,False,0.0,120,-0.45,3073,-127.0,0.45,2191,320.0,,-0.45
30,stop,mid,3.0,,False,0.0,240,-0.39,3149,-125.0,0.41,2267,261.0,,-0.39
30,stop,mid,3.0,,True,0.0,120,-0.37,3041,-121.0,0.51,2171,357.0,,-0.37
30,stop,mid,3.0,,True,0.0,240,-0.32,3117,-113.0,0.47,2247,294.0,,-0.32
30,stop,mid,3.0,with,False,0.0,120,0.05,1537,20.0,0.78,1098,832.0,,0.05
30,stop,mid,3.0,with,False,0.0,240,0.14,1573,66.0,0.77,1137,737.0,,0.14
30,stop,mid,3.0,with,True,0.0,120,0.11,1523,49.0,0.82,1090,870.0,,0.11
30,stop,mid,3.0,with,True,0.0,240,0.21,1559,105.0,0.81,1129,771.0,,0.21
30,stop,mid,10.0,,False,0.0,120,-0.21,3072,-75.0,0.53,2191,618.0,,-0.21
30,stop,mid,10.0,,False,0.0,240,-0.16,3148,-63.0,0.48,2267,514.0,,-0.16
30,stop,mid,10.0,,True,0.0,120,-0.14,3040,-55.0,0.6,2171,702.0,,-0.14
30,stop,mid,10.0,,True,0.0,240,-0.1,3116,-41.0,0.55,2247,591.0,,-0.1
30,stop,mid,10.0,with,False,0.0,120,0.33,1537,177.0,0.7,1098,749.0,,0.33
30,stop,mid,10.0,with,False,0.0,240,0.41,1573,267.0,0.66,1137,645.0,,0.41
30,stop,mid,10.0,with,True,0.0,120,0.4,1523,234.0,0.73,1090,781.0,,0.4
30,stop,mid,10.0,with,True,0.0,240,0.48,1559,349.0,0.69,1129,673.0,,0.48
30,stop,atr,,,False,0.0,120,-0.96,3073,-140.0,-0.05,2191,-30.0,0.1,-0.96
30,stop,atr,,,False,0.0,240,-0.95,3150,-140.0,-0.06,2267,-32.0,0.1,-0.95
30,stop,atr,,,True,0.0,120,-0.86,3041,-138.0,0.04,2171,25.0,0.1,-0.86
30,stop,atr,,,True,0.0,240,-0.84,3118,-137.0,0.03,2247,18.0,0.1,-0.84
30,stop,atr,,with,False,0.0,120,0.03,1537,13.0,0.4,1098,457.0,0.1,0.03
30,stop,atr,,with,False,0.0,240,0.08,1573,34.0,0.4,1137,409.0,0.1,0.08
30,stop,atr,,with,True,0.0,120,0.1,1523,44.0,0.46,1090,527.0,0.1,0.1
30,stop,atr,,with,True,0.0,240,0.15,1559,69.0,0.46,1129,471.0,0.1,0.15
30,stop,atr,3.0,,False,0.0,120,-1.62,3073,-150.0,-0.82,2191,-188.0,0.1,-1.62
30,stop,atr,3.0,,False,0.0,240,-1.55,3150,-150.0,-0.8,2267,-187.0,0.1,-1.55
30,stop,atr,3.0,,True,0.0,120,-1.47,3041,-149.0,-0.67,2171,-177.0,0.1,-1.47
30,stop,atr,3.0,,True,0.0,240,-1.41,3118,-148.0,-0.66,2247,-178.0,0.1,-1.41
30,stop,atr,3.0,with,False,0.0,120,-0.8,1537,-143.0,0.15,1098,145.0,0.1,-0.8
30,stop,atr,3.0,with,False,0.0,240,-0.71,1573,-134.0,0.16,1137,137.0,0.1,-0.71
30,stop,atr,3.0,with,True,0.0,120,-0.71,1523,-133.0,0.24,1090,228.0,0.1,-0.71
30,stop,atr,3.0,with,True,0.0,240,-0.62,1559,-123.0,0.24,1129,214.0,0.1,-0.62
30,stop,atr,10.0,,False,0.0,120,-0.83,3073,-140.0,-0.14,2191,-82.0,0.1,-0.83
30,stop,atr,10.0,,False,0.0,240,-0.79,3150,-139.0,-0.14,2267,-78.0,0.1,-0.79
30,stop,atr,10.0,,True,0.0,120,-0.72,3041,-137.0,-0.04,2171,-24.0,0.1,-0.72
30,stop,atr,10.0,,True,0.0,240,-0.68,3118,-136.0,-0.04,2247,-25.0,0.1,-0.68
30,stop,atr,10.0,with,False,0.0,120,0.02,1537,8.0,0.52,1098,749.0,0.1,0.02
30,stop,atr,10.0,with,False,0.0,240,0.1,1573,45.0,0.52,1137,692.0,0.1,0.1
30,stop,atr,10.0,with,True,0.0,120,0.09,1523,42.0,0.59,1090,888.0,0.1,0.09
30,stop,atr,10.0,with,True,0.0,240,0.17,1559,85.0,0.58,1129,770.0,0.1,0.17
30,stop,atr,,,False,0.0,120,-0.27,3072,-107.0,0.75,2191,1056.0,0.25,-0.27
30,stop,atr,,,False,0.0,240,-0.23,3148,-101.0,0.68,2267,795.0,0.25,-0.23
30,stop,atr,,,True,0.0,120,-0.23,3040,-97.0,0.8,2171,1113.0,0.25,-0.23
30,stop,atr,,,True,0.0,240,-0.18,3116,-90.0,0.73,2247,843.0,0.25,-0.18
30,stop,atr,,with,False,0.0,120,0.29,1537,165.0,0.88,1098,871.0,0.25,0.29
30,stop,atr,,with,False,0.0,240,0.35,1573,231.0,0.83,1137,717.0,0.25,0.35
30,stop,atr,,with,True,0.0,120,0.32,1523,191.0,0.89,1090,877.0,0.25,0.32
30,stop,atr,,with,True,0.0,240,0.38,1559,266.0,0.83,1129,723.0,0.25,0.38
30,stop,atr,3.0,,False,0.0,120,-0.05,3073,-34.0,0.66,2191,638.0,0.25,-0.05
30,stop,atr,3.0,,False,0.0,240,0.01,3149,5.0,0.6,2267,490.0,0.25,0.01
30,stop,atr,3.0,,True,0.0,120,-0.02,3041,-13.0,0.7,2171,678.0,0.25,-0.02
30,stop,atr,3.0,,True,0.0,240,0.04,3117,27.0,0.64,2247,524.0,0.25,0.04
30,stop,atr,3.0,with,False,0.0,120,0.21,1537,130.0,1.02,1098,1119.0,0.25,0.21
30,stop,atr,3.0,with,False,0.0,240,0.29,1573,211.0,0.98,1137,931.0,0.25,0.29
30,stop,atr,3.0,with,True,0.0,120,0.24,1523,156.0,1.03,1090,1119.0,0.25,0.24
30,stop,atr,3.0,with,True,0.0,240,0.32,1559,247.0,0.99,1129,931.0,0.25,0.32
30,stop,atr,10.0,,False,0.0,120,-0.27,3072,-107.0,0.75,2191,994.0,0.25,-0.27
30,stop,atr,10.0,,False,0.0,240,-0.23,3148,-101.0,0.68,2267,755.0,0.25,-0.23
30,stop,atr,10.0,,True,0.0,120,-0.23,3040,-97.0,0.79,2171,1048.0,0.25,-0.23
30,stop,atr,10.0,,True,0.0,240,-0.18,3116,-90.0,0.72,2247,800.0,0.25,-0.18
30,stop,atr,10.0,with,False,0.0,120,0.29,1537,165.0,0.89,1098,873.0,0.25,0.29
30,stop,atr,10.0,with,False,0.0,240,0.35,1573,231.0,0.83,1137,720.0,0.25,0.35
30,stop,atr,10.0,with,True,0.0,120,0.32,1523,191.0,0.9,1090,880.0,0.25,0.32
30,stop,atr,10.0,with,True,0.0,240,0.38,1559,266.0,0.84,1129,725.0,0.25,0.38
30,close,or,,,False,0.0,120,-0.76,2993,-147.0,0.46,2138,522.0,,-0.76
30,close,or,,,False,0.0,240,-0.72,3114,-147.0,0.39,2243,397.0,,-0.72
30,close,or,,,True,0.0,120,-0.76,2993,-147.0,0.46,2138,522.0,,-0.76
30,close,or,,,True,0.0,240,-0.72,3114,-147.0,0.39,2243,397.0,,-0.72
30,close,or,,with,False,0.0,120,-0.08,1485,-43.0,0.62,1064,886.0,,-0.08
30,close,or,,with,False,0.0,240,-0.02,1540,-12.0,0.6,1115,902.0,,-0.02
30,close,or,,with,True,0.0,120,-0.08,1485,-43.0,0.62,1064,886.0,,-0.08
30,close,or,,with,True,0.0,240,-0.02,1540,-12.0,0.6,1115,902.0,,-0.02
30,close,or,3.0,,False,0.0,120,-0.75,2993,-146.0,0.42,2138,382.0,,-0.75
30,close,or,3.0,,False,0.0,240,-0.71,3114,-145.0,0.34,2243,280.0,,-0.71
30,close,or,3.0,,True,0.0,120,-0.75,2993,-146.0,0.42,2138,382.0,,-0.75
30,close,or,3.0,,True,0.0,240,-0.71,3114,-145.0,0.34,2243,280.0,,-0.71
30,close,or,3.0,with,False,0.0,120,-0.13,1485,-67.0,0.58,1064,811.0,,-0.13
30,close,or,3.0,with,False,0.0,240,-0.06,1540,-35.0,0.55,1115,742.0,,-0.06
30,close,or,3.0,with,True,0.0,120,-0.13,1485,-67.0,0.58,1064,811.0,,-0.13
30,close,or,3.0,with,True,0.0,240,-0.06,1540,-35.0,0.55,1115,742.0,,-0.06
30,close,or,10.0,,False,0.0,120,-0.76,2993,-147.0,0.45,2138,490.0,,-0.76
30,close,or,10.0,,False,0.0,240,-0.72,3114,-147.0,0.37,2243,350.0,,-0.72
30,close,or,10.0,,True,0.0,120,-0.76,2993,-147.0,0.45,2138,490.0,,-0.76
30,close,or,10.0,,True,0.0,240,-0.72,3114,-147.0,0.37,2243,350.0,,-0.72
30,close,or,10.0,with,False,0.0,120,-0.08,1485,-43.0,0.62,1064,886.0,,-0.08
30,close,or,10.0,with,False,0.0,240,-0.02,1540,-12.0,0.6,1115,902.0,,-0.02
30,close,or,10.0,with,True,0.0,120,-0.08,1485,-43.0,0.62,1064,886.0,,-0.08
30,close,or,10.0,with,True,0.0,240,-0.02,1540,-12.0,0.6,1115,902.0,,-0.02
30,close,mid,,,False,0.0,120,-0.65,3000,-137.0,0.28,2138,342.0,,-0.65
30,close,mid,,,False,0.0,240,-0.61,3121,-135.0,0.21,2243,218.0,,-0.61
30,close,mid,,,True,0.0,120,-0.65,3000,-137.0,0.28,2138,342.0,,-0.65
30,close,mid,,,True,0.0,240,-0.61,3121,-135.0,0.21,2243,218.0,,-0.61
30,close,mid,,with,False,0.0,120,0.13,1489,64.0,0.63,1064,973.0,,0.13
30,close,mid,,with,False,0.0,240,0.21,1544,123.0,0.6,1115,787.0,,0.21
30,close,mid,,with,True,0.0,120,0.13,1489,64.0,0.63,1064,973.0,,0.13
30,close,mid,,with,True,0.0,240,0.21,1544,123.0,0.6,1115,787.0,,0.21
30,close,mid,3.0,,False,0.0,120,-0.7,3000,-138.0,0.08,2138,48.0,,-0.7
30,close,mid,3.0,,False,0.0,240,-0.64,3121,-136.0,0.01,2243,7.0,,-0.64
30,close,mid,3.0,,True,0.0,120,-0.7,3000,-138.0,0.08,2138,48.0,,-0.7
30,close,mid,3.0,,True,0.0,240,-0.64,3121,-136.0,0.01,2243,7.0,,-0.64
30,close,mid,3.0,with,False,0.0,120,-0.12,1489,-42.0,0.7,1064,957.0,,-0.12
30,close,mid,3.0,with,False,0.0,240,-0.02,1544,-8.0,0.69,1115,823.0,,-0.02
30,close,mid,3.0,with,True,0.0,120,-0.12,1489,-42.0,0.7,1064,957.0,,-0.12
30,close,mid,3.0,with,True,0.0,240,-0.02,1544,-8.0,0.69,1115,823.0,,-0.02
30,close,mid,10.0,,False,0.0,120,-0.66,3000,-137.0,0.29,2138,326.0,,-0.66
30,close,mid,10.0,,False,0.0,240,-0.62,3121,-135.0,0.22,2243,202.0,,-0.62
30,close,mid,10.0,,True,0.0,120,-0.66,3000,-137.0,0.29,2138,326.0,,-0.66
30,close,mid,10.0,,True,0.0,240,-0.62,3121,-135.0,0.22,2243,202.0,,-0.62
30,close,mid,10.0,with,False,0.0,120,0.13,1489,64.0,0.64,1064,999.0,,0.13
30,close,mid,10.0,with,False,0.0,240,0.21,1544,123.0,0.62,1115,808.0,,0.21
30,close,mid,10.0,with,True,0.0,120,0.13,1489,64.0,0.64,1064,999.0,,0.13
30,close,mid,10.0,with,True,0.0,240,0.21,1544,123.0,0.62,1115,808.0,,0.21
30,close,atr,,,False,0.0,120,-0.73,3000,-140.0,-0.12,2138,-85.0,0.1,-0.73
30,close,atr,,,False,0.0,240,-0.75,3121,-142.0,-0.14,2243,-86.0,0.1,-0.75
30,close,atr,,,True,0.0,120,-0.73,3000,-140.0,-0.12,2138,-85.0,0.1,-0.73
30,close,atr,,,True,0.0,240,-0.75,3121,-142.0,-0.14,2243,-86.0,0.1,-0.75
30,close,atr,,with,False,0.0,120,0.16,1489,124.0,0.46,1064,494.0,0.1,0.16
30,close,atr,,with,False,0.0,240,0.18,1544,156.0,0.5,1115,497.0,0.1,0.18
30,close,atr,,with,True,0.0,120,0.16,1489,124.0,0.46,1064,494.0,0.1,0.16
30,close,atr,,with,True,0.0,240,0.18,1544,156.0,0.5,1115,497.0,0.1,0.18
30,close,atr,3.0,,False,0.0,120,-1.31,3002,-149.0,-0.52,2138,-209.0,0.1,-1.31
30,close,atr,3.0,,False,0.0,240,-1.24,3123,-149.0,-0.55,2243,-207.0,0.1,-1.24
30,close,atr,3.0,,True,0.0,120,-1.31,3002,-149.0,-0.52,2138,-209.0,0.1,-1.31
30,close,atr,3.0,,True,0.0,240,-1.24,3123,-149.0,-0.55,2243,-207.0,0.1,-1.24
30,close,atr,3.0,with,False,0.0,120,-0.7,1491,-136.0,0.33,1064,329.0,0.1,-0.7
30,close,atr,3.0,with,False,0.0,240,-0.59,1546,-133.0,0.32,1115,295.0,0.1,-0.59
30,close,atr,3.0,with,True,0.0,120,-0.7,1491,-136.0,0.33,1064,329.0,0.1,-0.7
30,close,atr,3.0,with,True,0.0,240,-0.59,1546,-133.0,0.32,1115,295.0,0.1,-0.59
30,close,atr,10.0,,False,0.0,120,-0.65,3000,-143.0,-0.25,2138,-139.0,0.1,-0.65
30,close,atr,10.0,,False,0.0,240,-0.66,3121,-145.0,-0.27,2243,-131.0,0.1,-0.66
30,close,atr,10.0,,True,0.0,120,-0.65,3000,-143.0,-0.25,2138,-139.0,0.1,-0.65
30,close,atr,10.0,,True,0.0,240,-0.66,3121,-145.0,-0.27,2243,-131.0,0.1,-0.66
30,close,atr,10.0,with,False,0.0,120,0.12,1489,94.0,0.51,1064,573.0,0.1,0.12
30,close,atr,10.0,with,False,0.0,240,0.15,1544,134.0,0.55,1115,552.0,0.1,0.15
30,close,atr,10.0,with,True,0.0,120,0.12,1489,94.0,0.51,1064,573.0,0.1,0.12
30,close,atr,10.0,with,True,0.0,240,0.15,1544,134.0,0.55,1115,552.0,0.1,0.15
30,close,atr,,,False,0.0,120,-0.62,3000,-135.0,0.53,2138,810.0,0.25,-0.62
30,close,atr,,,False,0.0,240,-0.61,3121,-135.0,0.43,2243,609.0,0.25,-0.61
30,close,atr,,,True,0.0,120,-0.62,3000,-135.0,0.53,2138,810.0,0.25,-0.62
30,close,atr,,,True,0.0,240,-0.61,3121,-135.0,0.43,2243,609.0,0.25,-0.61
30,close,atr,,with,False,0.0,120,0.04,1489,20.0,0.89,1064,1194.0,0.25,0.04
30,close,atr,,with,False,0.0,240,0.09,1544,48.0,0.83,1115,1057.0,0.25,0.09
30,close,atr,,with,True,0.0,120,0.04,1489,20.0,0.89,1064,1194.0,0.25,0.04
30,close,atr,,with,True,0.0,240,0.09,1544,48.0,0.83,1115,1057.0,0.25,0.09
30,close,atr,3.0,,False,0.0,120,-0.42,3000,-133.0,0.41,2138,432.0,0.25,-0.42
30,close,atr,3.0,,False,0.0,240,-0.39,3121,-131.0,0.29,2243,226.0,0.25,-0.39
30,close,atr,3.0,,True,0.0,120,-0.42,3000,-133.0,0.41,2138,432.0,0.25,-0.42
30,close,atr,3.0,,True,0.0,240,-0.39,3121,-131.0,0.29,2243,226.0,0.25,-0.39
30,close,atr,3.0,with,False,0.0,120,0.03,1489,17.0,0.99,1064,1380.0,0.25,0.03
30,close,atr,3.0,with,False,0.0,240,0.1,1544,59.0,0.92,1115,1135.0,0.25,0.1
30,close,atr,3.0,with,True,0.0,120,0.03,1489,17.0,0.99,1064,1380.0,0.25,0.03
30,close,atr,3.0,with,True,0.0,240,0.1,1544,59.0,0.92,1115,1135.0,0.25,0.1
30,close,atr,10.0,,False,0.0,120,-0.62,3000,-135.0,0.52,2138,801.0,0.25,-0.62
30,close,atr,10.0,,False,0.0,240,-0.61,3121,-135.0,0.42,2243,601.0,0.25,-0.61
30,close,atr,10.0,,True,0.0,120,-0.62,3000,-135.0,0.52,2138,801.0,0.25,-0.62
30,close,atr,10.0,,True,0.0,240,-0.61,3121,-135.0,0.42,2243,601.0,0.25,-0.61
30,close,atr,10.0,with,False,0.0,120,0.04,1489,20.0,0.89,1064,1199.0,0.25,0.04
30,close,atr,10.0,with,False,0.0,240,0.09,1544,48.0,0.83,1115,1062.0,0.25,0.09
30,close,atr,10.0,with,True,0.0,120,0.04,1489,20.0,0.89,1064,1199.0,0.25,0.04
30,close,atr,10.0,with,True,0.0,240,0.09,1544,48.0,0.83,1115,1062.0,0.25,0.09
30,candle,or,,,False,0.0,120,0.08,3133,48.0,0.23,2305,157.0,,0.08
30,candle,or,,,False,0.05,120,-0.03,2620,-18.0,0.54,1932,532.0,,-0.03
30,candle,or,,,True,0.0,120,0.07,2577,70.0,0.51,1925,437.0,,0.07
30,candle,or,,,True,0.05,120,0.02,2292,12.0,0.63,1713,584.0,,0.02
30,candle,or,,with,False,0.0,120,0.74,1507,790.0,0.04,1142,28.0,,0.04
30,candle,or,,with,False,0.05,120,0.76,1244,974.0,0.44,968,485.0,,0.44
30,candle,or,,with,True,0.0,120,0.76,1233,1097.0,0.44,980,366.0,,0.44
30,candle,or,,with,True,0.05,120,0.8,1085,905.0,0.54,877,473.0,,0.54
30,candle,or,3.0,,False,0.0,120,-0.38,3136,-117.0,0.38,2305,277.0,,-0.38
30,candle,or,3.0,,False,0.05,120,-0.2,2622,-86.0,0.55,1932,513.0,,-0.2
30,candle,or,3.0,,True,0.0,120,-0.3,2579,-109.0,0.47,1925,372.0,,-0.3
30,candle,or,3.0,,True,0.05,120,-0.24,2294,-102.0,0.64,1713,562.0,,-0.24
30,candle,or,3.0,with,False,0.0,120,0.31,1509,183.0,0.27,1142,208.0,,0.27
30,candle,or,3.0,with,False,0.05,120,0.51,1245,437.0,0.62,968,606.0,,0.51
30,candle,or,3.0,with,True,0.0,120,0.39,1234,309.0,0.57,980,465.0,,0.39
30,candle,or,3.0,with,True,0.05,120,0.54,1086,463.0,0.71,877,594.0,,0.54
30,candle,or,10.0,,False,0.0,120,0.04,3133,24.0,0.29,2305,234.0,,0.04
30,candle,or,10.0,,False,0.05,120,-0.07,2620,-35.0,0.52,1932,495.0,,-0.07
30,candle,or,10.0,,True,0.0,120,0.07,2577,66.0,0.5,1925,423.0,,0.07
30,candle,or,10.0,,True,0.05,120,0.02,2292,10.0,0.62,1713,567.0,,0.02
30,candle,or,10.0,with,False,0.0,120,0.75,1507,761.0,0.06,1142,43.0,,0.06
30,candle,or,10.0,with,False,0.05,120,0.74,1244,931.0,0.44,968,485.0,,0.44
30,candle,or,10.0,with,True,0.0,120,0.76,1233,1094.0,0.44,980,366.0,,0.44
30,candle,or,10.0,with,True,0.05,120,0.8,1085,905.0,0.54,877,473.0,,0.54
30,candle,mid,,,False,0.0,120,-0.47,2716,-157.0,0.18,1986,197.0,,-0.47
30,candle,mid,,,False,0.05,120,-0.38,2389,-157.0,0.29,1763,391.0,,-0.38
30,candle,mid,,,True,0.0,120,-0.28,2536,-157.0,0.1,1907,98.0,,-0.28
30,candle,mid,,,True,0.05,120,-0.21,2263,-75.0,0.13,1706,127.0,,-0.21
30,candle,mid,,with,False,0.0,120,-0.28,1318,-157.0,0.19,1012,179.0,,-0.28
30,candle,mid,,with,False,0.05,120,-0.28,1145,-157.0,0.34,902,362.0,,-0.28
30,candle,mid,,with,True,0.0,120,0.47,1214,659.0,0.35,973,390.0,,0.35
30,candle,mid,,with,True,0.05,120,0.51,1074,442.0,0.41,874,464.0,,0.41
30,candle,mid,3.0,,False,0.0,120,-0.47,2717,-157.0,-1.0,1986,-204.0,,-1.0
30,candle,mid,3.0,,False,0.05,120,-0.38,2390,-157.0,-0.69,1763,-189.0,,-0.69
30,candle,mid,3.0,,True,0.0,120,-0.28,2537,-157.0,-0.74,1907,-195.0,,-0.74
30,candle,mid,3.0,,True,0.05,120,-1.12,2264,-150.0,-0.54,1706,-181.0,,-1.12
30,candle,mid,3.0,with,False,0.0,120,-0.28,1318,-157.0,0.02,1012,13.0,,-0.28
30,candle,mid,3.0,with,False,0.05,120,-0.28,1145,-157.0,0.3,902,300.0,,-0.28
30,candle,mid,3.0,with,True,0.0,120,-0.68,1214,-136.0,0.22,973,216.0,,-0.68
30,candle,mid,3.0,with,True,0.05,120,-0.2,1074,-55.0,0.41,874,430.0,,-0.2
30,candle,mid,10.0,,False,0.0,120,-0.47,2716,-157.0,-0.21,1986,-111.0,,-0.47
30,candle,mid,10.0,,False,0.05,120,-0.38,2389,-157.0,-0.01,1763,-8.0,,-0.38
30,candle,mid,10.0,,True,0.0,120,-0.28,2536,-157.0,-0.12,1907,-73.0,,-0.28
30,candle,mid,10.0,,True,0.05,120,-0.41,2263,-120.0,0.04,1706,31.0,,-0.41
30,candle,mid,10.0,with,False,0.0,120,-0.28,1318,-157.0,0.18,1012,150.0,,-0.28
30,candle,mid,10.0,with,False,0.05,120,-0.28,1145,-157.0,0.34,902,334.0,,-0.28
30,candle,mid,10.0,with,True,0.0,120,0.22,1214,105.0,0.3,973,338.0,,0.22
30,candle,mid,10.0,with,True,0.05,120,0.41,1074,259.0,0.38,874,423.0,,0.38
30,candle,atr,,,False,0.0,120,0.08,3137,40.0,0.54,2306,433.0,0.1,0.08
30,candle,atr,,,False,0.05,120,-0.02,2624,-9.0,0.71,1933,662.0,0.1,-0.02
30,candle,atr,,,True,0.0,120,0.05,2581,27.0,0.58,1926,531.0,0.1,0.05
30,candle,atr,,,True,0.05,120,-0.0,2296,-3.0,0.65,1714,646.0,0.1,-0.0
30,candle,atr,,with,False,0.0,120,0.93,1509,1490.0,0.61,1143,504.0,0.1,0.61
30,candle,atr,,with,False,0.05,120,0.91,1246,1350.0,0.84,969,796.0,0.1,0.84
30,candle,atr,,with,True,0.0,120,0.87,1235,1214.0,0.75,981,665.0,0.1,0.75
30,candle,atr,,with,True,0.05,120,0.9,1087,1087.0,0.84,878,754.0,0.1,0.84
30,candle,atr,3.0,,False,0.0,120,-0.64,3139,-130.0,0.01,2306,9.0,0.1,-0.64
30,candle,atr,3.0,,False,0.05,120,-0.57,2625,-131.0,0.16,1933,143.0,0.1,-0.57
30,candle,atr,3.0,,True,0.0,120,-0.61,2582,-133.0,0.09,1926,65.0,0.1,-0.61
30,candle,atr,3.0,,True,0.05,120,-0.53,2297,-125.0,0.26,1714,256.0,0.1,-0.53
30,candle,atr,3.0,with,False,0.0,120,-0.17,1510,-50.0,0.6,1143,518.0,0.1,-0.17
30,candle,atr,3.0,with,False,0.05,120,-0.05,1246,-16.0,0.89,969,896.0,0.1,-0.05
30,candle,atr,3.0,with,True,0.0,120,-0.22,1235,-63.0,0.85,981,913.0,0.1,-0.22
30,candle,atr,3.0,with,True,0.05,120,-0.06,1087,-19.0,1.01,878,1232.0,0.1,-0.06
30,candle,atr,10.0,,False,0.0,120,0.18,3137,129.0,0.61,2306,518.0,0.1,0.18
30,candle,atr,10.0,,False,0.05,120,0.12,2624,80.0,0.81,1933,793.0,0.1,0.12
30,candle,atr,10.0,,True,0.0,120,0.13,2581,96.0,0.68,1926,669.0,0.1,0.13
30,candle,atr,10.0,,True,0.05,120,0.1,2296,82.0,0.79,1714,850.0,0.1,0.1
30,candle,atr,10.0,with,False,0.0,120,0.91,1509,1522.0,0.84,1143,712.0,0.1,0.84
30,candle,atr,10.0,with,False,0.05,120,0.93,1246,1390.0,1.07,969,1057.0,0.1,0.93
30,candle,atr,10.0,with,True,0.0,120,0.82,1235,1266.0,0.97,981,877.0,0.1,0.82
30,candle,atr,10.0,with,True,0.05,120,0.87,1087,1253.0,1.06,878,987.0,0.1,0.87
30,candle,atr,,,False,0.0,120,0.13,3131,105.0,0.54,2305,541.0,0.25,0.13
30,candle,atr,,,False,0.05,120,0.1,2619,72.0,0.69,1932,673.0,0.25,0.1
30,candle,atr,,,True,0.0,120,0.18,2575,148.0,0.65,1925,680.0,0.25,0.18
30,candle,atr,,,True,0.05,120,0.19,2291,144.0,0.78,1713,791.0,0.25,0.19
30,candle,atr,,with,False,0.0,120,0.86,1507,1066.0,0.56,1142,530.0,0.25,0.56
30,candle,atr,,with,False,0.05,120,0.95,1244,1160.0,0.72,968,684.0,0.25,0.72
30,candle,atr,,with,True,0.0,120,0.94,1233,1124.0,0.78,980,721.0,0.25,0.78
30,candle,atr,,with,True,0.05,120,1.05,1085,1436.0,0.85,877,791.0,0.25,0.85
30,candle,atr,3.0,,False,0.0,120,0.22,3133,202.0,0.55,2305,431.0,0.25,0.22
30,candle,atr,3.0,,False,0.05,120,0.3,2621,276.0,0.75,1932,573.0,0.25,0.3
30,candle,atr,3.0,,True,0.0,120,0.28,2577,255.0,0.66,1925,552.0,0.25,0.28
30,candle,atr,3.0,,True,0.05,120,0.34,2293,307.0,0.85,1713,676.0,0.25,0.34
30,candle,atr,3.0,with,False,0.0,120,0.67,1507,602.0,0.76,1142,696.0,0.25,0.67
30,candle,atr,3.0,with,False,0.05,120,0.84,1244,1005.0,1.0,968,964.0,0.25,0.84
30,candle,atr,3.0,with,True,0.0,120,0.79,1233,842.0,0.98,980,893.0,0.25,0.79
30,candle,atr,3.0,with,True,0.05,120,0.94,1085,1185.0,1.1,877,1028.0,0.25,0.94
30,candle,atr,10.0,,False,0.0,120,0.14,3131,107.0,0.57,2305,578.0,0.25,0.14
30,candle,atr,10.0,,False,0.05,120,0.1,2619,72.0,0.72,1932,711.0,0.25,0.1
30,candle,atr,10.0,,True,0.0,120,0.18,2575,148.0,0.66,1925,697.0,0.25,0.18
30,candle,atr,10.0,,True,0.05,120,0.19,2291,144.0,0.79,1713,808.0,0.25,0.19
30,candle,atr,10.0,with,False,0.0,120,0.86,1507,1071.0,0.55,1142,525.0,0.25,0.55
30,candle,atr,10.0,with,False,0.05,120,0.95,1244,1160.0,0.72,968,679.0,0.25,0.72
30,candle,atr,10.0,with,True,0.0,120,0.94,1233,1124.0,0.78,980,716.0,0.25,0.78
30,candle,atr,10.0,with,True,0.05,120,1.05,1085,1436.0,0.84,877,786.0,0.25,0.84
60,stop,or,,,False,0.0,120,-0.33,2351,-129.0,0.48,1749,568.0,,-0.33
60,stop,or,,,False,0.0,240,-0.28,2831,-113.0,0.43,2101,396.0,,-0.28
60,stop,or,,,True,0.0,120,-0.32,2350,-127.0,0.49,1748,573.0,,-0.32
60,stop,or,,,True,0.0,240,-0.29,2829,-114.0,0.43,2099,389.0,,-0.29
60,stop,or,,with,False,0.0,120,0.16,1196,115.0,0.54,897,771.0,,0.16
60,stop,or,,with,False,0.0,240,0.2,1426,180.0,0.58,1069,828.0,,0.2
60,stop,or,,with,True,0.0,120,0.17,1195,122.0,0.54,897,771.0,,0.17
60,stop,or,,with,True,0.0,240,0.19,1424,168.0,0.57,1068,813.0,,0.19
60,stop,or,3.0,,False,0.0,120,-0.31,2351,-122.0,0.47,1749,653.0,,-0.31
60,stop,or,3.0,,False,0.0,240,-0.25,2831,-112.0,0.46,2101,549.0,,-0.25
60,stop,or,3.0,,True,0.0,120,-0.3,2350,-120.0,0.48,1748,680.0,,-0.3
60,stop,or,3.0,,True,0.0,240,-0.27,2829,-112.0,0.46,2099,538.0,,-0.27
60,stop,or,3.0,with,False,0.0,120,0.14,1196,110.0,0.55,897,766.0,,0.14
60,stop,or,3.0,with,False,0.0,240,0.19,1426,179.0,0.63,1069,893.0,,0.19
60,stop,or,3.0,with,True,0.0,120,0.15,1195,117.0,0.55,897,766.0,,0.15
60,stop,or,3.0,with,True,0.0,240,0.18,1424,165.0,0.62,1068,878.0,,0.18
60,stop,or,10.0,,False,0.0,120,-0.28,2351,-125.0,0.5,1749,599.0,,-0.28
60,stop,or,10.0,,False,0.0,240,-0.23,2831,-108.0,0.45,2101,419.0,,-0.23
60,stop,or,10.0,,True,0.0,120,-0.27,2350,-123.0,0.51,1748,605.0,,-0.27
60,stop,or,10.0,,True,0.0,240,-0.24,2829,-109.0,0.44,2099,412.0,,-0.24
60,stop,or,10.0,with,False,0.0,120,0.21,1196,210.0,0.54,897,771.0,,0.21
60,stop,or,10.0,with,False,0.0,240,0.25,1426,280.0,0.58,1069,828.0,,0.25
60,stop,or,10.0,with,True,0.0,120,0.22,1195,219.0,0.54,897,771.0,,0.22
60,stop,or,10.0,with,True,0.0,240,0.24,1424,270.0,0.57,1068,813.0,,0.24
60,stop,mid,,,False,0.0,120,0.13,2351,70.0,0.5,1749,543.0,,0.13
60,stop,mid,,,False,0.0,240,0.12,2832,68.0,0.41,2101,493.0,,0.12
60,stop,mid,,,True,0.0,120,0.14,2350,74.0,0.5,1748,548.0,,0.14
60,stop,mid,,,True,0.0,240,0.13,2830,74.0,0.42,2099,537.0,,0.13
60,stop,mid,,with,False,0.0,120,0.6,1196,649.0,0.76,897,1224.0,,0.6
60,stop,mid,,with,False,0.0,240,0.61,1426,774.0,0.73,1069,1324.0,,0.61
60,stop,mid,,with,True,0.0,120,0.61,1195,685.0,0.76,897,1224.0,,0.61
60,stop,mid,,with,True,0.0,240,0.62,1424,829.0,0.74,1068,1341.0,,0.62
60,stop,mid,3.0,,False,0.0,120,-0.14,2351,-53.0,0.76,1749,1121.0,,-0.14
60,stop,mid,3.0,,False,0.0,240,-0.08,2832,-34.0,0.64,2101,778.0,,-0.08
60,stop,mid,3.0,,True,0.0,120,-0.14,2350,-52.0,0.77,1748,1129.0,,-0.14
60,stop,mid,3.0,,True,0.0,240,-0.07,2830,-30.0,0.65,2099,793.0,,-0.07
60,stop,mid,3.0,with,False,0.0,120,0.27,1196,242.0,0.93,897,1275.0,,0.27
60,stop,mid,3.0,with,False,0.0,240,0.31,1426,314.0,0.88,1069,1278.0,,0.31
60,stop,mid,3.0,with,True,0.0,120,0.28,1195,259.0,0.93,897,1275.0,,0.28
60,stop,mid,3.0,with,True,0.0,240,0.32,1424,342.0,0.89,1068,1292.0,,0.32
60,stop,mid,10.0,,False,0.0,120,0.16,2351,85.0,0.55,1749,796.0,,0.16
60,stop,mid,10.0,,False,0.0,240,0.15,2832,82.0,0.46,2101,592.0,,0.15
60,stop,mid,10.0,,True,0.0,120,0.16,2350,88.0,0.55,1748,803.0,,0.16
60,stop,mid,10.0,,True,0.0,240,0.15,2830,88.0,0.47,2099,607.0,,0.15
60,stop,mid,10.0,with,False,0.0,120,0.62,1196,675.0,0.76,897,1225.0,,0.62
60,stop,mid,10.0,with,False,0.0,240,0.63,1426,805.0,0.73,1069,1324.0,,0.63
60,stop,mid,10.0,with,True,0.0,120,0.63,1195,713.0,0.76,897,1225.0,,0.63
60,stop,mid,10.0,with,True,0.0,240,0.64,1424,861.0,0.74,1068,1341.0,,0.64
60,stop,atr,,,False,0.0,120,-0.59,2351,-126.0,-0.01,1749,-10.0,0.1,-0.59
60,stop,atr,,,False,0.0,240,-0.55,2833,-120.0,-0.01,2101,-11.0,0.1,-0.55
60,stop,atr,,,True,0.0,120,-0.59,2350,-125.0,-0.0,1748,-4.0,0.1,-0.59
60,stop,atr,,,True,0.0,240,-0.54,2831,-118.0,-0.0,2099,-2.0,0.1,-0.54
60,stop,atr,,with,False,0.0,120,0.11,1196,71.0,0.47,897,513.0,0.1,0.11
60,stop,atr,,with,False,0.0,240,0.12,1426,90.0,0.5,1069,541.0,0.1,0.12
60,stop,atr,,with,True,0.0,120,0.11,1195,77.0,0.47,897,513.0,0.1,0.11
60,stop,atr,,with,True,0.0,240,0.13,1424,102.0,0.51,1068,547.0,0.1,0.13
60,stop,atr,3.0,,False,0.0,120,-1.04,2351,-152.0,-0.17,1749,-92.0,0.1,-1.04
60,stop,atr,3.0,,False,0.0,240,-0.78,2833,-137.0,-0.17,2101,-89.0,0.1,-0.78
60,stop,atr,3.0,,True,0.0,120,-1.04,2350,-152.0,-0.16,1748,-88.0,0.1,-1.04
60,stop,atr,3.0,,True,0.0,240,-0.77,2831,-135.0,-0.15,2099,-83.0,0.1,-0.77
60,stop,atr,3.0,with,False,0.0,120,-0.36,1196,-125.0,0.54,897,672.0,0.1,-0.36
60,stop,atr,3.0,with,False,0.0,240,-0.18,1426,-80.0,0.48,1069,626.0,0.1,-0.18
60,stop,atr,3.0,with,True,0.0,120,-0.35,1195,-125.0,0.54,897,672.0,0.1,-0.35
60,stop,atr,3.0,with,True,0.0,240,-0.17,1424,-73.0,0.49,1068,637.0,0.1,-0.17
60,stop,atr,10.0,,False,0.0,120,-0.56,2351,-121.0,0.23,1749,210.0,0.1,-0.56
60,stop,atr,10.0,,False,0.0,240,-0.48,2833,-109.0,0.21,2101,170.0,0.1,-0.48
60,stop,atr,10.0,,True,0.0,120,-0.56,2350,-121.0,0.23,1748,217.0,0.1,-0.56
60,stop,atr,10.0,,True,0.0,240,-0.47,2831,-107.0,0.22,2099,179.0,0.1,-0.47
60,stop,atr,10.0,with,False,0.0,120,0.14,1196,107.0,0.72,897,931.0,0.1,0.14
60,stop,atr,10.0,with,False,0.0,240,0.18,1426,154.0,0.72,1069,824.0,0.1,0.18
60,stop,atr,10.0,with,True,0.0,120,0.15,1195,116.0,0.72,897,931.0,0.1,0.15
60,stop,atr,10.0,with,True,0.0,240,0.19,1424,170.0,0.73,1068,831.0,0.1,0.19
60,stop,atr,,,False,0.0,120,0.02,2351,8.0,0.78,1749,1219.0,0.25,0.02
60,stop,atr,,,False,0.0,240,-0.07,2832,-33.0,0.73,2101,1045.0,0.25,-0.07
60,stop,atr,,,True,0.0,120,0.02,2350,10.0,0.79,1748,1227.0,0.25,0.02
60,stop,atr,,,True,0.0,240,-0.06,2830,-29.0,0.73,2099,1047.0,0.25,-0.06
60,stop,atr,,with,False,0.0,120,0.44,1196,430.0,0.96,897,1612.0,0.25,0.44
60,stop,atr,,with,False,0.0,240,0.37,1426,338.0,0.96,1069,1425.0,0.25,0.37
60,stop,atr,,with,True,0.0,120,0.45,1195,451.0,0.96,897,1612.0,0.25,0.45
60,stop,atr,,with,True,0.0,240,0.38,1424,359.0,0.96,1068,1417.0,0.25,0.38
60,stop,atr,3.0,,False,0.0,120,-0.09,2351,-40.0,0.93,1749,1146.0,0.25,-0.09
60,stop,atr,3.0,,False,0.0,240,-0.11,2832,-52.0,0.88,2101,961.0,0.25,-0.11
60,stop,atr,3.0,,True,0.0,120,-0.08,2350,-39.0,0.93,1748,1153.0,0.25,-0.08
60,stop,atr,3.0,,True,0.0,240,-0.1,2830,-48.0,0.88,2099,962.0,0.25,-0.1
60,stop,atr,3.0,with,False,0.0,120,0.27,1196,227.0,1.17,897,1949.0,0.25,0.27
60,stop,atr,3.0,with,False,0.0,240,0.21,1426,161.0,1.2,1069,1989.0,0.25,0.21
60,stop,atr,3.0,with,True,0.0,120,0.27,1195,240.0,1.17,897,1949.0,0.25,0.27
60,stop,atr,3.0,with,True,0.0,240,0.22,1424,175.0,1.2,1068,1979.0,0.25,0.22
60,stop,atr,10.0,,False,0.0,120,0.03,2351,16.0,0.77,1749,1174.0,0.25,0.03
60,stop,atr,10.0,,False,0.0,240,-0.05,2832,-26.0,0.71,2101,1007.0,0.25,-0.05
60,stop,atr,10.0,,True,0.0,120,0.04,2350,18.0,0.77,1748,1183.0,0.25,0.04
60,stop,atr,10.0,,True,0.0,240,-0.05,2830,-23.0,0.71,2099,1009.0,0.25,-0.05
60,stop,atr,10.0,with,False,0.0,120,0.46,1196,451.0,0.96,897,1612.0,0.25,0.46
60,stop,atr,10.0,with,False,0.0,240,0.39,1426,357.0,0.96,1069,1425.0,0.25,0.39
60,stop,atr,10.0,with,True,0.0,120,0.46,1195,474.0,0.96,897,1612.0,0.25,0.46
60,stop,atr,10.0,with,True,0.0,240,0.4,1424,379.0,0.96,1068,1417.0,0.25,0.4
60,close,or,,,False,0.0,120,-0.44,2195,-136.0,0.23,1645,175.0,,-0.44
60,close,or,,,False,0.0,240,-0.46,2750,-137.0,0.17,2039,122.0,,-0.46
60,close,or,,,True,0.0,120,-0.44,2195,-136.0,0.23,1645,175.0,,-0.44
60,close,or,,,True,0.0,240,-0.46,2750,-137.0,0.17,2039,122.0,,-0.46
60,close,or,,with,False,0.0,120,0.09,1123,50.0,0.44,846,625.0,,0.09
60,close,or,,with,False,0.0,240,0.1,1391,86.0,0.46,1039,647.0,,0.1
60,close,or,,with,True,0.0,120,0.09,1123,50.0,0.44,846,625.0,,0.09
60,close,or,,with,True,0.0,240,0.1,1391,86.0,0.46,1039,647.0,,0.1
60,close,or,3.0,,False,0.0,120,-0.42,2195,-137.0,0.23,1645,196.0,,-0.42
60,close,or,3.0,,False,0.0,240,-0.44,2750,-137.0,0.18,2039,127.0,,-0.44
60,close,or,3.0,,True,0.0,120,-0.42,2195,-137.0,0.23,1645,196.0,,-0.42
60,close,or,3.0,,True,0.0,240,-0.44,2750,-137.0,0.18,2039,127.0,,-0.44
60,close,or,3.0,with,False,0.0,120,0.07,1123,41.0,0.45,846,575.0,,0.07
60,close,or,3.0,with,False,0.0,240,0.09,1391,74.0,0.47,1039,603.0,,0.09
60,close,or,3.0,with,True,0.0,120,0.07,1123,41.0,0.45,846,575.0,,0.07
60,close,or,3.0,with,True,0.0,240,0.09,1391,74.0,0.47,1039,603.0,,0.09
60,close,or,10.0,,False,0.0,120,-0.38,2195,-134.0,0.23,1645,175.0,,-0.38
60,close,or,10.0,,False,0.0,240,-0.41,2750,-135.0,0.17,2039,122.0,,-0.41
60,close,or,10.0,,True,0.0,120,-0.38,2195,-134.0,0.23,1645,175.0,,-0.38
60,close,or,10.0,,True,0.0,240,-0.41,2750,-135.0,0.17,2039,122.0,,-0.41
60,close,or,10.0,with,False,0.0,120,0.15,1123,97.0,0.44,846,625.0,,0.15
60,close,or,10.0,with,False,0.0,240,0.16,1391,175.0,0.46,1039,647.0,,0.16
60,close,or,10.0,with,True,0.0,120,0.15,1123,97.0,0.44,846,625.0,,0.15
60,close,or,10.0,with,True,0.0,240,0.16,1391,175.0,0.46,1039,647.0,,0.16
60,close,mid,,,False,0.0,120,-0.02,2198,-10.0,0.27,1645,332.0,,-0.02
60,close,mid,,,False,0.0,240,-0.09,2755,-47.0,0.2,2039,232.0,,-0.09
60,close,mid,,,True,0.0,120,-0.02,2198,-10.0,0.27,1645,332.0,,-0.02
60,close,mid,,,True,0.0,240,-0.09,2755,-47.0,0.2,2039,232.0,,-0.09
60,close,mid,,with,False,0.0,120,0.47,1123,517.0,0.6,846,988.0,,0.47
60,close,mid,,with,False,0.0,240,0.46,1393,563.0,0.6,1039,1028.0,,0.46
60,close,mid,,with,True,0.0,120,0.47,1123,517.0,0.6,846,988.0,,0.47
60,close,mid,,with,True,0.0,240,0.46,1393,563.0,0.6,1039,1028.0,,0.46
60,close,mid,3.0,,False,0.0,120,-0.29,2198,-104.0,0.28,1645,344.0,,-0.29
60,close,mid,3.0,,False,0.0,240,-0.29,2755,-98.0,0.22,2039,216.0,,-0.29
60,close,mid,3.0,,True,0.0,120,-0.29,2198,-104.0,0.28,1645,344.0,,-0.29
60,close,mid,3.0,,True,0.0,240,-0.29,2755,-98.0,0.22,2039,216.0,,-0.29
60,close,mid,3.0,with,False,0.0,120,0.17,1123,141.0,0.57,846,837.0,,0.17
60,close,mid,3.0,with,False,0.0,240,0.18,1393,170.0,0.58,1039,952.0,,0.18
60,close,mid,3.0,with,True,0.0,120,0.17,1123,141.0,0.57,846,837.0,,0.17
60,close,mid,3.0,with,True,0.0,240,0.18,1393,170.0,0.58,1039,952.0,,0.18
60,close,mid,10.0,,False,0.0,120,0.0,2198,1.0,0.31,1645,423.0,,0.0
60,close,mid,10.0,,False,0.0,240,-0.07,2755,-37.0,0.24,2039,279.0,,-0.07
60,close,mid,10.0,,True,0.0,120,0.0,2198,1.0,0.31,1645,423.0,,0.0
60,close,mid,10.0,,True,0.0,240,-0.07,2755,-37.0,0.24,2039,279.0,,-0.07
60,close,mid,10.0,with,False,0.0,120,0.49,1123,547.0,0.61,846,994.0,,0.49
60,close,mid,10.0,with,False,0.0,240,0.48,1393,594.0,0.6,1039,1033.0,,0.48
60,close,mid,10.0,with,True,0.0,120,0.49,1123,547.0,0.61,846,994.0,,0.49
60,close,mid,10.0,with,True,0.0,240,0.48,1393,594.0,0.6,1039,1033.0,,0.48
60,close,atr,,,False,0.0,120,-0.67,2201,-117.0,0.44,1646,521.0,0.1,-0.67
60,close,atr,,,False,0.0,240,-0.63,2760,-116.0,0.38,2041,408.0,0.1,-0.63
60,close,atr,,,True,0.0,120,-0.67,2201,-117.0,0.44,1646,521.0,0.1,-0.67
60,close,atr,,,True,0.0,240,-0.63,2760,-116.0,0.38,2041,408.0,0.1,-0.63
60,close,atr,,with,False,0.0,120,0.16,1125,123.0,0.65,846,1389.0,0.1,0.16
60,close,atr,,with,False,0.0,240,0.13,1395,92.0,0.73,1039,1189.0,0.1,0.13
60,close,atr,,with,True,0.0,120,0.16,1125,123.0,0.65,846,1389.0,0.1,0.16
60,close,atr,,with,True,0.0,240,0.13,1395,92.0,0.73,1039,1189.0,0.1,0.13
60,close,atr,3.0,,False,0.0,120,-1.26,2202,-151.0,0.1,1646,98.0,0.1,-1.26
60,close,atr,3.0,,False,0.0,240,-0.93,2761,-142.0,-0.0,2041,-2.0,0.1,-0.93
60,close,atr,3.0,,True,0.0,120,-1.26,2202,-151.0,0.1,1646,98.0,0.1,-1.26
60,close,atr,3.0,,True,0.0,240,-0.93,2761,-142.0,-0.0,2041,-2.0,0.1,-0.93
60,close,atr,3.0,with,False,0.0,120,-0.49,1125,-142.0,0.71,846,988.0,0.1,-0.49
60,close,atr,3.0,with,False,0.0,240,-0.36,1395,-132.0,0.68,1039,715.0,0.1,-0.36
60,close,atr,3.0,with,True,0.0,120,-0.49,1125,-142.0,0.71,846,988.0,0.1,-0.49
60,close,atr,3.0,with,True,0.0,240,-0.36,1395,-132.0,0.68,1039,715.0,0.1,-0.36
60,close,atr,10.0,,False,0.0,120,-0.73,2201,-126.0,0.53,1646,546.0,0.1,-0.73
60,close,atr,10.0,,False,0.0,240,-0.64,2760,-118.0,0.48,2041,460.0,0.1,-0.64
60,close,atr,10.0,,True,0.0,120,-0.73,2201,-126.0,0.53,1646,546.0,0.1,-0.73
60,close,atr,10.0,,True,0.0,240,-0.64,2760,-118.0,0.48,2041,460.0,0.1,-0.64
60,close,atr,10.0,with,False,0.0,120,0.12,1125,87.0,0.74,846,1569.0,0.1,0.12
60,close,atr,10.0,with,False,0.0,240,0.11,1395,73.0,0.8,1039,1281.0,0.1,0.11
60,close,atr,10.0,with,True,0.0,120,0.12,1125,87.0,0.74,846,1569.0,0.1,0.12
60,close,atr,10.0,with,True,0.0,240,0.11,1395,73.0,0.8,1039,1281.0,0.1,0.11
60,close,atr,,,False,0.0,120,-0.05,2199,-24.0,0.53,1646,581.0,0.25,-0.05
60,close,atr,,,False,0.0,240,-0.16,2756,-57.0,0.49,2040,478.0,0.25,-0.16
60,close,atr,,,True,0.0,120,-0.05,2199,-24.0,0.53,1646,581.0,0.25,-0.05
60,close,atr,,,True,0.0,240,-0.16,2756,-57.0,0.49,2040,478.0,0.25,-0.16
60,close,atr,,with,False,0.0,120,0.43,1124,409.0,0.79,846,1029.0,0.25,0.43
60,close,atr,,with,False,0.0,240,0.36,1394,363.0,0.82,1039,1237.0,0.25,0.36
60,close,atr,,with,True,0.0,120,0.43,1124,409.0,0.79,846,1029.0,0.25,0.43
60,close,atr,,with,True,0.0,240,0.36,1394,363.0,0.82,1039,1237.0,0.25,0.36
60,close,atr,3.0,,False,0.0,120,-0.17,2199,-71.0,0.66,1646,584.0,0.25,-0.17
60,close,atr,3.0,,False,0.0,240,-0.24,2756,-79.0,0.59,2040,464.0,0.25,-0.24
60,close,atr,3.0,,True,0.0,120,-0.17,2199,-71.0,0.66,1646,584.0,0.25,-0.17
60,close,atr,3.0,,True,0.0,240,-0.24,2756,-79.0,0.59,2040,464.0,0.25,-0.24
60,close,atr,3.0,with,False,0.0,120,0.25,1124,198.0,1.05,846,1538.0,0.25,0.25
60,close,atr,3.0,with,False,0.0,240,0.2,1394,155.0,1.04,1039,1838.0,0.25,0.2
60,close,atr,3.0,with,True,0.0,120,0.25,1124,198.0,1.05,846,1538.0,0.25,0.25
60,close,atr,3.0,with,True,0.0,240,0.2,1394,155.0,1.04,1039,1838.0,0.25,0.2
60,close,atr,10.0,,False,0.0,120,-0.04,2199,-17.0,0.51,1646,550.0,0.25,-0.04
60,close,atr,10.0,,False,0.0,240,-0.15,2756,-51.0,0.47,2040,452.0,0.25,-0.15
60,close,atr,10.0,,True,0.0,120,-0.04,2199,-17.0,0.51,1646,550.0,0.25,-0.04
60,close,atr,10.0,,True,0.0,240,-0.15,2756,-51.0,0.47,2040,452.0,0.25,-0.15
60,close,atr,10.0,with,False,0.0,120,0.45,1124,431.0,0.79,846,1029.0,0.25,0.45
60,close,atr,10.0,with,False,0.0,240,0.37,1394,385.0,0.82,1039,1237.0,0.25,0.37
60,close,atr,10.0,with,True,0.0,120,0.45,1124,431.0,0.79,846,1029.0,0.25,0.45
60,close,atr,10.0,with,True,0.0,240,0.37,1394,385.0,0.82,1039,1237.0,0.25,0.37
60,candle,or,,,False,0.0,120,-0.24,3135,-78.0,0.37,2304,256.0,,-0.24
60,candle,or,,,False,0.05,120,0.19,2728,96.0,0.58,1971,559.0,,0.19
60,candle,or,,,True,0.0,120,-0.02,2627,-9.0,0.55,1916,514.0,,-0.02
60,candle,or,,,True,0.05,120,0.2,2393,106.0,0.62,1713,615.0,,0.2
60,candle,or,,with,False,0.0,120,0.34,1496,212.0,0.57,1133,729.0,,0.34
60,candle,or,,with,False,0.05,120,0.64,1295,753.0,0.61,978,925.0,,0.61
60,candle,or,,with,True,0.0,120,0.45,1285,366.0,0.57,962,669.0,,0.45
60,candle,or,,with,True,0.05,120,0.72,1156,1218.0,0.57,868,712.0,,0.57
60,candle,or,3.0,,False,0.0,120,-0.32,3135,-102.0,0.38,2304,300.0,,-0.32
60,candle,or,3.0,,False,0.05,120,0.06,2728,28.0,0.68,1971,643.0,,0.06
60,candle,or,3.0,,True,0.0,120,-0.12,2627,-52.0,0.61,1916,569.0,,-0.12
60,candle,or,3.0,,True,0.05,120,0.12,2393,63.0,0.7,1713,741.0,,0.12
60,candle,or,3.0,with,False,0.0,120,0.1,1496,52.0,0.46,1133,507.0,,0.1
60,candle,or,3.0,with,False,0.05,120,0.46,1295,337.0,0.57,978,837.0,,0.46
60,candle,or,3.0,with,True,0.0,120,0.33,1285,237.0,0.63,962,809.0,,0.33
60,candle,or,3.0,with,True,0.05,120,0.61,1156,745.0,0.61,868,824.0,,0.61
60,candle,or,10.0,,False,0.0,120,-0.22,3135,-79.0,0.4,2304,299.0,,-0.22
60,candle,or,10.0,,False,0.05,120,0.17,2728,88.0,0.64,1971,623.0,,0.17
60,candle,or,10.0,,True,0.0,120,-0.03,2627,-12.0,0.56,1916,530.0,,-0.03
60,candle,or,10.0,,True,0.05,120,0.19,2393,102.0,0.63,1713,633.0,,0.19
60,candle,or,10.0,with,False,0.0,120,0.31,1496,188.0,0.59,1133,708.0,,0.31
60,candle,or,10.0,with,False,0.05,120,0.62,1295,721.0,0.68,978,1035.0,,0.62
60,candle,or,10.0,with,True,0.0,120,0.45,1285,358.0,0.57,962,669.0,,0.45
60,candle,or,10.0,with,True,0.05,120,0.71,1156,1200.0,0.57,868,712.0,,0.57
60,candle,mid,,,False,0.0,120,-0.4,2717,-157.0,0.06,1979,42.0,,-0.4
60,candle,mid,,,False,0.05,120,-0.4,2470,-157.0,0.34,1775,290.0,,-0.4
60,candle,mid,,,True,0.0,120,0.03,2592,12.0,0.19,1898,138.0,,0.03
60,candle,mid,,,True,0.05,120,0.22,2372,146.0,0.42,1705,391.0,,0.22
60,candle,mid,,with,False,0.0,120,-0.28,1321,-157.0,0.19,990,134.0,,-0.28
60,candle,mid,,with,False,0.05,120,-0.28,1188,-157.0,0.32,896,239.0,,-0.28
60,candle,mid,,with,True,0.0,120,0.5,1264,539.0,0.52,955,486.0,,0.5
60,candle,mid,,with,True,0.05,120,0.72,1142,1178.0,0.61,865,574.0,,0.61
60,candle,mid,3.0,,False,0.0,120,-0.4,2717,-157.0,-0.46,1979,-174.0,,-0.46
60,candle,mid,3.0,,False,0.05,120,-0.4,2470,-157.0,0.12,1775,113.0,,-0.4
60,candle,mid,3.0,,True,0.0,120,-0.9,2592,-136.0,-0.06,1898,-41.0,,-0.9
60,candle,mid,3.0,,True,0.05,120,-0.59,2372,-111.0,0.44,1705,488.0,,-0.59
60,candle,mid,3.0,with,False,0.0,120,-0.28,1321,-157.0,0.26,990,219.0,,-0.28
60,candle,mid,3.0,with,False,0.05,120,-0.28,1188,-157.0,0.55,896,499.0,,-0.28
60,candle,mid,3.0,with,True,0.0,120,0.03,1264,11.0,0.57,955,487.0,,0.03
60,candle,mid,3.0,with,True,0.05,120,0.22,1142,100.0,0.83,865,780.0,,0.22
60,candle,mid,10.0,,False,0.0,120,-0.4,2717,-157.0,0.04,1979,25.0,,-0.4
60,candle,mid,10.0,,False,0.05,120,-0.4,2470,-157.0,0.37,1775,341.0,,-0.4
60,candle,mid,10.0,,True,0.0,120,-0.16,2592,-52.0,0.23,1898,190.0,,-0.16
60,candle,mid,10.0,,True,0.05,120,0.09,2372,36.0,0.51,1705,598.0,,0.09
60,candle,mid,10.0,with,False,0.0,120,-0.28,1321,-157.0,0.45,990,413.0,,-0.28
60,candle,mid,10.0,with,False,0.05,120,-0.28,1188,-157.0,0.57,896,578.0,,-0.28
60,candle,mid,10.0,with,True,0.0,120,0.59,1264,515.0,0.65,955,731.0,,0.59
60,candle,mid,10.0,with,True,0.05,120,0.76,1142,988.0,0.77,865,910.0,,0.76
60,candle,atr,,,False,0.0,120,-0.14,3152,-55.0,0.46,2305,405.0,0.1,-0.14
60,candle,atr,,,False,0.05,120,0.05,2745,23.0,0.56,1972,564.0,0.1,0.05
60,candle,atr,,,True,0.0,120,0.03,2644,14.0,0.55,1917,482.0,0.1,0.03
60,candle,atr,,,True,0.05,120,0.12,2410,50.0,0.63,1714,665.0,0.1,0.12
60,candle,atr,,with,False,0.0,120,0.69,1504,710.0,0.85,1133,1489.0,0.1,0.69
60,candle,atr,,with,False,0.05,120,0.84,1303,1017.0,0.88,978,1359.0,0.1,0.84
60,candle,atr,,with,True,0.0,120,0.78,1293,709.0,0.96,962,1543.0,0.1,0.78
60,candle,atr,,with,True,0.05,120,0.89,1164,853.0,0.98,868,1600.0,0.1,0.89
60,candle,atr,3.0,,False,0.0,120,-0.58,3153,-107.0,0.35,2305,263.0,0.1,-0.58
60,candle,atr,3.0,,False,0.05,120,-0.4,2746,-87.0,0.61,1972,593.0,0.1,-0.4
60,candle,atr,3.0,,True,0.0,120,-0.36,2644,-73.0,0.5,1917,440.0,0.1,-0.36
60,candle,atr,3.0,,True,0.05,120,-0.26,2410,-57.0,0.76,1714,832.0,0.1,-0.26
60,candle,atr,3.0,with,False,0.0,120,0.05,1505,14.0,0.83,1133,1498.0,0.1,0.05
60,candle,atr,3.0,with,False,0.05,120,0.19,1304,62.0,0.99,978,2030.0,0.1,0.19
60,candle,atr,3.0,with,True,0.0,120,0.2,1293,63.0,1.07,962,2342.0,0.1,0.2
60,candle,atr,3.0,with,True,0.05,120,0.3,1164,107.0,1.22,868,2298.0,0.1,0.3
60,candle,atr,10.0,,False,0.0,120,-0.16,3152,-63.0,0.5,2305,399.0,0.1,-0.16
60,candle,atr,10.0,,False,0.05,120,0.04,2745,18.0,0.6,1972,533.0,0.1,0.04
60,candle,atr,10.0,,True,0.0,120,-0.0,2644,-0.0,0.61,1917,550.0,0.1,-0.0
60,candle,atr,10.0,,True,0.05,120,0.09,2410,38.0,0.68,1714,674.0,0.1,0.09
60,candle,atr,10.0,with,False,0.0,120,0.65,1504,646.0,0.93,1133,1534.0,0.1,0.65
60,candle,atr,10.0,with,False,0.05,120,0.82,1303,958.0,0.95,978,1418.0,0.1,0.82
60,candle,atr,10.0,with,True,0.0,120,0.74,1293,654.0,1.1,962,1750.0,0.1,0.74
60,candle,atr,10.0,with,True,0.05,120,0.87,1164,801.0,1.1,868,1745.0,0.1,0.87
60,candle,atr,,,False,0.0,120,0.08,3140,44.0,0.96,2304,1169.0,0.25,0.08
60,candle,atr,,,False,0.05,120,0.24,2733,155.0,1.07,1971,1364.0,0.25,0.24
60,candle,atr,,,True,0.0,120,0.08,2632,43.0,0.99,1916,1183.0,0.25,0.08
60,candle,atr,,,True,0.05,120,0.24,2398,152.0,1.05,1713,1274.0,0.25,0.24
60,candle,atr,,with,False,0.0,120,0.64,1498,610.0,1.14,1133,1540.0,0.25,0.64
60,candle,atr,,with,False,0.05,120,0.8,1297,1034.0,1.21,978,1890.0,0.25,0.8
60,candle,atr,,with,True,0.0,120,0.65,1287,887.0,1.22,962,1863.0,0.25,0.65
60,candle,atr,,with,True,0.05,120,0.85,1158,1228.0,1.22,868,1826.0,0.25,0.85
60,candle,atr,3.0,,False,0.0,120,0.01,3140,8.0,0.92,2304,920.0,0.25,0.01
60,candle,atr,3.0,,False,0.05,120,0.24,2733,166.0,1.09,1971,1334.0,0.25,0.24
60,candle,atr,3.0,,True,0.0,120,0.01,2632,7.0,0.95,1916,959.0,0.25,0.01
60,candle,atr,3.0,,True,0.05,120,0.22,2398,138.0,1.04,1713,1178.0,0.25,0.22
60,candle,atr,3.0,with,False,0.0,120,0.47,1498,329.0,1.25,1133,1900.0,0.25,0.47
60,candle,atr,3.0,with,False,0.05,120,0.66,1297,655.0,1.34,978,2472.0,0.25,0.66
60,candle,atr,3.0,with,True,0.0,120,0.49,1287,489.0,1.4,962,2557.0,0.25,0.49
60,candle,atr,3.0,with,True,0.05,120,0.72,1158,920.0,1.39,868,2493.0,0.25,0.72
60,candle,atr,10.0,,False,0.0,120,0.08,3140,44.0,0.99,2304,1229.0,0.25,0.08
60,candle,atr,10.0,,False,0.05,120,0.24,2733,155.0,1.11,1971,1431.0,0.25,0.24
60,candle,atr,10.0,,True,0.0,120,0.08,2632,43.0,1.01,1916,1225.0,0.25,0.08
60,candle,atr,10.0,,True,0.05,120,0.24,2398,152.0,1.07,1713,1319.0,0.25,0.24
60,candle,atr,10.0,with,False,0.0,120,0.64,1498,610.0,1.13,1133,1534.0,0.25,0.64
60,candle,atr,10.0,with,False,0.05,120,0.8,1297,1034.0,1.21,978,1882.0,0.25,0.8
60,candle,atr,10.0,with,True,0.0,120,0.65,1287,887.0,1.22,962,1855.0,0.25,0.65
60,candle,atr,10.0,with,True,0.05,120,0.85,1158,1228.0,1.22,868,1818.0,0.25,0.85
