or_min,entry,stop,target_r,cutoff,train_n,train_win,train_avgR,train_pf,train_totR,train_sharpe,train_ddR,train_pts,train_rPerYr,val_n,val_win,val_avgR,val_pf,val_totR,val_sharpe,val_ddR,val_pts,val_rPerYr,stop_x
1,stop,or,,60,1329,0.195,0.173,1.19,230.0,0.84,70.7,2779.0,41.2,708,0.165,0.224,1.26,158.6,1.01,35.9,3433.0,53.0,
1,stop,or,,120,1329,0.195,0.173,1.19,230.0,0.84,70.7,2779.0,41.2,708,0.165,0.224,1.26,158.6,1.01,35.9,3433.0,53.0,
1,stop,or,,240,1329,0.195,0.173,1.19,230.0,0.84,70.7,2779.0,41.2,708,0.165,0.224,1.26,158.6,1.01,35.9,3433.0,53.0,
1,stop,or,1.0,60,1329,0.555,-0.005,0.99,-6.6,-0.08,56.1,954.0,-1.2,708,0.511,-0.021,0.96,-14.8,-0.32,35.4,-708.0,-4.9,
1,stop,or,1.0,120,1329,0.555,-0.005,0.99,-6.6,-0.08,56.1,954.0,-1.2,708,0.511,-0.021,0.96,-14.8,-0.32,35.4,-708.0,-4.9,
1,stop,or,1.0,240,1329,0.555,-0.005,0.99,-6.6,-0.08,56.1,954.0,-1.2,708,0.511,-0.021,0.96,-14.8,-0.32,35.4,-708.0,-4.9,
1,stop,or,2.0,60,1329,0.387,0.045,1.07,59.3,0.47,47.4,1221.0,10.6,708,0.357,0.029,1.04,20.4,0.31,38.0,148.0,6.8,
1,stop,or,2.0,120,1329,0.387,0.045,1.07,59.3,0.47,47.4,1221.0,10.6,708,0.357,0.029,1.04,20.4,0.31,38.0,148.0,6.8,
1,stop,or,2.0,240,1329,0.387,0.045,1.07,59.3,0.47,47.4,1221.0,10.6,708,0.357,0.029,1.04,20.4,0.31,38.0,148.0,6.8,
1,stop,or,3.0,60,1329,0.309,0.103,1.13,136.3,0.86,48.7,2400.0,24.4,708,0.284,0.074,1.1,52.2,0.63,34.1,669.0,17.5,
1,stop,or,3.0,120,1329,0.309,0.103,1.13,136.3,0.86,48.7,2400.0,24.4,708,0.284,0.074,1.1,52.2,0.63,34.1,669.0,17.5,
1,stop,or,3.0,240,1329,0.309,0.103,1.13,136.3,0.86,48.7,2400.0,24.4,708,0.284,0.074,1.1,52.2,0.63,34.1,669.0,17.5,
1,stop,or,5.0,60,1329,0.226,0.096,1.11,127.1,0.63,70.2,1578.0,22.8,708,0.201,0.069,1.08,48.5,0.46,56.4,747.0,16.2,
1,stop,or,5.0,120,1329,0.226,0.096,1.11,127.1,0.63,70.2,1578.0,22.8,708,0.201,0.069,1.08,48.5,0.46,56.4,747.0,16.2,
1,stop,or,5.0,240,1329,0.226,0.096,1.11,127.1,0.63,70.2,1578.0,22.8,708,0.201,0.069,1.08,48.5,0.46,56.4,747.0,16.2,
1,stop,or,10.0,60,1329,0.196,0.173,1.19,229.7,0.89,51.2,2708.0,41.2,708,0.167,0.179,1.21,126.6,0.89,42.1,2762.0,42.3,
1,stop,or,10.0,120,1329,0.196,0.173,1.19,229.7,0.89,51.2,2708.0,41.2,708,0.167,0.179,1.21,126.6,0.89,42.1,2762.0,42.3,
1,stop,or,10.0,240,1329,0.196,0.173,1.19,229.7,0.89,51.2,2708.0,41.2,708,0.167,0.179,1.21,126.6,0.89,42.1,2762.0,42.3,
1,stop,mid,,60,1329,0.087,-0.091,0.92,-120.5,-0.3,252.4,-933.0,-21.6,708,0.069,-0.168,0.84,-119.1,-0.6,156.9,-1689.0,-39.8,
1,stop,mid,,120,1329,0.087,-0.091,0.92,-120.5,-0.3,252.4,-933.0,-21.6,708,0.069,-0.168,0.84,-119.1,-0.6,156.9,-1689.0,-39.8,
1,stop,mid,,240,1329,0.087,-0.091,0.92,-120.5,-0.3,252.4,-933.0,-21.6,708,0.069,-0.168,0.84,-119.1,-0.6,156.9,-1689.0,-39.8,
1,stop,mid,1.0,60,1329,0.345,-0.579,0.32,-769.6,-8.61,774.7,-4587.0,-138.0,708,0.291,-0.573,0.32,-405.4,-8.86,406.6,-5291.0,-135.5,
1,stop,mid,1.0,120,1329,0.345,-0.579,0.32,-769.6,-8.61,774.7,-4587.0,-138.0,708,0.291,-0.573,0.32,-405.4,-8.86,406.6,-5291.0,-135.5,
1,stop,mid,1.0,240,1329,0.345,-0.579,0.32,-769.6,-8.61,774.7,-4587.0,-138.0,708,0.291,-0.573,0.32,-405.4,-8.86,406.6,-5291.0,-135.5,
1,stop,mid,2.0,60,1329,0.272,-0.455,0.52,-604.6,-5.0,615.5,-3151.0,-108.4,708,0.212,-0.519,0.44,-367.4,-6.15,370.0,-4880.0,-122.8,
1,stop,mid,2.0,120,1329,0.272,-0.455,0.52,-604.6,-5.0,615.5,-3151.0,-108.4,708,0.212,-0.519,0.44,-367.4,-6.15,370.0,-4880.0,-122.8,
1,stop,mid,2.0,240,1329,0.272,-0.455,0.52,-604.6,-5.0,615.5,-3151.0,-108.4,708,0.212,-0.519,0.44,-367.4,-6.15,370.0,-4880.0,-122.8,
1,stop,mid,3.0,60,1329,0.214,-0.413,0.59,-549.3,-3.75,571.1,-3140.0,-98.5,708,0.162,-0.505,0.48,-357.4,-5.04,360.7,-4694.0,-119.4,
1,stop,mid,3.0,120,1329,0.214,-0.413,0.59,-549.3,-3.75,571.1,-3140.0,-98.5,708,0.162,-0.505,0.48,-357.4,-5.04,360.7,-4694.0,-119.4,
1,stop,mid,3.0,240,1329,0.214,-0.413,0.59,-549.3,-3.75,571.1,-3140.0,-98.5,708,0.162,-0.505,0.48,-357.4,-5.04,360.7,-4694.0,-119.4,
1,stop,mid,5.0,60,1329,0.146,-0.399,0.64,-529.7,-2.84,555.7,-3501.0,-95.0,708,0.126,-0.4,0.61,-283.4,-3.01,289.3,-3783.0,-94.7,
1,stop,mid,5.0,120,1329,0.146,-0.399,0.64,-529.7,-2.84,555.7,-3501.0,-95.0,708,0.126,-0.4,0.61,-283.4,-3.01,289.3,-3783.0,-94.7,
1,stop,mid,5.0,240,1329,0.146,-0.399,0.64,-529.7,-2.84,555.7,-3501.0,-95.0,708,0.126,-0.4,0.61,-283.4,-3.01,289.3,-3783.0,-94.7,
1,stop,mid,10.0,60,1329,0.099,-0.288,0.75,-382.3,-1.43,423.0,-2438.0,-68.5,708,0.082,-0.323,0.7,-228.6,-1.7,255.7,-3130.0,-76.4,
1,stop,mid,10.0,120,1329,0.099,-0.288,0.75,-382.3,-1.43,423.0,-2438.0,-68.5,708,0.082,-0.323,0.7,-228.6,-1.7,255.7,-3130.0,-76.4,
1,stop,mid,10.0,240,1329,0.099,-0.288,0.75,-382.3,-1.43,423.0,-2438.0,-68.5,708,0.082,-0.323,0.7,-228.6,-1.7,255.7,-3130.0,-76.4,
1,stop,atr,,60,1329,0.077,-0.298,0.76,-396.5,-0.99,434.8,-1878.0,-71.1,708,0.073,-0.15,0.86,-106.2,-0.51,135.7,-1612.0,-35.5,0.05
1,stop,atr,,120,1329,0.077,-0.298,0.76,-396.5,-0.99,434.8,-1878.0,-71.1,708,0.073,-0.15,0.86,-106.2,-0.51,135.7,-1612.0,-35.5,0.05
1,stop,atr,,240,1329,0.077,-0.298,0.76,-396.5,-0.99,434.8,-1878.0,-71.1,708,0.073,-0.15,0.86,-106.2,-0.51,135.7,-1612.0,-35.5,0.05
1,stop,atr,1.0,60,1329,0.327,-0.709,0.27,-941.7,-9.52,944.6,-4734.0,-168.8,708,0.292,-0.572,0.32,-404.8,-8.66,404.6,-5312.0,-135.3,0.05
1,stop,atr,1.0,120,1329,0.327,-0.709,0.27,-941.7,-9.52,944.6,-4734.0,-168.8,708,0.292,-0.572,0.32,-404.8,-8.66,404.6,-5312.0,-135.3,0.05
1,stop,atr,1.0,240,1329,0.327,-0.709,0.27,-941.7,-9.52,944.6,-4734.0,-168.8,708,0.292,-0.572,0.32,-404.8,-8.66,404.6,-5312.0,-135.3,0.05
1,stop,atr,2.0,60,1329,0.262,-0.578,0.45,-768.7,-6.0,782.2,-3490.0,-137.8,708,0.209,-0.534,0.43,-377.7,-6.31,376.7,-5051.0,-126.2,0.05
1,stop,atr,2.0,120,1329,0.262,-0.578,0.45,-768.7,-6.0,782.2,-3490.0,-137.8,708,0.209,-0.534,0.43,-377.7,-6.31,376.7,-5051.0,-126.2,0.05
1,stop,atr,2.0,240,1329,0.262,-0.578,0.45,-768.7,-6.0,782.2,-3490.0,-137.8,708,0.209,-0.534,0.43,-377.7,-6.31,376.7,-5051.0,-126.2,0.05
1,stop,atr,3.0,60,1329,0.202,-0.56,0.5,-744.8,-4.96,754.7,-3542.0,-133.5,708,0.16,-0.528,0.46,-374.0,-5.32,372.9,-5044.0,-125.0,0.05
1,stop,atr,3.0,120,1329,0.202,-0.56,0.5,-744.8,-4.96,754.7,-3542.0,-133.5,708,0.16,-0.528,0.46,-374.0,-5.32,372.9,-5044.0,-125.0,0.05
1,stop,atr,3.0,240,1329,0.202,-0.56,0.5,-744.8,-4.96,754.7,-3542.0,-133.5,708,0.16,-0.528,0.46,-374.0,-5.32,372.9,-5044.0,-125.0,0.05
1,stop,atr,5.0,60,1329,0.147,-0.496,0.58,-658.5,-3.44,674.9,-2874.0,-118.1,708,0.127,-0.415,0.59,-294.0,-3.14,292.9,-3918.0,-98.2,0.05
1,stop,atr,5.0,120,1329,0.147,-0.496,0.58,-658.5,-3.44,674.9,-2874.0,-118.1,708,0.127,-0.415,0.59,-294.0,-3.14,292.9,-3918.0,-98.2,0.05
1,stop,atr,5.0,240,1329,0.147,-0.496,0.58,-658.5,-3.44,674.9,-2874.0,-118.1,708,0.127,-0.415,0.59,-294.0,-3.14,292.9,-3918.0,-98.2,0.05
1,stop,atr,10.0,60,1329,0.09,-0.485,0.61,-644.5,-2.49,681.1,-2806.0,-115.6,708,0.082,-0.359,0.66,-254.2,-1.93,255.1,-3245.0,-84.9,0.05
1,stop,atr,10.0,120,1329,0.09,-0.485,0.61,-644.5,-2.49,681.1,-2806.0,-115.6,708,0.082,-0.359,0.66,-254.2,-1.93,255.1,-3245.0,-84.9,0.05
1,stop,atr,10.0,240,1329,0.09,-0.485,0.61,-644.5,-2.49,681.1,-2806.0,-115.6,708,0.082,-0.359,0.66,-254.2,-1.93,255.1,-3245.0,-84.9,0.05
1,stop,atr,,60,1329,0.174,0.087,1.09,116.1,0.42,93.5,732.0,20.8,708,0.155,0.121,1.14,85.6,0.57,67.8,1970.0,28.6,0.1
1,stop,atr,,120,1329,0.174,0.087,1.09,116.1,0.42,93.5,732.0,20.8,708,0.155,0.121,1.14,85.6,0.57,67.8,1970.0,28.6,0.1
1,stop,atr,,240,1329,0.174,0.087,1.09,116.1,0.42,93.5,732.0,20.8,708,0.155,0.121,1.14,85.6,0.57,67.8,1970.0,28.6,0.1
1,stop,atr,1.0,60,1329,0.52,-0.091,0.83,-120.8,-1.36,141.6,-681.0,-21.7,708,0.475,-0.091,0.83,-64.4,-1.38,85.0,-1595.0,-21.5,0.1
1,stop,atr,1.0,120,1329,0.52,-0.091,0.83,-120.8,-1.36,141.6,-681.0,-21.7,708,0.475,-0.091,0.83,-64.4,-1.38,85.0,-1595.0,-21.5,0.1
1,stop,atr,1.0,240,1329,0.52,-0.091,0.83,-120.8,-1.36,141.6,-681.0,-21.7,708,0.475,-0.091,0.83,-64.4,-1.38,85.0,-1595.0,-21.5,0.1
1,stop,atr,2.0,60,1329,0.363,-0.044,0.94,-58.7,-0.46,99.5,-254.0,-10.5,708,0.328,-0.064,0.91,-45.4,-0.7,87.3,-1189.0,-15.2,0.1
1,stop,atr,2.0,120,1329,0.363,-0.044,0.94,-58.7,-0.46,99.5,-254.0,-10.5,708,0.328,-0.064,0.91,-45.4,-0.7,87.3,-1189.0,-15.2,0.1
1,stop,atr,2.0,240,1329,0.363,-0.044,0.94,-58.7,-0.46,99.5,-254.0,-10.5,708,0.328,-0.064,0.91,-45.4,-0.7,87.3,-1189.0,-15.2,0.1
1,stop,atr,3.0,60,1329,0.289,0.008,1.01,10.2,0.07,85.4,695.0,1.8,708,0.26,-0.015,0.98,-10.4,-0.13,75.0,-160.0,-3.5,0.1
1,stop,atr,3.0,120,1329,0.289,0.008,1.01,10.2,0.07,85.4,695.0,1.8,708,0.26,-0.015,0.98,-10.4,-0.13,75.0,-160.0,-3.5,0.1
1,stop,atr,3.0,240,1329,0.289,0.008,1.01,10.2,0.07,85.4,695.0,1.8,708,0.26,-0.015,0.98,-10.4,-0.13,75.0,-160.0,-3.5,0.1
1,stop,atr,5.0,60,1329,0.208,0.006,1.01,8.6,0.04,83.7,161.0,1.5,708,0.186,-0.011,0.99,-7.5,-0.07,82.1,-135.0,-2.5,0.1
1,stop,atr,5.0,120,1329,0.208,0.006,1.01,8.6,0.04,83.7,161.0,1.5,708,0.186,-0.011,0.99,-7.5,-0.07,82.1,-135.0,-2.5,0.1
1,stop,atr,5.0,240,1329,0.208,0.006,1.01,8.6,0.04,83.7,161.0,1.5,708,0.186,-0.011,0.99,-7.5,-0.07,82.1,-135.0,-2.5,0.1
1,stop,atr,10.0,60,1329,0.178,0.084,1.09,111.6,0.43,74.6,1225.0,20.0,708,0.155,0.063,1.07,44.6,0.33,74.6,1088.0,14.9,0.1
1,stop,atr,10.0,120,1329,0.178,0.084,1.09,111.6,0.43,74.6,1225.0,20.0,708,0.155,0.063,1.07,44.6,0.33,74.6,1088.0,14.9,0.1
1,stop,atr,10.0,240,1329,0.178,0.084,1.09,111.6,0.43,74.6,1225.0,20.0,708,0.155,0.063,1.07,44.6,0.33,74.6,1088.0,14.9,0.1
1,stop,atr,,60,1329,0.24,0.113,1.14,150.4,0.67,56.6,1314.0,27.0,708,0.223,0.065,1.08,45.8,0.4,56.5,1105.0,15.3,0.15
1,stop,atr,,120,1329,0.24,0.113,1.14,150.4,0.67,56.6,1314.0,27.0,708,0.223,0.065,1.08,45.8,0.4,56.5,1105.0,15.3,0.15
1,stop,atr,,240,1329,0.24,0.113,1.14,150.4,0.67,56.6,1314.0,27.0,708,0.223,0.065,1.08,45.8,0.4,56.5,1105.0,15.3,0.15
1,stop,atr,1.0,60,1329,0.533,-0.016,0.97,-21.5,-0.25,62.9,364.0,-3.9,708,0.518,0.012,1.02,8.2,0.18,25.9,356.0,2.7,0.15
1,stop,atr,1.0,120,1329,0.533,-0.016,0.97,-21.5,-0.25,62.9,364.0,-3.9,708,0.518,0.012,1.02,8.2,0.18,25.9,356.0,2.7,0.15
1,stop,atr,1.0,240,1329,0.533,-0.016,0.97,-21.5,-0.25,62.9,364.0,-3.9,708,0.518,0.012,1.02,8.2,0.18,25.9,356.0,2.7,0.15
1,stop,atr,2.0,60,1329,0.369,0.009,1.01,11.7,0.09,46.0,812.0,2.1,708,0.359,0.039,1.06,27.5,0.41,36.3,1116.0,9.2,0.15
1,stop,atr,2.0,120,1329,0.369,0.009,1.01,11.7,0.09,46.0,812.0,2.1,708,0.359,0.039,1.06,27.5,0.41,36.3,1116.0,9.2,0.15
1,stop,atr,2.0,240,1329,0.369,0.009,1.01,11.7,0.09,46.0,812.0,2.1,708,0.359,0.039,1.06,27.5,0.41,36.3,1116.0,9.2,0.15
1,stop,atr,3.0,60,1329,0.294,0.008,1.01,10.7,0.07,54.0,109.0,1.9,708,0.285,0.038,1.05,27.2,0.34,49.0,1044.0,9.1,0.15
1,stop,atr,3.0,120,1329,0.294,0.008,1.01,10.7,0.07,54.0,109.0,1.9,708,0.285,0.038,1.05,27.2,0.34,49.0,1044.0,9.1,0.15
1,stop,atr,3.0,240,1329,0.294,0.008,1.01,10.7,0.07,54.0,109.0,1.9,708,0.285,0.038,1.05,27.2,0.34,49.0,1044.0,9.1,0.15
1,stop,atr,5.0,60,1329,0.25,0.041,1.05,54.0,0.3,54.4,281.0,9.7,708,0.23,0.008,1.01,6.0,0.06,86.0,-171.0,2.0,0.15
1,stop,atr,5.0,120,1329,0.25,0.041,1.05,54.0,0.3,54.4,281.0,9.7,708,0.23,0.008,1.01,6.0,0.06,86.0,-171.0,2.0,0.15
1,stop,atr,5.0,240,1329,0.25,0.041,1.05,54.0,0.3,54.4,281.0,9.7,708,0.23,0.008,1.01,6.0,0.06,86.0,-171.0,2.0,0.15
1,stop,atr,10.0,60,1329,0.24,0.109,1.13,144.8,0.66,50.0,1121.0,26.0,708,0.223,0.046,1.06,32.4,0.3,67.7,718.0,10.8,0.15
1,stop,atr,10.0,120,1329,0.24,0.109,1.13,144.8,0.66,50.0,1121.0,26.0,708,0.223,0.046,1.06,32.4,0.3,67.7,718.0,10.8,0.15
1,stop,atr,10.0,240,1329,0.24,0.109,1.13,144.8,0.66,50.0,1121.0,26.0,708,0.223,0.046,1.06,32.4,0.3,67.7,718.0,10.8,0.15
1,stop,atr,,60,1329,0.344,0.075,1.12,99.8,0.65,39.0,1969.0,17.9,708,0.309,0.01,1.01,7.0,0.09,65.4,-961.0,2.3,0.25
1,stop,atr,,120,1329,0.344,0.075,1.12,99.8,0.65,39.0,1969.0,17.9,708,0.309,0.01,1.01,7.0,0.09,65.4,-961.0,2.3,0.25
1,stop,atr,,240,1329,0.344,0.075,1.12,99.8,0.65,39.0,1969.0,17.9,708,0.309,0.01,1.01,7.0,0.09,65.4,-961.0,2.3,0.25
1,stop,atr,1.0,60,1329,0.525,0.007,1.01,9.0,0.11,43.4,811.0,1.6,708,0.51,0.008,1.02,5.6,0.12,34.1,423.0,1.9,0.25
1,stop,atr,1.0,120,1329,0.525,0.007,1.01,9.0,0.11,43.4,811.0,1.6,708,0.51,0.008,1.02,5.6,0.12,34.1,423.0,1.9,0.25
1,stop,atr,1.0,240,1329,0.525,0.007,1.01,9.0,0.11,43.4,811.0,1.6,708,0.51,0.008,1.02,5.6,0.12,34.1,423.0,1.9,0.25
1,stop,atr,2.0,60,1329,0.393,0.04,1.07,52.8,0.46,35.9,1864.0,9.5,708,0.353,-0.042,0.93,-29.5,-0.48,68.8,-2788.0,-9.9,0.25
1,stop,atr,2.0,120,1329,0.393,0.04,1.07,52.8,0.46,35.9,1864.0,9.5,708,0.353,-0.042,0.93,-29.5,-0.48,68.8,-2788.0,-9.9,0.25
1,stop,atr,2.0,240,1329,0.393,0.04,1.07,52.8,0.46,35.9,1864.0,9.5,708,0.353,-0.042,0.93,-29.5,-0.48,68.8,-2788.0,-9.9,0.25
1,stop,atr,3.0,60,1329,0.357,0.051,1.08,67.6,0.51,41.1,1959.0,12.1,708,0.316,-0.039,0.94,-27.7,-0.4,88.0,-2932.0,-9.2,0.25
1,stop,atr,3.0,120,1329,0.357,0.051,1.08,67.6,0.51,41.1,1959.0,12.1,708,0.316,-0.039,0.94,-27.7,-0.4,88.0,-2932.0,-9.2,0.25
1,stop,atr,3.0,240,1329,0.357,0.051,1.08,67.6,0.51,41.1,1959.0,12.1,708,0.316,-0.039,0.94,-27.7,-0.4,88.0,-2932.0,-9.2,0.25
1,stop,atr,5.0,60,1329,0.347,0.078,1.12,103.9,0.7,38.0,2107.0,18.6,708,0.311,-0.009,0.99,-6.7,-0.09,78.9,-1747.0,-2.2,0.25
1,stop,atr,5.0,120,1329,0.347,0.078,1.12,103.9,0.7,38.0,2107.0,18.6,708,0.311,-0.009,0.99,-6.7,-0.09,78.9,-1747.0,-2.2,0.25
1,stop,atr,5.0,240,1329,0.347,0.078,1.12,103.9,0.7,38.0,2107.0,18.6,708,0.311,-0.009,0.99,-6.7,-0.09,78.9,-1747.0,-2.2,0.25
1,stop,atr,10.0,60,1329,0.344,0.088,1.14,117.4,0.74,39.0,2322.0,21.0,708,0.309,0.01,1.01,7.0,0.09,65.4,-961.0,2.3,0.25
1,stop,atr,10.0,120,1329,0.344,0.088,1.14,117.4,0.74,39.0,2322.0,21.0,708,0.309,0.01,1.01,7.0,0.09,65.4,-961.0,2.3,0.25
1,stop,atr,10.0,240,1329,0.344,0.088,1.14,117.4,0.74,39.0,2322.0,21.0,708,0.309,0.01,1.01,7.0,0.09,65.4,-961.0,2.3,0.25
1,close,or,,60,1419,0.221,0.056,1.07,79.2,0.35,72.1,461.0,14.2,772,0.205,0.129,1.16,99.9,0.78,33.2,3588.0,33.4,
1,close,or,,120,1419,0.221,0.056,1.07,79.2,0.35,72.1,461.0,14.2,772,0.205,0.129,1.16,99.9,0.78,33.2,3588.0,33.4,
1,close,or,,240,1419,0.221,0.056,1.07,79.2,0.35,72.1,461.0,14.2,772,0.205,0.129,1.16,99.9,0.78,33.2,3588.0,33.4,
1,close,or,1.0,60,1419,0.504,-0.083,0.85,-117.1,-1.3,125.1,-1703.0,-21.0,772,0.492,-0.049,0.91,-37.8,-0.78,54.9,-1252.0,-12.6,
1,close,or,1.0,120,1419,0.504,-0.083,0.85,-117.1,-1.3,125.1,-1703.0,-21.0,772,0.492,-0.049,0.91,-37.8,-0.78,54.9,-1252.0,-12.6,
1,close,or,1.0,240,1419,0.504,-0.083,0.85,-117.1,-1.3,125.1,-1703.0,-21.0,772,0.492,-0.049,0.91,-37.8,-0.78,54.9,-1252.0,-12.6,
1,close,or,2.0,60,1419,0.352,-0.048,0.93,-68.5,-0.54,82.3,-1452.0,-12.3,772,0.342,-0.009,0.99,-7.3,-0.11,39.3,-287.0,-2.4,
1,close,or,2.0,120,1419,0.352,-0.048,0.93,-68.5,-0.54,82.3,-1452.0,-12.3,772,0.342,-0.009,0.99,-7.3,-0.11,39.3,-287.0,-2.4,
1,close,or,2.0,240,1419,0.352,-0.048,0.93,-68.5,-0.54,82.3,-1452.0,-12.3,772,0.342,-0.009,0.99,-7.3,-0.11,39.3,-287.0,-2.4,
1,close,or,3.0,60,1419,0.281,-0.035,0.95,-49.6,-0.32,81.1,-1270.0,-8.9,772,0.272,0.017,1.02,13.2,0.16,61.0,602.0,4.4,
1,close,or,3.0,120,1419,0.281,-0.035,0.95,-49.6,-0.32,81.1,-1270.0,-8.9,772,0.272,0.017,1.02,13.2,0.16,61.0,602.0,4.4,
1,close,or,3.0,240,1419,0.281,-0.035,0.95,-49.6,-0.32,81.1,-1270.0,-8.9,772,0.272,0.017,1.02,13.2,0.16,61.0,602.0,4.4,
1,close,or,5.0,60,1419,0.23,-0.003,1.0,-4.2,-0.02,70.7,-281.0,-0.8,772,0.225,0.133,1.17,102.4,0.94,31.4,3792.0,34.2,
1,close,or,5.0,120,1419,0.23,-0.003,1.0,-4.2,-0.02,70.7,-281.0,-0.8,772,0.225,0.133,1.17,102.4,0.94,31.4,3792.0,34.2,
1,close,or,5.0,240,1419,0.23,-0.003,1.0,-4.2,-0.02,70.7,-281.0,-0.8,772,0.225,0.133,1.17,102.4,0.94,31.4,3792.0,34.2,
1,close,or,10.0,60,1419,0.222,0.064,1.08,91.1,0.4,54.3,471.0,16.3,772,0.205,0.142,1.17,109.9,0.86,33.2,3998.0,36.7,
1,close,or,10.0,120,1419,0.222,0.064,1.08,91.1,0.4,54.3,471.0,16.3,772,0.205,0.142,1.17,109.9,0.86,33.2,3998.0,36.7,
1,close,or,10.0,240,1419,0.222,0.064,1.08,91.1,0.4,54.3,471.0,16.3,772,0.205,0.142,1.17,109.9,0.86,33.2,3998.0,36.7,
1,close,mid,,60,1419,0.16,0.164,1.17,233.0,0.71,58.4,705.0,41.8,772,0.141,0.11,1.12,85.3,0.52,60.1,2963.0,28.5,
1,close,mid,,120,1419,0.16,0.164,1.17,233.0,0.71,58.4,705.0,41.8,772,0.141,0.11,1.12,85.3,0.52,60.1,2963.0,28.5,
1,close,mid,,240,1419,0.16,0.164,1.17,233.0,0.71,58.4,705.0,41.8,772,0.141,0.11,1.12,85.3,0.52,60.1,2963.0,28.5,
1,close,mid,1.0,60,1419,0.519,-0.105,0.81,-148.4,-1.65,157.5,-993.0,-26.6,772,0.49,-0.076,0.86,-58.5,-1.2,65.2,-1200.0,-19.5,
1,close,mid,1.0,120,1419,0.519,-0.105,0.81,-148.4,-1.65,157.5,-993.0,-26.6,772,0.49,-0.076,0.86,-58.5,-1.2,65.2,-1200.0,-19.5,
1,close,mid,1.0,240,1419,0.519,-0.105,0.81,-148.4,-1.65,157.5,-993.0,-26.6,772,0.49,-0.076,0.86,-58.5,-1.2,65.2,-1200.0,-19.5,
1,close,mid,2.0,60,1419,0.363,-0.059,0.92,-83.4,-0.64,129.0,-560.0,-15.0,772,0.342,-0.029,0.96,-22.5,-0.32,64.1,-37.0,-7.5,
1,close,mid,2.0,120,1419,0.363,-0.059,0.92,-83.4,-0.64,129.0,-560.0,-15.0,772,0.342,-0.029,0.96,-22.5,-0.32,64.1,-37.0,-7.5,
1,close,mid,2.0,240,1419,0.363,-0.059,0.92,-83.4,-0.64,129.0,-560.0,-15.0,772,0.342,-0.029,0.96,-22.5,-0.32,64.1,-37.0,-7.5,
1,close,mid,3.0,60,1419,0.28,-0.039,0.95,-54.8,-0.34,74.4,-1247.0,-9.8,772,0.259,-0.022,0.97,-16.7,-0.2,60.3,231.0,-5.6,
1,close,mid,3.0,120,1419,0.28,-0.039,0.95,-54.8,-0.34,74.4,-1247.0,-9.8,772,0.259,-0.022,0.97,-16.7,-0.2,60.3,231.0,-5.6,
1,close,mid,3.0,240,1419,0.28,-0.039,0.95,-54.8,-0.34,74.4,-1247.0,-9.8,772,0.259,-0.022,0.97,-16.7,-0.2,60.3,231.0,-5.6,
1,close,mid,5.0,60,1419,0.201,-0.025,0.97,-35.6,-0.17,93.6,-1200.0,-6.4,772,0.196,0.063,1.07,48.6,0.43,47.4,1899.0,16.2,
1,close,mid,5.0,120,1419,0.201,-0.025,0.97,-35.6,-0.17,93.6,-1200.0,-6.4,772,0.196,0.063,1.07,48.6,0.43,47.4,1899.0,16.2,
1,close,mid,5.0,240,1419,0.201,-0.025,0.97,-35.6,-0.17,93.6,-1200.0,-6.4,772,0.196,0.063,1.07,48.6,0.43,47.4,1899.0,16.2,
1,close,mid,10.0,60,1419,0.163,0.097,1.1,137.7,0.49,66.6,232.0,24.7,772,0.15,0.127,1.14,98.3,0.66,49.1,3165.0,32.8,
1,close,mid,10.0,120,1419,0.163,0.097,1.1,137.7,0.49,66.6,232.0,24.7,772,0.15,0.127,1.14,98.3,0.66,49.1,3165.0,32.8,
1,close,mid,10.0,240,1419,0.163,0.097,1.1,137.7,0.49,66.6,232.0,24.7,772,0.15,0.127,1.14,98.3,0.66,49.1,3165.0,32.8,
1,close,atr,,60,1419,0.106,0.218,1.2,310.0,0.68,153.8,1782.0,55.6,772,0.097,0.337,1.35,260.0,1.05,58.8,3285.0,86.9,0.05
1,close,atr,,120,1419,0.106,0.218,1.2,310.0,0.68,153.8,1782.0,55.6,772,0.097,0.337,1.35,260.0,1.05,58.8,3285.0,86.9,0.05
1,close,atr,,240,1419,0.106,0.218,1.2,310.0,0.68,153.8,1782.0,55.6,772,0.097,0.337,1.35,260.0,1.05,58.8,3285.0,86.9,0.05
1,close,atr,1.0,60,1419,0.464,-0.304,0.54,-430.9,-4.74,431.5,-1926.0,-77.3,772,0.464,-0.15,0.74,-115.6,-2.38,120.2,-1628.0,-38.6,0.05
1,close,atr,1.0,120,1419,0.464,-0.304,0.54,-430.9,-4.74,431.5,-1926.0,-77.3,772,0.464,-0.15,0.74,-115.6,-2.38,120.2,-1628.0,-38.6,0.05
1,close,atr,1.0,240,1419,0.464,-0.304,0.54,-430.9,-4.74,431.5,-1926.0,-77.3,772,0.464,-0.15,0.74,-115.6,-2.38,120.2,-1628.0,-38.6,0.05
1,close,atr,2.0,60,1419,0.359,-0.159,0.8,-225.3,-1.74,237.7,-840.0,-40.4,772,0.334,-0.079,0.89,-60.9,-0.89,73.0,-1021.0,-20.4,0.05
1,close,atr,2.0,120,1419,0.359,-0.159,0.8,-225.3,-1.74,237.7,-840.0,-40.4,772,0.334,-0.079,0.89,-60.9,-0.89,73.0,-1021.0,-20.4,0.05
1,close,atr,2.0,240,1419,0.359,-0.159,0.8,-225.3,-1.74,237.7,-840.0,-40.4,772,0.334,-0.079,0.89,-60.9,-0.89,73.0,-1021.0,-20.4,0.05
1,close,atr,3.0,60,1419,0.283,-0.106,0.88,-150.0,-0.93,197.9,-466.0,-26.9,772,0.268,-0.016,0.98,-12.5,-0.15,53.3,-328.0,-4.2,0.05
1,close,atr,3.0,120,1419,0.283,-0.106,0.88,-150.0,-0.93,197.9,-466.0,-26.9,772,0.268,-0.016,0.98,-12.5,-0.15,53.3,-328.0,-4.2,0.05
1,close,atr,3.0,240,1419,0.283,-0.106,0.88,-150.0,-0.93,197.9,-466.0,-26.9,772,0.268,-0.016,0.98,-12.5,-0.15,53.3,-328.0,-4.2,0.05
1,close,atr,5.0,60,1419,0.204,-0.03,0.97,-42.0,-0.2,193.4,176.0,-7.5,772,0.188,0.025,1.03,19.5,0.17,63.7,160.0,6.5,0.05
1,close,atr,5.0,120,1419,0.204,-0.03,0.97,-42.0,-0.2,193.4,176.0,-7.5,772,0.188,0.025,1.03,19.5,0.17,63.7,160.0,6.5,0.05
1,close,atr,5.0,240,1419,0.204,-0.03,0.97,-42.0,-0.2,193.4,176.0,-7.5,772,0.188,0.025,1.03,19.5,0.17,63.7,160.0,6.5,0.05
1,close,atr,10.0,60,1419,0.122,-0.023,0.98,-32.1,-0.11,176.1,214.0,-5.7,772,0.119,0.123,1.13,94.9,0.58,74.4,1333.0,31.7,0.05
1,close,atr,10.0,120,1419,0.122,-0.023,0.98,-32.1,-0.11,176.1,214.0,-5.7,772,0.119,0.123,1.13,94.9,0.58,74.4,1333.0,31.7,0.05
1,close,atr,10.0,240,1419,0.122,-0.023,0.98,-32.1,-0.11,176.1,214.0,-5.7,772,0.119,0.123,1.13,94.9,0.58,74.4,1333.0,31.7,0.05
1,close,atr,,60,1419,0.177,0.115,1.13,163.1,0.57,56.0,265.0,29.2,772,0.165,0.131,1.15,101.2,0.68,51.3,2721.0,33.8,0.1
1,close,atr,,120,1419,0.177,0.115,1.13,163.1,0.57,56.0,265.0,29.2,772,0.165,0.131,1.15,101.2,0.68,51.3,2721.0,33.8,0.1
1,close,atr,,240,1419,0.177,0.115,1.13,163.1,0.57,56.0,265.0,29.2,772,0.165,0.131,1.15,101.2,0.68,51.3,2721.0,33.8,0.1
1,close,atr,1.0,60,1419,0.512,-0.095,0.83,-134.4,-1.5,138.3,-1433.0,-24.1,772,0.481,-0.075,0.86,-58.0,-1.2,63.7,-1568.0,-19.4,0.1
1,close,atr,1.0,120,1419,0.512,-0.095,0.83,-134.4,-1.5,138.3,-1433.0,-24.1,772,0.481,-0.075,0.86,-58.0,-1.2,63.7,-1568.0,-19.4,0.1
1,close,atr,1.0,240,1419,0.512,-0.095,0.83,-134.4,-1.5,138.3,-1433.0,-24.1,772,0.481,-0.075,0.86,-58.0,-1.2,63.7,-1568.0,-19.4,0.1
1,close,atr,2.0,60,1419,0.356,-0.057,0.92,-81.0,-0.63,104.7,-1310.0,-14.5,772,0.339,-0.028,0.96,-21.2,-0.31,51.4,-605.0,-7.1,0.1
1,close,atr,2.0,120,1419,0.356,-0.057,0.92,-81.0,-0.63,104.7,-1310.0,-14.5,772,0.339,-0.028,0.96,-21.2,-0.31,51.4,-605.0,-7.1,0.1
1,close,atr,2.0,240,1419,0.356,-0.057,0.92,-81.0,-0.63,104.7,-1310.0,-14.5,772,0.339,-0.028,0.96,-21.2,-0.31,51.4,-605.0,-7.1,0.1
1,close,atr,3.0,60,1419,0.281,-0.014,0.98,-19.2,-0.12,95.4,-675.0,-3.4,772,0.275,0.039,1.05,30.1,0.35,40.0,871.0,10.1,0.1
1,close,atr,3.0,120,1419,0.281,-0.014,0.98,-19.2,-0.12,95.4,-675.0,-3.4,772,0.275,0.039,1.05,30.1,0.35,40.0,871.0,10.1,0.1
1,close,atr,3.0,240,1419,0.281,-0.014,0.98,-19.2,-0.12,95.4,-675.0,-3.4,772,0.275,0.039,1.05,30.1,0.35,40.0,871.0,10.1,0.1
1,close,atr,5.0,60,1419,0.204,-0.019,0.98,-26.3,-0.13,71.6,-1370.0,-4.7,772,0.199,0.059,1.07,45.2,0.41,50.3,1308.0,15.1,0.1
1,close,atr,5.0,120,1419,0.204,-0.019,0.98,-26.3,-0.13,71.6,-1370.0,-4.7,772,0.199,0.059,1.07,45.2,0.41,50.3,1308.0,15.1,0.1
1,close,atr,5.0,240,1419,0.204,-0.019,0.98,-26.3,-0.13,71.6,-1370.0,-4.7,772,0.199,0.059,1.07,45.2,0.41,50.3,1308.0,15.1,0.1
1,close,atr,10.0,60,1419,0.182,0.125,1.14,177.4,0.66,47.6,887.0,31.8,772,0.166,0.119,1.14,91.7,0.65,49.0,2483.0,30.6,0.1
1,close,atr,10.0,120,1419,0.182,0.125,1.14,177.4,0.66,47.6,887.0,31.8,772,0.166,0.119,1.14,91.7,0.65,49.0,2483.0,30.6,0.1
1,close,atr,10.0,240,1419,0.182,0.125,1.14,177.4,0.66,47.6,887.0,31.8,772,0.166,0.119,1.14,91.7,0.65,49.0,2483.0,30.6,0.1
1,close,atr,,60,1419,0.235,0.083,1.1,118.0,0.52,54.5,1047.0,21.2,772,0.231,0.093,1.12,71.9,0.61,39.3,2481.0,24.0,0.15
1,close,atr,,120,1419,0.235,0.083,1.1,118.0,0.52,54.5,1047.0,21.2,772,0.231,0.093,1.12,71.9,0.61,39.3,2481.0,24.0,0.15
1,close,atr,,240,1419,0.235,0.083,1.1,118.0,0.52,54.5,1047.0,21.2,772,0.231,0.093,1.12,71.9,0.61,39.3,2481.0,24.0,0.15
1,close,atr,1.0,60,1419,0.506,-0.067,0.87,-95.4,-1.07,114.4,-1511.0,-17.1,772,0.491,-0.043,0.92,-32.8,-0.68,56.5,-1328.0,-11.0,0.15
1,close,atr,1.0,120,1419,0.506,-0.067,0.87,-95.4,-1.07,114.4,-1511.0,-17.1,772,0.491,-0.043,0.92,-32.8,-0.68,56.5,-1328.0,-11.0,0.15
1,close,atr,1.0,240,1419,0.506,-0.067,0.87,-95.4,-1.07,114.4,-1511.0,-17.1,772,0.491,-0.043,0.92,-32.8,-0.68,56.5,-1328.0,-11.0,0.15
1,close,atr,2.0,60,1419,0.357,-0.022,0.97,-31.2,-0.25,63.8,-543.0,-5.6,772,0.348,0.006,1.01,4.4,0.06,43.9,246.0,1.5,0.15
1,close,atr,2.0,120,1419,0.357,-0.022,0.97,-31.2,-0.25,63.8,-543.0,-5.6,772,0.348,0.006,1.01,4.4,0.06,43.9,246.0,1.5,0.15
1,close,atr,2.0,240,1419,0.357,-0.022,0.97,-31.2,-0.25,63.8,-543.0,-5.6,772,0.348,0.006,1.01,4.4,0.06,43.9,246.0,1.5,0.15
1,close,atr,3.0,60,1419,0.284,-0.028,0.96,-39.7,-0.26,60.5,-1379.0,-7.1,772,0.285,0.048,1.07,37.3,0.44,37.0,1534.0,12.5,0.15
1,close,atr,3.0,120,1419,0.284,-0.028,0.96,-39.7,-0.26,60.5,-1379.0,-7.1,772,0.285,0.048,1.07,37.3,0.44,37.0,1534.0,12.5,0.15
1,close,atr,3.0,240,1419,0.284,-0.028,0.96,-39.7,-0.26,60.5,-1379.0,-7.1,772,0.285,0.048,1.07,37.3,0.44,37.0,1534.0,12.5,0.15
1,close,atr,5.0,60,1419,0.244,0.021,1.03,30.1,0.16,61.4,169.0,5.4,772,0.236,0.04,1.05,30.6,0.31,58.6,1357.0,10.2,0.15
1,close,atr,5.0,120,1419,0.244,0.021,1.03,30.1,0.16,61.4,169.0,5.4,772,0.236,0.04,1.05,30.6,0.31,58.6,1357.0,10.2,0.15
1,close,atr,5.0,240,1419,0.244,0.021,1.03,30.1,0.16,61.4,169.0,5.4,772,0.236,0.04,1.05,30.6,0.31,58.6,1357.0,10.2,0.15
1,close,atr,10.0,60,1419,0.235,0.084,1.1,118.6,0.53,55.3,933.0,21.3,772,0.231,0.076,1.1,58.5,0.52,39.3,1960.0,19.6,0.15
1,close,atr,10.0,120,1419,0.235,0.084,1.1,118.6,0.53,55.3,933.0,21.3,772,0.231,0.076,1.1,58.5,0.52,39.3,1960.0,19.6,0.15
1,close,atr,10.0,240,1419,0.235,0.084,1.1,118.6,0.53,55.3,933.0,21.3,772,0.231,0.076,1.1,58.5,0.52,39.3,1960.0,19.6,0.15
1,close,atr,,60,1419,0.334,0.047,1.07,67.1,0.42,35.7,414.0,12.0,772,0.33,0.067,1.1,51.7,0.61,34.4,2801.0,17.3,0.25
1,close,atr,,120,1419,0.334,0.047,1.07,67.1,0.42,35.7,414.0,12.0,772,0.33,0.067,1.1,51.7,0.61,34.4,2801.0,17.3,0.25
1,close,atr,,240,1419,0.334,0.047,1.07,67.1,0.42,35.7,414.0,12.0,772,0.33,0.067,1.1,51.7,0.61,34.4,2801.0,17.3,0.25
1,close,atr,1.0,60,1419,0.506,-0.032,0.93,-45.9,-0.52,68.9,-1061.0,-8.2,772,0.51,0.008,1.02,6.2,0.13,22.3,-1.0,2.1,0.25
1,close,atr,1.0,120,1419,0.506,-0.032,0.93,-45.9,-0.52,68.9,-1061.0,-8.2,772,0.51,0.008,1.02,6.2,0.13,22.3,-1.0,2.1,0.25
1,close,atr,1.0,240,1419,0.506,-0.032,0.93,-45.9,-0.52,68.9,-1061.0,-8.2,772,0.51,0.008,1.02,6.2,0.13,22.3,-1.0,2.1,0.25
1,close,atr,2.0,60,1419,0.377,-0.013,0.98,-19.0,-0.16,45.0,-1162.0,-3.4,772,0.372,0.02,1.03,15.2,0.23,33.1,537.0,5.1,0.25
1,close,atr,2.0,120,1419,0.377,-0.013,0.98,-19.0,-0.16,45.0,-1162.0,-3.4,772,0.372,0.02,1.03,15.2,0.23,33.1,537.0,5.1,0.25
1,close,atr,2.0,240,1419,0.377,-0.013,0.98,-19.0,-0.16,45.0,-1162.0,-3.4,772,0.372,0.02,1.03,15.2,0.23,33.1,537.0,5.1,0.25
1,close,atr,3.0,60,1419,0.344,0.004,1.01,5.8,0.04,48.5,-162.0,1.0,772,0.335,0.025,1.04,19.2,0.26,44.1,873.0,6.4,0.25
1,close,atr,3.0,120,1419,0.344,0.004,1.01,5.8,0.04,48.5,-162.0,1.0,772,0.335,0.025,1.04,19.2,0.26,44.1,873.0,6.4,0.25
1,close,atr,3.0,240,1419,0.344,0.004,1.01,5.8,0.04,48.5,-162.0,1.0,772,0.335,0.025,1.04,19.2,0.26,44.1,873.0,6.4,0.25
1,close,atr,5.0,60,1419,0.336,0.042,1.07,59.6,0.39,36.2,316.0,10.7,772,0.33,0.048,1.07,37.2,0.46,36.8,2025.0,12.4,0.25
1,close,atr,5.0,120,1419,0.336,0.042,1.07,59.6,0.39,36.2,316.0,10.7,772,0.33,0.048,1.07,37.2,0.46,36.8,2025.0,12.4,0.25
1,close,atr,5.0,240,1419,0.336,0.042,1.07,59.6,0.39,36.2,316.0,10.7,772,0.33,0.048,1.07,37.2,0.46,36.8,2025.0,12.4,0.25
1,close,atr,10.0,60,1419,0.334,0.057,1.09,81.3,0.49,32.2,701.0,14.6,772,0.33,0.067,1.1,51.7,0.61,34.4,2801.0,17.3,0.25
1,close,atr,10.0,120,1419,0.334,0.057,1.09,81.3,0.49,32.2,701.0,14.6,772,0.33,0.067,1.1,51.7,0.61,34.4,2801.0,17.3,0.25
1,close,atr,10.0,240,1419,0.334,0.057,1.09,81.3,0.49,32.2,701.0,14.6,772,0.33,0.067,1.1,51.7,0.61,34.4,2801.0,17.3,0.25
1,candle,or,,60,1398,0.144,0.155,1.15,216.6,0.59,109.0,2131.0,38.8,768,0.117,0.07,1.07,53.7,0.28,71.9,1403.0,17.9,
1,candle,or,1.0,60,1398,0.468,-0.243,0.61,-340.4,-3.72,347.7,-1912.0,-61.0,768,0.424,-0.223,0.64,-171.4,-3.54,174.8,-2902.0,-57.3,
1,candle,or,2.0,60,1398,0.339,-0.166,0.79,-232.3,-1.82,249.4,-1238.0,-41.6,768,0.312,-0.134,0.82,-102.8,-1.52,114.4,-1986.0,-34.4,
1,candle,or,3.0,60,1398,0.275,-0.09,0.9,-125.4,-0.79,154.1,-443.0,-22.5,768,0.247,-0.094,0.88,-72.2,-0.87,97.9,-1490.0,-24.1,
1,candle,or,5.0,60,1398,0.211,0.024,1.03,33.3,0.16,110.3,752.0,6.0,768,0.177,-0.057,0.93,-44.1,-0.41,96.7,-1378.0,-14.7,
1,candle,or,10.0,60,1398,0.162,0.178,1.18,249.0,0.83,93.5,2156.0,44.6,768,0.133,0.036,1.04,27.7,0.19,68.9,568.0,9.3,
1,candle,mid,,60,1212,0.07,0.075,1.05,90.8,0.12,450.4,2072.0,16.3,660,0.064,0.203,1.17,133.9,0.39,109.5,1615.0,44.8,
1,candle,mid,1.0,60,1212,0.3,-1.057,0.17,-1281.4,-9.11,1286.2,-2156.0,-229.8,660,0.274,-0.707,0.25,-466.9,-8.88,467.8,-2678.0,-156.0,
1,candle,mid,2.0,60,1212,0.276,-0.86,0.34,-1042.4,-6.41,1057.3,-1152.0,-186.9,660,0.235,-0.556,0.44,-366.9,-5.54,369.3,-1879.0,-122.6,
1,candle,mid,3.0,60,1212,0.243,-0.734,0.46,-889.4,-4.82,906.3,-681.0,-159.5,660,0.205,-0.441,0.57,-290.9,-3.65,294.4,-1309.0,-97.2,
1,candle,mid,5.0,60,1212,0.178,-0.635,0.56,-769.4,-3.46,803.2,-825.0,-138.0,660,0.155,-0.329,0.69,-216.9,-2.12,224.4,-993.0,-72.5,
1,candle,mid,10.0,60,1212,0.126,-0.346,0.77,-419.3,-1.31,554.4,369.0,-75.2,660,0.102,-0.176,0.85,-115.9,-0.78,169.7,-306.0,-38.7,
1,candle,atr,,60,1398,0.117,0.347,1.32,485.2,1.0,141.5,2445.0,87.0,768,0.095,0.261,1.27,200.1,0.83,48.5,2794.0,66.9,0.05
1,candle,atr,1.0,60,1398,0.46,-0.311,0.53,-434.5,-4.81,445.5,-2055.0,-77.9,768,0.414,-0.249,0.61,-191.3,-4.0,193.9,-2556.0,-63.9,0.05
1,candle,atr,2.0,60,1398,0.364,-0.141,0.82,-196.8,-1.52,240.0,-571.0,-35.3,768,0.302,-0.174,0.77,-133.9,-2.01,143.8,-1828.0,-44.8,0.05
1,candle,atr,3.0,60,1398,0.292,-0.071,0.92,-99.6,-0.62,179.0,-68.0,-17.9,768,0.233,-0.153,0.82,-117.2,-1.44,132.1,-1749.0,-39.1,0.05
1,candle,atr,5.0,60,1398,0.212,0.012,1.01,16.1,0.07,139.0,475.0,2.9,768,0.181,-0.007,0.99,-5.2,-0.05,71.9,-42.0,-1.7,0.05
1,candle,atr,10.0,60,1398,0.14,0.136,1.13,189.9,0.6,127.7,1060.0,34.1,768,0.113,0.068,1.07,52.5,0.33,54.4,894.0,17.6,0.05
1,candle,atr,,60,1398,0.177,0.14,1.15,196.1,0.66,116.6,1953.0,35.2,768,0.151,0.11,1.13,84.6,0.54,49.3,1937.0,28.3,0.1
1,candle,atr,1.0,60,1398,0.501,-0.115,0.79,-160.4,-1.8,172.7,-1593.0,-28.8,768,0.478,-0.081,0.85,-62.1,-1.29,67.6,-1619.0,-20.8,0.1
1,candle,atr,2.0,60,1398,0.351,-0.073,0.9,-101.5,-0.8,135.9,-1143.0,-18.2,768,0.328,-0.058,0.92,-44.8,-0.66,73.0,-1110.0,-15.0,0.1
1,candle,atr,3.0,60,1398,0.283,-0.014,0.98,-20.1,-0.13,91.2,-256.0,-3.6,768,0.254,-0.035,0.95,-26.7,-0.32,54.5,-895.0,-8.9,0.1
1,candle,atr,5.0,60,1398,0.207,-0.003,1.0,-4.7,-0.02,118.9,86.0,-0.8,768,0.186,-0.001,1.0,-0.9,-0.01,80.5,4.0,-0.3,0.1
1,candle,atr,10.0,60,1398,0.18,0.124,1.14,172.9,0.64,104.9,2192.0,31.0,768,0.151,0.03,1.03,23.3,0.17,59.4,600.0,7.8,0.1
1,candle,atr,,60,1398,0.238,0.089,1.11,124.9,0.55,80.9,1962.0,22.4,768,0.221,0.068,1.09,51.9,0.43,41.9,1018.0,17.4,0.15
1,candle,atr,1.0,60,1398,0.498,-0.082,0.85,-115.3,-1.3,131.2,-1443.0,-20.7,768,0.497,-0.028,0.95,-21.3,-0.44,32.4,-1152.0,-7.1,0.15
1,candle,atr,2.0,60,1398,0.352,-0.047,0.93,-65.8,-0.52,88.5,-982.0,-11.8,768,0.35,0.016,1.02,12.1,0.18,30.7,119.0,4.0,0.15
1,candle,atr,3.0,60,1398,0.29,-0.01,0.99,-13.6,-0.09,88.2,221.0,-2.4,768,0.283,0.036,1.05,27.8,0.33,47.5,650.0,9.3,0.15
1,candle,atr,5.0,60,1398,0.246,0.024,1.03,34.0,0.18,84.4,1058.0,6.1,768,0.23,0.013,1.02,10.2,0.1,59.5,-250.0,3.4,0.15
1,candle,atr,10.0,60,1398,0.238,0.089,1.11,123.9,0.56,76.4,1822.0,22.2,768,0.221,0.042,1.05,32.6,0.29,42.9,280.0,10.9,0.15
1,candle,atr,,60,1398,0.34,0.063,1.1,88.6,0.56,71.4,2679.0,15.9,768,0.333,0.111,1.17,85.4,0.96,25.3,4543.0,28.5,0.25
1,candle,atr,1.0,60,1398,0.508,-0.03,0.94,-41.7,-0.48,54.9,-904.0,-7.5,768,0.517,0.026,1.05,19.8,0.42,21.7,1001.0,6.6,0.25
1,candle,atr,2.0,60,1398,0.381,-0.001,1.0,-1.1,-0.01,65.5,490.0,-0.2,768,0.382,0.051,1.08,38.8,0.59,20.9,1920.0,13.0,0.25
1,candle,atr,3.0,60,1398,0.351,0.034,1.05,46.8,0.35,76.8,2297.0,8.4,768,0.341,0.048,1.08,37.1,0.5,29.1,1712.0,12.4,0.25
1,candle,atr,5.0,60,1398,0.342,0.061,1.09,85.0,0.56,71.1,2841.0,15.2,768,0.333,0.077,1.12,59.1,0.72,26.9,2971.0,19.7,0.25
1,candle,atr,10.0,60,1398,0.34,0.072,1.11,100.6,0.62,71.4,2921.0,18.0,768,0.333,0.111,1.17,85.4,0.96,25.3,4543.0,28.5,0.25
5,stop,or,,60,1417,0.296,0.05,1.07,71.5,0.4,61.2,341.0,12.8,769,0.285,0.119,1.17,91.3,0.9,30.8,5095.0,30.5,
5,stop,or,,120,1417,0.296,0.05,1.07,71.5,0.4,61.2,341.0,12.8,769,0.285,0.119,1.17,91.3,0.9,30.8,5095.0,30.5,
5,stop,or,,240,1417,0.296,0.05,1.07,71.5,0.4,61.2,341.0,12.8,769,0.285,0.119,1.17,91.3,0.9,30.8,5095.0,30.5,
5,stop,or,1.0,60,1417,0.512,-0.039,0.92,-55.9,-0.63,63.4,-1629.0,-10.0,769,0.499,-0.023,0.95,-17.8,-0.37,42.6,-815.0,-5.9,
5,stop,or,1.0,120,1417,0.512,-0.039,0.92,-55.9,-0.63,63.4,-1629.0,-10.0,769,0.499,-0.023,0.95,-17.8,-0.37,42.6,-815.0,-5.9,
5,stop,or,1.0,240,1417,0.512,-0.039,0.92,-55.9,-0.63,63.4,-1629.0,-10.0,769,0.499,-0.023,0.95,-17.8,-0.37,42.6,-815.0,-5.9,
5,stop,or,2.0,60,1417,0.356,-0.049,0.93,-69.4,-0.57,82.3,-2763.0,-12.4,769,0.358,0.015,1.02,11.6,0.17,45.3,783.0,3.9,
5,stop,or,2.0,120,1417,0.356,-0.049,0.93,-69.4,-0.57,82.3,-2763.0,-12.4,769,0.358,0.015,1.02,11.6,0.17,45.3,783.0,3.9,
5,stop,or,2.0,240,1417,0.356,-0.049,0.93,-69.4,-0.57,82.3,-2763.0,-12.4,769,0.358,0.015,1.02,11.6,0.17,45.3,783.0,3.9,
5,stop,or,3.0,60,1417,0.319,0.0,1.0,0.6,0.0,60.1,-894.0,0.1,769,0.316,0.071,1.1,54.3,0.67,28.3,2814.0,18.1,
5,stop,or,3.0,120,1417,0.319,0.0,1.0,0.6,0.0,60.1,-894.0,0.1,769,0.316,0.071,1.1,54.3,0.67,28.3,2814.0,18.1,
5,stop,or,3.0,240,1417,0.319,0.0,1.0,0.6,0.0,60.1,-894.0,0.1,769,0.316,0.071,1.1,54.3,0.67,28.3,2814.0,18.1,
5,stop,or,5.0,60,1417,0.299,0.044,1.06,62.2,0.37,62.4,458.0,11.1,769,0.29,0.122,1.17,94.1,0.98,28.2,5146.0,31.4,
5,stop,or,5.0,120,1417,0.299,0.044,1.06,62.2,0.37,62.4,458.0,11.1,769,0.29,0.122,1.17,94.1,0.98,28.2,5146.0,31.4,
5,stop,or,5.0,240,1417,0.299,0.044,1.06,62.2,0.37,62.4,458.0,11.1,769,0.29,0.122,1.17,94.1,0.98,28.2,5146.0,31.4,
5,stop,or,10.0,60,1417,0.296,0.064,1.09,91.1,0.49,52.8,539.0,16.3,769,0.285,0.115,1.16,88.3,0.88,30.8,5006.0,29.5,
5,stop,or,10.0,120,1417,0.296,0.064,1.09,91.1,0.49,52.8,539.0,16.3,769,0.285,0.115,1.16,88.3,0.88,30.8,5006.0,29.5,
5,stop,or,10.0,240,1417,0.296,0.064,1.09,91.1,0.49,52.8,539.0,16.3,769,0.285,0.115,1.16,88.3,0.88,30.8,5006.0,29.5,
5,stop,mid,,60,1417,0.161,-0.025,0.97,-35.7,-0.13,135.8,-1827.0,-6.4,769,0.148,-0.024,0.97,-18.8,-0.14,73.2,958.0,-6.3,
5,stop,mid,,120,1417,0.161,-0.025,0.97,-35.7,-0.13,135.8,-1827.0,-6.4,769,0.148,-0.024,0.97,-18.8,-0.14,73.2,958.0,-6.3,
5,stop,mid,,240,1417,0.161,-0.025,0.97,-35.7,-0.13,135.8,-1827.0,-6.4,769,0.148,-0.024,0.97,-18.8,-0.14,73.2,958.0,-6.3,
5,stop,mid,1.0,60,1417,0.457,-0.216,0.65,-306.1,-3.37,308.7,-3402.0,-54.9,769,0.45,-0.152,0.74,-117.2,-2.4,119.1,-2270.0,-39.2,
5,stop,mid,1.0,120,1417,0.457,-0.216,0.65,-306.1,-3.37,308.7,-3402.0,-54.9,769,0.45,-0.152,0.74,-117.2,-2.4,119.1,-2270.0,-39.2,
5,stop,mid,1.0,240,1417,0.457,-0.216,0.65,-306.1,-3.37,308.7,-3402.0,-54.9,769,0.45,-0.152,0.74,-117.2,-2.4,119.1,-2270.0,-39.2,
5,stop,mid,2.0,60,1417,0.318,-0.176,0.77,-250.0,-1.98,256.0,-2948.0,-44.8,769,0.321,-0.091,0.87,-70.1,-1.03,93.2,-1046.0,-23.4,
5,stop,mid,2.0,120,1417,0.318,-0.176,0.77,-250.0,-1.98,256.0,-2948.0,-44.8,769,0.321,-0.091,0.87,-70.1,-1.03,93.2,-1046.0,-23.4,
5,stop,mid,2.0,240,1417,0.318,-0.176,0.77,-250.0,-1.98,256.0,-2948.0,-44.8,769,0.321,-0.091,0.87,-70.1,-1.03,93.2,-1046.0,-23.4,
5,stop,mid,3.0,60,1417,0.237,-0.195,0.77,-276.0,-1.82,288.7,-3191.0,-49.5,769,0.25,-0.063,0.92,-48.8,-0.58,82.3,-241.0,-16.3,
5,stop,mid,3.0,120,1417,0.237,-0.195,0.77,-276.0,-1.82,288.7,-3191.0,-49.5,769,0.25,-0.063,0.92,-48.8,-0.58,82.3,-241.0,-16.3,
5,stop,mid,3.0,240,1417,0.237,-0.195,0.77,-276.0,-1.82,288.7,-3191.0,-49.5,769,0.25,-0.063,0.92,-48.8,-0.58,82.3,-241.0,-16.3,
5,stop,mid,5.0,60,1417,0.181,-0.162,0.82,-229.0,-1.2,243.2,-3827.0,-41.1,769,0.173,-0.091,0.9,-70.0,-0.67,107.6,-122.0,-23.4,
5,stop,mid,5.0,120,1417,0.181,-0.162,0.82,-229.0,-1.2,243.2,-3827.0,-41.1,769,0.173,-0.091,0.9,-70.0,-0.67,107.6,-122.0,-23.4,
5,stop,mid,5.0,240,1417,0.181,-0.162,0.82,-229.0,-1.2,243.2,-3827.0,-41.1,769,0.173,-0.091,0.9,-70.0,-0.67,107.6,-122.0,-23.4,
5,stop,mid,10.0,60,1417,0.162,-0.03,0.97,-42.7,-0.17,119.2,-1787.0,-7.7,769,0.15,-0.025,0.97,-19.3,-0.14,85.2,1073.0,-6.5,
5,stop,mid,10.0,120,1417,0.162,-0.03,0.97,-42.7,-0.17,119.2,-1787.0,-7.7,769,0.15,-0.025,0.97,-19.3,-0.14,85.2,1073.0,-6.5,
5,stop,mid,10.0,240,1417,0.162,-0.03,0.97,-42.7,-0.17,119.2,-1787.0,-7.7,769,0.15,-0.025,0.97,-19.3,-0.14,85.2,1073.0,-6.5,
5,stop,atr,,60,1417,0.075,-0.471,0.64,-667.3,-1.83,671.0,-4213.0,-119.6,769,0.056,-0.478,0.57,-367.4,-2.12,397.1,-4743.0,-122.8,0.05
5,stop,atr,,120,1417,0.075,-0.471,0.64,-667.3,-1.83,671.0,-4213.0,-119.6,769,0.056,-0.478,0.57,-367.4,-2.12,397.1,-4743.0,-122.8,0.05
5,stop,atr,,240,1417,0.075,-0.471,0.64,-667.3,-1.83,671.0,-4213.0,-119.6,769,0.056,-0.478,0.57,-367.4,-2.12,397.1,-4743.0,-122.8,0.05
5,stop,atr,1.0,60,1417,0.275,-0.857,0.2,-1214.0,-12.31,1214.0,-6709.0,-217.7,769,0.282,-0.62,0.29,-477.1,-9.81,475.9,-6484.0,-159.4,0.05
5,stop,atr,1.0,120,1417,0.275,-0.857,0.2,-1214.0,-12.31,1214.0,-6709.0,-217.7,769,0.282,-0.62,0.29,-477.1,-9.81,475.9,-6484.0,-159.4,0.05
5,stop,atr,1.0,240,1417,0.275,-0.857,0.2,-1214.0,-12.31,1214.0,-6709.0,-217.7,769,0.282,-0.62,0.29,-477.1,-9.81,475.9,-6484.0,-159.4,0.05
5,stop,atr,2.0,60,1417,0.203,-0.8,0.31,-1133.6,-9.23,1133.6,-6388.0,-203.3,769,0.198,-0.601,0.38,-462.5,-7.55,461.3,-6175.0,-154.6,0.05
5,stop,atr,2.0,120,1417,0.203,-0.8,0.31,-1133.6,-9.23,1133.6,-6388.0,-203.3,769,0.198,-0.601,0.38,-462.5,-7.55,461.3,-6175.0,-154.6,0.05
5,stop,atr,2.0,240,1417,0.203,-0.8,0.31,-1133.6,-9.23,1133.6,-6388.0,-203.3,769,0.198,-0.601,0.38,-462.5,-7.55,461.3,-6175.0,-154.6,0.05
5,stop,atr,3.0,60,1417,0.163,-0.763,0.37,-1081.8,-7.5,1081.8,-6044.0,-194.0,769,0.15,-0.604,0.41,-464.5,-6.51,464.1,-6071.0,-155.2,0.05
5,stop,atr,3.0,120,1417,0.163,-0.763,0.37,-1081.8,-7.5,1081.8,-6044.0,-194.0,769,0.15,-0.604,0.41,-464.5,-6.51,464.1,-6071.0,-155.2,0.05
5,stop,atr,3.0,240,1417,0.163,-0.763,0.37,-1081.8,-7.5,1081.8,-6044.0,-194.0,769,0.15,-0.604,0.41,-464.5,-6.51,464.1,-6071.0,-155.2,0.05
5,stop,atr,5.0,60,1417,0.121,-0.708,0.44,-1002.9,-5.53,1003.5,-5673.0,-179.8,769,0.107,-0.583,0.46,-448.0,-5.01,446.8,-5724.0,-149.7,0.05
5,stop,atr,5.0,120,1417,0.121,-0.708,0.44,-1002.9,-5.53,1003.5,-5673.0,-179.8,769,0.107,-0.583,0.46,-448.0,-5.01,446.8,-5724.0,-149.7,0.05
5,stop,atr,5.0,240,1417,0.121,-0.708,0.44,-1002.9,-5.53,1003.5,-5673.0,-179.8,769,0.107,-0.583,0.46,-448.0,-5.01,446.8,-5724.0,-149.7,0.05
5,stop,atr,10.0,60,1417,0.087,-0.589,0.55,-834.8,-3.22,838.5,-4520.0,-149.7,769,0.064,-0.597,0.46,-459.0,-3.88,457.8,-6047.0,-153.4,0.05
5,stop,atr,10.0,120,1417,0.087,-0.589,0.55,-834.8,-3.22,838.5,-4520.0,-149.7,769,0.064,-0.597,0.46,-459.0,-3.88,457.8,-6047.0,-153.4,0.05
5,stop,atr,10.0,240,1417,0.087,-0.589,0.55,-834.8,-3.22,838.5,-4520.0,-149.7,769,0.064,-0.597,0.46,-459.0,-3.88,457.8,-6047.0,-153.4,0.05
5,stop,atr,,60,1417,0.181,0.101,1.11,143.2,0.5,72.4,374.0,25.7,769,0.166,0.069,1.08,53.1,0.37,52.5,2021.0,17.7,0.1
5,stop,atr,,120,1417,0.181,0.101,1.11,143.2,0.5,72.4,374.0,25.7,769,0.166,0.069,1.08,53.1,0.37,52.5,2021.0,17.7,0.1
5,stop,atr,,240,1417,0.181,0.101,1.11,143.2,0.5,72.4,374.0,25.7,769,0.166,0.069,1.08,53.1,0.37,52.5,2021.0,17.7,0.1
5,stop,atr,1.0,60,1417,0.469,-0.194,0.68,-274.7,-3.02,276.9,-3145.0,-49.2,769,0.476,-0.095,0.83,-73.1,-1.51,81.0,-1549.0,-24.4,0.1
5,stop,atr,1.0,120,1417,0.469,-0.194,0.68,-274.7,-3.02,276.9,-3145.0,-49.2,769,0.476,-0.095,0.83,-73.1,-1.51,81.0,-1549.0,-24.4,0.1
5,stop,atr,1.0,240,1417,0.469,-0.194,0.68,-274.7,-3.02,276.9,-3145.0,-49.2,769,0.476,-0.095,0.83,-73.1,-1.51,81.0,-1549.0,-24.4,0.1
5,stop,atr,2.0,60,1417,0.33,-0.152,0.8,-215.5,-1.7,222.3,-2437.0,-38.6,769,0.325,-0.082,0.88,-63.4,-0.94,78.6,-1070.0,-21.2,0.1
5,stop,atr,2.0,120,1417,0.33,-0.152,0.8,-215.5,-1.7,222.3,-2437.0,-38.6,769,0.325,-0.082,0.88,-63.4,-0.94,78.6,-1070.0,-21.2,0.1
5,stop,atr,2.0,240,1417,0.33,-0.152,0.8,-215.5,-1.7,222.3,-2437.0,-38.6,769,0.325,-0.082,0.88,-63.4,-0.94,78.6,-1070.0,-21.2,0.1
5,stop,atr,3.0,60,1417,0.26,-0.129,0.85,-182.7,-1.18,197.5,-2501.0,-32.8,769,0.256,-0.046,0.94,-35.3,-0.42,74.6,-392.0,-11.8,0.1
5,stop,atr,3.0,120,1417,0.26,-0.129,0.85,-182.7,-1.18,197.5,-2501.0,-32.8,769,0.256,-0.046,0.94,-35.3,-0.42,74.6,-392.0,-11.8,0.1
5,stop,atr,3.0,240,1417,0.26,-0.129,0.85,-182.7,-1.18,197.5,-2501.0,-32.8,769,0.256,-0.046,0.94,-35.3,-0.42,74.6,-392.0,-11.8,0.1
5,stop,atr,5.0,60,1417,0.203,-0.071,0.92,-100.6,-0.51,116.3,-1489.0,-18.0,769,0.19,-0.018,0.98,-13.8,-0.13,67.5,288.0,-4.6,0.1
5,stop,atr,5.0,120,1417,0.203,-0.071,0.92,-100.6,-0.51,116.3,-1489.0,-18.0,769,0.19,-0.018,0.98,-13.8,-0.13,67.5,288.0,-4.6,0.1
5,stop,atr,5.0,240,1417,0.203,-0.071,0.92,-100.6,-0.51,116.3,-1489.0,-18.0,769,0.19,-0.018,0.98,-13.8,-0.13,67.5,288.0,-4.6,0.1
5,stop,atr,10.0,60,1417,0.183,0.079,1.09,112.0,0.42,71.9,305.0,20.1,769,0.166,0.067,1.08,51.7,0.38,49.3,2084.0,17.3,0.1
5,stop,atr,10.0,120,1417,0.183,0.079,1.09,112.0,0.42,71.9,305.0,20.1,769,0.166,0.067,1.08,51.7,0.38,49.3,2084.0,17.3,0.1
5,stop,atr,10.0,240,1417,0.183,0.079,1.09,112.0,0.42,71.9,305.0,20.1,769,0.166,0.067,1.08,51.7,0.38,49.3,2084.0,17.3,0.1
5,stop,atr,,60,1417,0.25,0.088,1.11,124.7,0.56,57.5,654.0,22.4,769,0.235,0.105,1.14,81.1,0.71,31.5,3307.0,27.1,0.15
5,stop,atr,,120,1417,0.25,0.088,1.11,124.7,0.56,57.5,654.0,22.4,769,0.235,0.105,1.14,81.1,0.71,31.5,3307.0,27.1,0.15
5,stop,atr,,240,1417,0.25,0.088,1.11,124.7,0.56,57.5,654.0,22.4,769,0.235,0.105,1.14,81.1,0.71,31.5,3307.0,27.1,0.15
5,stop,atr,1.0,60,1417,0.511,-0.061,0.88,-86.3,-0.96,89.9,-1790.0,-15.5,769,0.477,-0.072,0.86,-55.7,-1.16,70.5,-1784.0,-18.6,0.15
5,stop,atr,1.0,120,1417,0.511,-0.061,0.88,-86.3,-0.96,89.9,-1790.0,-15.5,769,0.477,-0.072,0.86,-55.7,-1.16,70.5,-1784.0,-18.6,0.15
5,stop,atr,1.0,240,1417,0.511,-0.061,0.88,-86.3,-0.96,89.9,-1790.0,-15.5,769,0.477,-0.072,0.86,-55.7,-1.16,70.5,-1784.0,-18.6,0.15
5,stop,atr,2.0,60,1417,0.353,-0.054,0.92,-76.9,-0.61,100.8,-2111.0,-13.8,769,0.35,0.005,1.01,4.2,0.06,41.6,419.0,1.4,0.15
5,stop,atr,2.0,120,1417,0.353,-0.054,0.92,-76.9,-0.61,100.8,-2111.0,-13.8,769,0.35,0.005,1.01,4.2,0.06,41.6,419.0,1.4,0.15
5,stop,atr,2.0,240,1417,0.353,-0.054,0.92,-76.9,-0.61,100.8,-2111.0,-13.8,769,0.35,0.005,1.01,4.2,0.06,41.6,419.0,1.4,0.15
5,stop,atr,3.0,60,1417,0.296,-0.018,0.98,-25.1,-0.17,58.4,-1206.0,-4.5,769,0.282,0.04,1.06,31.0,0.37,32.1,1462.0,10.4,0.15
5,stop,atr,3.0,120,1417,0.296,-0.018,0.98,-25.1,-0.17,58.4,-1206.0,-4.5,769,0.282,0.04,1.06,31.0,0.37,32.1,1462.0,10.4,0.15
5,stop,atr,3.0,240,1417,0.296,-0.018,0.98,-25.1,-0.17,58.4,-1206.0,-4.5,769,0.282,0.04,1.06,31.0,0.37,32.1,1462.0,10.4,0.15
5,stop,atr,5.0,60,1417,0.26,0.025,1.03,35.9,0.19,63.6,257.0,6.4,769,0.243,0.091,1.12,69.7,0.68,26.0,3126.0,23.3,0.15
5,stop,atr,5.0,120,1417,0.26,0.025,1.03,35.9,0.19,63.6,257.0,6.4,769,0.243,0.091,1.12,69.7,0.68,26.0,3126.0,23.3,0.15
5,stop,atr,5.0,240,1417,0.26,0.025,1.03,35.9,0.19,63.6,257.0,6.4,769,0.243,0.091,1.12,69.7,0.68,26.0,3126.0,23.3,0.15
5,stop,atr,10.0,60,1417,0.25,0.095,1.12,134.9,0.61,57.8,686.0,24.2,769,0.235,0.095,1.12,72.7,0.65,31.5,2975.0,24.3,0.15
5,stop,atr,10.0,120,1417,0.25,0.095,1.12,134.9,0.61,57.8,686.0,24.2,769,0.235,0.095,1.12,72.7,0.65,31.5,2975.0,24.3,0.15
5,stop,atr,10.0,240,1417,0.25,0.095,1.12,134.9,0.61,57.8,686.0,24.2,769,0.235,0.095,1.12,72.7,0.65,31.5,2975.0,24.3,0.15
5,stop,atr,,60,1417,0.338,0.034,1.05,48.6,0.31,50.5,460.0,8.7,769,0.351,0.111,1.18,85.4,1.02,29.5,6046.0,28.5,0.25
5,stop,atr,,120,1417,0.338,0.034,1.05,48.6,0.31,50.5,460.0,8.7,769,0.351,0.111,1.18,85.4,1.02,29.5,6046.0,28.5,0.25
5,stop,atr,,240,1417,0.338,0.034,1.05,48.6,0.31,50.5,460.0,8.7,769,0.351,0.111,1.18,85.4,1.02,29.5,6046.0,28.5,0.25
5,stop,atr,1.0,60,1417,0.506,-0.033,0.93,-46.2,-0.53,54.7,-1183.0,-8.3,769,0.498,-0.017,0.97,-13.1,-0.28,44.2,-743.0,-4.4,0.25
5,stop,atr,1.0,120,1417,0.506,-0.033,0.93,-46.2,-0.53,54.7,-1183.0,-8.3,769,0.498,-0.017,0.97,-13.1,-0.28,44.2,-743.0,-4.4,0.25
5,stop,atr,1.0,240,1417,0.506,-0.033,0.93,-46.2,-0.53,54.7,-1183.0,-8.3,769,0.498,-0.017,0.97,-13.1,-0.28,44.2,-743.0,-4.4,0.25
5,stop,atr,2.0,60,1417,0.381,-0.02,0.97,-28.8,-0.25,50.7,-1491.0,-5.2,769,0.385,0.042,1.07,32.2,0.49,34.1,2233.0,10.8,0.25
5,stop,atr,2.0,120,1417,0.381,-0.02,0.97,-28.8,-0.25,50.7,-1491.0,-5.2,769,0.385,0.042,1.07,32.2,0.49,34.1,2233.0,10.8,0.25
5,stop,atr,2.0,240,1417,0.381,-0.02,0.97,-28.8,-0.25,50.7,-1491.0,-5.2,769,0.385,0.042,1.07,32.2,0.49,34.1,2233.0,10.8,0.25
5,stop,atr,3.0,60,1417,0.351,-0.006,0.99,-8.6,-0.06,65.3,-86.0,-1.5,769,0.363,0.093,1.15,71.3,0.95,23.7,5066.0,23.8,0.25
5,stop,atr,3.0,120,1417,0.351,-0.006,0.99,-8.6,-0.06,65.3,-86.0,-1.5,769,0.363,0.093,1.15,71.3,0.95,23.7,5066.0,23.8,0.25
5,stop,atr,3.0,240,1417,0.351,-0.006,0.99,-8.6,-0.06,65.3,-86.0,-1.5,769,0.363,0.093,1.15,71.3,0.95,23.7,5066.0,23.8,0.25
5,stop,atr,5.0,60,1417,0.339,0.035,1.05,49.3,0.33,43.9,599.0,8.8,769,0.351,0.096,1.15,74.1,0.91,29.9,5369.0,24.8,0.25
5,stop,atr,5.0,120,1417,0.339,0.035,1.05,49.3,0.33,43.9,599.0,8.8,769,0.351,0.096,1.15,74.1,0.91,29.9,5369.0,24.8,0.25
5,stop,atr,5.0,240,1417,0.339,0.035,1.05,49.3,0.33,43.9,599.0,8.8,769,0.351,0.096,1.15,74.1,0.91,29.9,5369.0,24.8,0.25
5,stop,atr,10.0,60,1417,0.338,0.042,1.06,59.3,0.37,47.7,689.0,10.6,769,0.351,0.111,1.18,85.4,1.02,29.5,6046.0,28.5,0.25
5,stop,atr,10.0,120,1417,0.338,0.042,1.06,59.3,0.37,47.7,689.0,10.6,769,0.351,0.111,1.18,85.4,1.02,29.5,6046.0,28.5,0.25
5,stop,atr,10.0,240,1417,0.338,0.042,1.06,59.3,0.37,47.7,689.0,10.6,769,0.351,0.111,1.18,85.4,1.02,29.5,6046.0,28.5,0.25
5,close,or,,60,1410,0.321,0.017,1.03,24.3,0.15,59.2,-811.0,4.4,768,0.316,0.133,1.2,102.4,1.08,27.4,4860.0,34.2,
5,close,or,,120,1419,0.322,0.016,1.02,22.1,0.14,59.3,-955.0,4.0,771,0.315,0.129,1.19,99.4,1.05,28.4,4684.0,33.2,
5,close,or,,240,1419,0.322,0.016,1.02,22.1,0.14,59.3,-955.0,4.0,772,0.316,0.129,1.19,99.9,1.06,27.9,4723.0,33.4,
5,close,or,1.0,60,1410,0.499,-0.055,0.89,-77.9,-0.88,99.4,-2489.0,-14.0,768,0.505,-0.005,0.99,-3.7,-0.08,37.7,-997.0,-1.2,
5,close,or,1.0,120,1419,0.5,-0.053,0.9,-75.4,-0.85,98.1,-2467.0,-13.5,771,0.505,-0.006,0.99,-4.8,-0.1,38.7,-1084.0,-1.6,
5,close,or,1.0,240,1419,0.5,-0.053,0.9,-75.4,-0.85,98.1,-2467.0,-13.5,772,0.505,-0.006,0.99,-4.3,-0.09,38.2,-1046.0,-1.4,
5,close,or,2.0,60,1410,0.36,-0.063,0.9,-88.2,-0.75,114.9,-3532.0,-15.8,768,0.372,0.041,1.07,31.6,0.47,30.7,1221.0,10.6,
5,close,or,2.0,120,1419,0.361,-0.064,0.9,-90.4,-0.76,117.1,-3676.0,-16.2,771,0.371,0.037,1.06,28.5,0.43,33.8,1045.0,9.5,
5,close,or,2.0,240,1419,0.361,-0.064,0.9,-90.4,-0.76,117.1,-3676.0,-16.2,772,0.372,0.038,1.06,29.1,0.43,33.3,1084.0,9.7,
5,close,or,3.0,60,1410,0.333,-0.007,0.99,-10.3,-0.07,56.8,-1298.0,-1.8,768,0.341,0.1,1.15,77.0,0.98,26.0,3318.0,25.7,
5,close,or,3.0,120,1419,0.334,-0.009,0.99,-12.5,-0.09,58.5,-1442.0,-2.2,771,0.34,0.096,1.15,73.9,0.94,27.0,3142.0,24.7,
5,close,or,3.0,240,1419,0.334,-0.009,0.99,-12.5,-0.09,58.5,-1442.0,-2.2,772,0.341,0.096,1.15,74.5,0.95,26.5,3181.0,24.9,
5,close,or,5.0,60,1410,0.321,0.018,1.03,25.6,0.16,55.9,-661.0,4.6,768,0.318,0.132,1.2,101.5,1.12,33.6,4921.0,33.9,
5,close,or,5.0,120,1419,0.322,0.016,1.02,23.4,0.15,54.9,-805.0,4.2,771,0.316,0.128,1.19,98.5,1.08,34.7,4746.0,32.9,
5,close,or,5.0,240,1419,0.322,0.016,1.02,23.4,0.15,54.9,-805.0,4.2,772,0.317,0.128,1.19,99.0,1.09,34.1,4784.0,33.1,
5,close,or,10.0,60,1410,0.321,0.021,1.03,30.2,0.19,57.9,-765.0,5.4,768,0.316,0.132,1.19,101.2,1.08,27.4,4811.0,33.8,
5,close,or,10.0,120,1419,0.322,0.02,1.03,28.0,0.18,59.3,-909.0,5.0,771,0.315,0.127,1.19,98.1,1.04,28.4,4635.0,32.8,
5,close,or,10.0,240,1419,0.322,0.02,1.03,28.0,0.18,59.3,-909.0,5.0,772,0.316,0.128,1.19,98.6,1.05,27.9,4674.0,33.0,
5,close,mid,,60,1410,0.214,0.075,1.09,106.1,0.45,68.2,516.0,19.0,768,0.193,0.099,1.12,76.1,0.58,75.0,3352.0,25.4,
5,close,mid,,120,1419,0.214,0.071,1.08,100.7,0.43,67.3,373.0,18.1,771,0.192,0.095,1.11,73.0,0.56,76.0,3258.0,24.4,
5,close,mid,,240,1419,0.214,0.071,1.08,100.7,0.43,67.3,373.0,18.1,772,0.193,0.096,1.12,74.0,0.57,75.0,3297.0,24.7,
5,close,mid,1.0,60,1410,0.492,-0.111,0.8,-157.0,-1.75,163.2,-2724.0,-28.1,768,0.508,-0.02,0.96,-15.0,-0.31,35.3,-572.0,-5.0,
5,close,mid,1.0,120,1419,0.493,-0.109,0.8,-154.8,-1.72,161.0,-2711.0,-27.7,771,0.508,-0.018,0.96,-14.1,-0.29,34.4,-549.0,-4.7,
5,close,mid,1.0,240,1419,0.493,-0.109,0.8,-154.8,-1.72,161.0,-2711.0,-27.7,772,0.509,-0.017,0.97,-13.1,-0.27,33.5,-512.0,-4.4,
5,close,mid,2.0,60,1410,0.338,-0.09,0.88,-126.4,-1.0,159.2,-2439.0,-22.7,768,0.35,0.011,1.02,8.3,0.12,39.9,273.0,2.8,
5,close,mid,2.0,120,1419,0.338,-0.09,0.87,-128.1,-1.01,160.8,-2494.0,-23.0,771,0.35,0.011,1.02,8.2,0.12,40.0,247.0,2.7,
5,close,mid,2.0,240,1419,0.338,-0.09,0.87,-128.1,-1.01,160.8,-2494.0,-23.0,772,0.351,0.012,1.02,9.2,0.13,39.0,285.0,3.1,
5,close,mid,3.0,60,1410,0.266,-0.084,0.89,-118.6,-0.78,149.2,-2326.0,-21.3,768,0.266,0.008,1.01,5.9,0.07,39.6,742.0,2.0,
5,close,mid,3.0,120,1419,0.266,-0.087,0.89,-124.0,-0.81,151.5,-2469.0,-22.2,771,0.266,0.009,1.01,6.8,0.08,38.7,738.0,2.3,
5,close,mid,3.0,240,1419,0.266,-0.087,0.89,-124.0,-0.81,151.5,-2469.0,-22.2,772,0.267,0.01,1.01,7.8,0.09,37.7,777.0,2.6,
5,close,mid,5.0,60,1410,0.227,0.015,1.02,21.5,0.11,69.8,-608.0,3.9,768,0.215,0.07,1.09,53.6,0.5,58.5,2602.0,17.9,
5,close,mid,5.0,120,1419,0.227,0.011,1.01,16.1,0.08,68.9,-751.0,2.9,771,0.214,0.066,1.08,50.5,0.47,59.6,2508.0,16.9,
5,close,mid,5.0,240,1419,0.227,0.011,1.01,16.1,0.08,68.9,-751.0,2.9,772,0.215,0.067,1.08,51.5,0.48,58.5,2547.0,17.2,
5,close,mid,10.0,60,1410,0.214,0.083,1.1,117.4,0.5,66.2,671.0,21.1,768,0.193,0.085,1.1,65.2,0.51,76.7,3049.0,21.8,
5,close,mid,10.0,120,1419,0.214,0.079,1.09,112.0,0.48,65.3,528.0,20.1,771,0.192,0.08,1.1,62.0,0.49,77.7,2955.0,20.7,
5,close,mid,10.0,240,1419,0.214,0.079,1.09,112.0,0.48,65.3,528.0,20.1,772,0.193,0.082,1.1,63.1,0.5,76.7,2994.0,21.1,
5,close,atr,,60,1410,0.097,-0.022,0.98,-31.2,-0.08,228.7,429.0,-5.6,768,0.09,0.081,1.08,61.9,0.29,154.7,1024.0,20.7,0.05
5,close,atr,,120,1419,0.097,-0.027,0.98,-38.7,-0.1,229.1,379.0,-6.9,771,0.089,0.076,1.08,58.6,0.28,155.8,989.0,19.6,0.05
5,close,atr,,240,1419,0.097,-0.027,0.98,-38.7,-0.1,229.1,379.0,-6.9,772,0.089,0.074,1.08,57.5,0.27,156.9,978.0,19.2,0.05
5,close,atr,1.0,60,1410,0.48,-0.272,0.58,-383.6,-4.21,390.3,-1544.0,-68.8,768,0.445,-0.187,0.69,-143.2,-2.97,145.7,-1886.0,-47.9,0.05
5,close,atr,1.0,120,1419,0.481,-0.27,0.58,-383.2,-4.2,389.9,-1539.0,-68.7,771,0.447,-0.182,0.69,-140.5,-2.91,143.0,-1856.0,-47.0,0.05
5,close,atr,1.0,240,1419,0.481,-0.27,0.58,-383.2,-4.2,389.9,-1539.0,-68.7,772,0.447,-0.183,0.69,-141.6,-2.93,144.1,-1868.0,-47.3,0.05
5,close,atr,2.0,60,1410,0.346,-0.196,0.76,-276.5,-2.15,291.7,-1146.0,-49.6,768,0.331,-0.094,0.87,-71.9,-1.06,87.8,-764.0,-24.0,0.05
5,close,atr,2.0,120,1419,0.347,-0.195,0.76,-276.2,-2.14,290.3,-1172.0,-49.5,771,0.332,-0.09,0.88,-69.2,-1.01,85.0,-736.0,-23.1,0.05
5,close,atr,2.0,240,1419,0.347,-0.195,0.76,-276.2,-2.14,290.3,-1172.0,-49.5,772,0.332,-0.091,0.87,-70.3,-1.03,86.1,-748.0,-23.5,0.05
5,close,atr,3.0,60,1410,0.274,-0.144,0.84,-203.5,-1.28,234.4,-1045.0,-36.5,768,0.243,-0.123,0.85,-94.8,-1.15,109.1,-1013.0,-31.7,0.05
5,close,atr,3.0,120,1419,0.275,-0.143,0.84,-203.1,-1.27,230.8,-1068.0,-36.4,771,0.245,-0.117,0.86,-90.0,-1.09,104.4,-963.0,-30.1,0.05
5,close,atr,3.0,240,1419,0.275,-0.143,0.84,-203.1,-1.27,230.8,-1068.0,-36.4,772,0.245,-0.118,0.85,-91.1,-1.1,105.4,-975.0,-30.5,0.05
5,close,atr,5.0,60,1410,0.198,-0.077,0.92,-109.0,-0.52,188.1,-142.0,-19.5,768,0.165,-0.126,0.86,-97.1,-0.92,144.9,-967.0,-32.5,0.05
5,close,atr,5.0,120,1419,0.198,-0.077,0.92,-108.6,-0.51,181.9,-170.0,-19.5,771,0.166,-0.122,0.86,-94.4,-0.89,142.1,-940.0,-31.5,0.05
5,close,atr,5.0,240,1419,0.198,-0.077,0.92,-108.6,-0.51,181.9,-170.0,-19.5,772,0.166,-0.124,0.86,-95.5,-0.9,143.2,-952.0,-31.9,0.05
5,close,atr,10.0,60,1410,0.116,-0.115,0.89,-162.8,-0.56,230.3,-623.0,-29.2,768,0.1,-0.088,0.91,-67.8,-0.45,170.6,-696.0,-22.7,0.05
5,close,atr,10.0,120,1419,0.116,-0.12,0.89,-170.3,-0.59,232.9,-674.0,-30.5,771,0.1,-0.092,0.9,-71.1,-0.47,173.9,-731.0,-23.7,0.05
5,close,atr,10.0,240,1419,0.116,-0.12,0.89,-170.3,-0.59,232.9,-674.0,-30.5,772,0.1,-0.093,0.9,-72.2,-0.48,175.0,-742.0,-24.1,0.05
5,close,atr,,60,1410,0.186,0.111,1.12,157.0,0.56,108.0,1295.0,28.1,768,0.176,0.119,1.14,91.1,0.64,65.6,2906.0,30.4,0.1
5,close,atr,,120,1419,0.185,0.105,1.12,149.2,0.54,108.0,1197.0,26.8,771,0.175,0.114,1.13,88.0,0.62,66.6,2839.0,29.4,0.1
5,close,atr,,240,1419,0.185,0.105,1.12,149.2,0.54,108.0,1197.0,26.8,772,0.175,0.113,1.13,86.9,0.61,67.7,2817.0,29.0,0.1
5,close,atr,1.0,60,1410,0.506,-0.106,0.81,-148.9,-1.66,157.4,-1705.0,-26.7,768,0.516,-0.009,0.98,-7.2,-0.15,37.5,260.0,-2.4,0.1
5,close,atr,1.0,120,1419,0.507,-0.104,0.81,-147.2,-1.64,155.7,-1711.0,-26.4,771,0.516,-0.008,0.98,-6.3,-0.13,36.6,277.0,-2.1,0.1
5,close,atr,1.0,240,1419,0.507,-0.104,0.81,-147.2,-1.64,155.7,-1711.0,-26.4,772,0.516,-0.01,0.98,-7.4,-0.15,37.7,256.0,-2.5,0.1
5,close,atr,2.0,60,1410,0.35,-0.083,0.89,-117.0,-0.92,149.3,-1393.0,-21.0,768,0.349,-0.008,0.99,-6.3,-0.09,60.8,558.0,-2.1,0.1
5,close,atr,2.0,120,1419,0.35,-0.081,0.89,-115.3,-0.91,147.5,-1383.0,-20.7,771,0.35,-0.004,0.99,-3.4,-0.05,57.9,617.0,-1.1,0.1
5,close,atr,2.0,240,1419,0.35,-0.081,0.89,-115.3,-0.91,147.5,-1383.0,-20.7,772,0.35,-0.006,0.99,-4.5,-0.07,59.0,595.0,-1.5,0.1
5,close,atr,3.0,60,1410,0.276,-0.051,0.94,-72.2,-0.46,128.7,-1014.0,-12.9,768,0.26,-0.031,0.96,-23.5,-0.28,76.3,-187.0,-7.8,0.1
5,close,atr,3.0,120,1419,0.276,-0.053,0.93,-75.9,-0.48,130.7,-1047.0,-13.6,771,0.261,-0.029,0.96,-22.6,-0.27,75.5,-171.0,-7.6,0.1
5,close,atr,3.0,240,1419,0.276,-0.053,0.93,-75.9,-0.48,130.7,-1047.0,-13.6,772,0.26,-0.031,0.96,-23.7,-0.28,76.5,-193.0,-7.9,0.1
5,close,atr,5.0,60,1410,0.209,-0.031,0.96,-44.0,-0.22,134.7,-665.0,-7.9,768,0.202,0.041,1.05,31.4,0.29,63.8,1236.0,10.5,0.1
5,close,atr,5.0,120,1419,0.209,-0.036,0.96,-51.7,-0.26,135.9,-763.0,-9.3,771,0.201,0.037,1.04,28.2,0.26,64.9,1168.0,9.4,0.1
5,close,atr,5.0,240,1419,0.209,-0.036,0.96,-51.7,-0.26,135.9,-763.0,-9.3,772,0.201,0.035,1.04,27.2,0.25,65.9,1146.0,9.1,0.1
5,close,atr,10.0,60,1410,0.189,0.116,1.13,164.0,0.62,98.3,1640.0,29.4,768,0.176,0.105,1.12,80.5,0.58,69.1,2760.0,26.9,0.1
5,close,atr,10.0,120,1419,0.188,0.11,1.12,156.2,0.59,99.5,1543.0,28.0,771,0.175,0.1,1.12,77.4,0.56,70.2,2693.0,25.8,0.1
5,close,atr,10.0,240,1419,0.188,0.11,1.12,156.2,0.59,99.5,1543.0,28.0,772,0.175,0.099,1.12,76.3,0.55,71.2,2671.0,25.5,0.1
5,close,atr,,60,1410,0.247,0.078,1.1,110.2,0.51,56.0,586.0,19.8,768,0.245,0.139,1.18,106.4,0.93,31.6,4661.0,35.6,0.15
5,close,atr,,120,1419,0.247,0.074,1.09,104.9,0.48,57.1,466.0,18.8,771,0.244,0.134,1.18,103.3,0.9,32.6,4561.0,34.5,0.15
5,close,atr,,240,1419,0.247,0.074,1.09,104.9,0.48,57.1,466.0,18.8,772,0.245,0.135,1.18,104.5,0.91,31.4,4600.0,34.9,0.15
5,close,atr,1.0,60,1410,0.5,-0.082,0.85,-115.4,-1.29,135.7,-2195.0,-20.7,768,0.5,-0.029,0.94,-22.4,-0.47,42.7,-675.0,-7.5,0.15
5,close,atr,1.0,120,1419,0.5,-0.081,0.85,-115.2,-1.29,134.6,-2210.0,-20.7,771,0.501,-0.028,0.95,-21.5,-0.45,41.8,-648.0,-7.2,0.15
5,close,atr,1.0,240,1419,0.5,-0.081,0.85,-115.2,-1.29,134.6,-2210.0,-20.7,772,0.501,-0.027,0.95,-20.5,-0.43,40.8,-617.0,-6.9,0.15
5,close,atr,2.0,60,1410,0.352,-0.057,0.92,-80.1,-0.64,119.1,-1762.0,-14.4,768,0.348,-0.0,1.0,-0.3,-0.0,48.4,37.0,-0.1,0.15
5,close,atr,2.0,120,1419,0.352,-0.058,0.92,-81.9,-0.65,119.9,-1804.0,-14.7,771,0.348,-0.001,1.0,-0.4,-0.01,46.4,30.0,-0.1,0.15
5,close,atr,2.0,240,1419,0.352,-0.058,0.92,-81.9,-0.65,119.9,-1804.0,-14.7,772,0.348,0.001,1.0,0.8,0.01,45.2,69.0,0.3,0.15
5,close,atr,3.0,60,1410,0.286,-0.052,0.93,-73.1,-0.49,99.2,-2000.0,-13.1,768,0.292,0.073,1.1,56.2,0.67,34.0,2642.0,18.8,0.15
5,close,atr,3.0,120,1419,0.285,-0.055,0.93,-78.4,-0.52,102.3,-2119.0,-14.1,771,0.291,0.069,1.1,53.1,0.63,35.0,2542.0,17.7,0.15
5,close,atr,3.0,240,1419,0.285,-0.055,0.93,-78.4,-0.52,102.3,-2119.0,-14.1,772,0.291,0.07,1.1,54.3,0.64,33.8,2580.0,18.2,0.15
5,close,atr,5.0,60,1410,0.255,0.023,1.03,32.2,0.17,67.6,360.0,5.8,768,0.253,0.124,1.16,94.9,0.92,26.4,4179.0,31.7,0.15
5,close,atr,5.0,120,1419,0.254,0.019,1.02,27.0,0.15,66.5,240.0,4.8,771,0.252,0.119,1.16,91.8,0.89,27.4,4079.0,30.7,0.15
5,close,atr,5.0,240,1419,0.254,0.019,1.02,27.0,0.15,66.5,240.0,4.8,772,0.253,0.12,1.16,93.0,0.9,26.2,4118.0,31.1,0.15
5,close,atr,10.0,60,1410,0.247,0.08,1.1,112.6,0.52,56.0,694.0,20.2,768,0.245,0.134,1.17,102.6,0.9,30.2,4466.0,34.3,0.15
5,close,atr,10.0,120,1419,0.247,0.076,1.09,107.3,0.5,57.1,575.0,19.2,771,0.244,0.129,1.17,99.5,0.88,31.2,4366.0,33.2,0.15
5,close,atr,10.0,240,1419,0.247,0.076,1.09,107.3,0.5,57.1,575.0,19.2,772,0.245,0.13,1.17,100.7,0.89,30.0,4405.0,33.7,0.15
5,close,atr,,60,1410,0.34,0.027,1.04,37.5,0.24,47.3,-0.0,6.7,768,0.363,0.131,1.21,100.7,1.21,26.2,7442.0,33.6,0.25
5,close,atr,,120,1419,0.34,0.023,1.04,33.1,0.22,47.9,-109.0,5.9,771,0.362,0.127,1.21,97.6,1.17,27.2,7277.0,32.6,0.25
5,close,atr,,240,1419,0.34,0.023,1.04,33.1,0.22,47.9,-109.0,5.9,772,0.363,0.127,1.21,98.4,1.18,26.5,7316.0,32.9,0.25
5,close,atr,1.0,60,1410,0.504,-0.039,0.92,-55.3,-0.64,75.6,-1421.0,-9.9,768,0.52,0.026,1.06,20.2,0.43,39.6,1681.0,6.7,0.25
5,close,atr,1.0,120,1419,0.505,-0.038,0.92,-53.3,-0.61,74.1,-1353.0,-9.6,771,0.519,0.025,1.05,19.1,0.4,40.7,1620.0,6.4,0.25
5,close,atr,1.0,240,1419,0.505,-0.038,0.92,-53.3,-0.61,74.1,-1353.0,-9.6,772,0.519,0.026,1.05,19.9,0.42,40.0,1659.0,6.6,0.25
5,close,atr,2.0,60,1410,0.377,-0.039,0.94,-55.0,-0.48,70.5,-2524.0,-9.9,768,0.392,0.06,1.1,46.4,0.71,32.1,3539.0,15.5,0.25
5,close,atr,2.0,120,1419,0.378,-0.04,0.93,-56.5,-0.49,71.7,-2590.0,-10.1,771,0.39,0.056,1.1,43.4,0.67,35.2,3374.0,14.5,0.25
5,close,atr,2.0,240,1419,0.378,-0.04,0.93,-56.5,-0.49,71.7,-2590.0,-10.1,772,0.391,0.057,1.1,44.1,0.68,34.4,3413.0,14.7,0.25
5,close,atr,3.0,60,1410,0.352,-0.005,0.99,-7.6,-0.06,64.0,-69.0,-1.4,768,0.371,0.108,1.18,83.0,1.11,20.4,6256.0,27.8,0.25
5,close,atr,3.0,120,1419,0.352,-0.009,0.99,-12.1,-0.09,64.6,-178.0,-2.2,771,0.37,0.104,1.17,80.0,1.07,21.4,6092.0,26.7,0.25
5,close,atr,3.0,240,1419,0.352,-0.009,0.99,-12.1,-0.09,64.6,-178.0,-2.2,772,0.37,0.105,1.17,80.7,1.08,20.7,6130.0,27.0,0.25
5,close,atr,5.0,60,1410,0.341,0.026,1.04,37.0,0.25,37.2,-26.0,6.6,768,0.363,0.116,1.19,88.8,1.11,26.9,6719.0,29.7,0.25
5,close,atr,5.0,120,1419,0.341,0.023,1.04,32.6,0.22,37.8,-135.0,5.8,771,0.362,0.111,1.18,85.7,1.07,28.0,6555.0,28.6,0.25
5,close,atr,5.0,240,1419,0.341,0.023,1.04,32.6,0.22,37.8,-135.0,5.8,772,0.363,0.112,1.18,86.5,1.08,27.2,6593.0,28.9,0.25
5,close,atr,10.0,60,1410,0.34,0.035,1.05,49.1,0.31,43.9,255.0,8.8,768,0.363,0.131,1.21,100.7,1.21,26.2,7442.0,33.6,0.25
5,close,atr,10.0,120,1419,0.34,0.031,1.05,44.7,0.28,44.5,147.0,8.0,771,0.362,0.127,1.21,97.6,1.17,27.2,7277.0,32.6,0.25
5,close,atr,10.0,240,1419,0.34,0.031,1.05,44.7,0.28,44.5,147.0,8.0,772,0.363,0.127,1.21,98.4,1.18,26.5,7316.0,32.9,0.25
5,candle,or,,60,1401,0.239,0.034,1.04,47.8,0.22,96.6,1717.0,8.6,771,0.224,0.07,1.09,54.3,0.41,49.1,3453.0,18.1,
5,candle,or,1.0,60,1401,0.505,-0.084,0.85,-117.0,-1.3,125.9,-1015.0,-21.0,771,0.499,-0.037,0.93,-28.9,-0.59,33.0,-625.0,-9.7,
5,candle,or,2.0,60,1401,0.359,-0.04,0.94,-55.6,-0.44,90.6,22.0,-10.0,771,0.337,-0.039,0.94,-29.8,-0.44,45.2,-462.0,-10.0,
5,candle,or,3.0,60,1401,0.3,-0.007,0.99,-9.1,-0.06,64.9,374.0,-1.6,771,0.28,-0.003,1.0,-2.4,-0.03,63.9,1684.0,-0.8,
5,candle,or,5.0,60,1401,0.256,0.041,1.05,57.3,0.3,62.5,1399.0,10.3,771,0.246,0.066,1.09,51.2,0.51,43.3,3296.0,17.1,
5,candle,or,10.0,60,1401,0.243,0.068,1.08,95.5,0.44,70.8,1870.0,17.1,771,0.226,0.037,1.05,28.2,0.25,49.1,3174.0,9.4,
5,candle,mid,,60,1242,0.128,0.222,1.18,275.4,0.49,214.1,2249.0,49.4,671,0.11,-0.112,0.89,-75.3,-0.45,146.6,1855.0,-25.2,
5,candle,mid,1.0,60,1242,0.46,-0.444,0.45,-552.1,-4.62,553.0,-716.0,-99.0,671,0.438,-0.27,0.6,-180.8,-3.41,182.5,-833.0,-60.4,
5,candle,mid,2.0,60,1242,0.344,-0.342,0.64,-424.6,-2.91,426.9,-61.0,-76.1,671,0.313,-0.21,0.74,-140.8,-2.04,149.0,-218.0,-47.1,
5,candle,mid,3.0,60,1242,0.271,-0.297,0.71,-368.5,-2.18,373.8,148.0,-66.1,671,0.255,-0.135,0.85,-90.5,-1.08,114.1,525.0,-30.2,
5,candle,mid,5.0,60,1242,0.197,-0.228,0.8,-283.2,-1.35,302.0,104.0,-50.8,671,0.179,-0.099,0.9,-66.6,-0.63,123.2,886.0,-22.2,
5,candle,mid,10.0,60,1242,0.15,-0.056,0.95,-69.7,-0.24,186.8,1090.0,-12.5,671,0.124,-0.1,0.9,-67.4,-0.48,138.4,1730.0,-22.5,
5,candle,atr,,60,1401,0.112,0.369,1.34,517.1,1.08,122.5,2355.0,92.7,771,0.086,0.08,1.08,61.6,0.27,132.0,700.0,20.6,0.05
5,candle,atr,1.0,60,1401,0.488,-0.256,0.59,-358.0,-3.98,359.1,-1668.0,-64.2,771,0.468,-0.141,0.75,-108.5,-2.24,109.4,-1463.0,-36.3,0.05
5,candle,atr,2.0,60,1401,0.372,-0.117,0.85,-163.7,-1.27,169.4,-859.0,-29.4,771,0.332,-0.087,0.88,-67.3,-0.98,100.8,-745.0,-22.5,0.05
5,candle,atr,3.0,60,1401,0.301,-0.03,0.97,-41.7,-0.26,93.4,-151.0,-7.5,771,0.256,-0.066,0.92,-51.3,-0.61,94.6,-410.0,-17.1,0.05
5,candle,atr,5.0,60,1401,0.216,0.047,1.05,66.5,0.31,88.5,469.0,11.9,771,0.169,-0.087,0.9,-67.3,-0.62,134.3,-481.0,-22.5,0.05
5,candle,atr,10.0,60,1401,0.134,0.104,1.1,145.8,0.47,95.3,776.0,26.1,771,0.105,-0.025,0.97,-19.2,-0.12,141.6,-120.0,-6.4,0.05
5,candle,atr,,60,1401,0.184,0.182,1.2,255.7,0.87,56.7,2793.0,45.8,771,0.176,0.148,1.18,114.5,0.77,49.4,3052.0,38.3,0.1
5,candle,atr,1.0,60,1401,0.529,-0.058,0.89,-81.1,-0.91,86.5,-743.0,-14.5,771,0.506,-0.025,0.95,-19.4,-0.4,39.3,-384.0,-6.5,0.1
5,candle,atr,2.0,60,1401,0.373,-0.002,1.0,-2.7,-0.02,60.2,432.0,-0.5,771,0.341,-0.021,0.97,-16.1,-0.23,57.9,-28.0,-5.4,0.1
5,candle,atr,3.0,60,1401,0.29,0.02,1.02,27.6,0.17,58.4,486.0,4.9,771,0.274,0.039,1.05,29.7,0.35,59.0,1221.0,9.9,0.1
5,candle,atr,5.0,60,1401,0.215,0.046,1.05,64.1,0.31,51.9,754.0,11.5,771,0.206,0.079,1.1,60.7,0.55,49.1,1860.0,20.3,0.1
5,candle,atr,10.0,60,1401,0.188,0.175,1.19,244.5,0.9,49.2,2838.0,43.8,771,0.176,0.117,1.14,90.1,0.65,46.7,2489.0,30.1,0.1
5,candle,atr,,60,1401,0.248,0.1,1.13,140.7,0.64,53.9,2418.0,25.2,771,0.233,0.092,1.12,71.1,0.61,35.8,2763.0,23.7,0.15
5,candle,atr,1.0,60,1401,0.517,-0.041,0.92,-57.2,-0.64,80.9,-457.0,-10.3,771,0.499,-0.026,0.95,-19.9,-0.41,37.4,-778.0,-6.6,0.15
5,candle,atr,2.0,60,1401,0.363,-0.009,0.99,-13.2,-0.1,67.4,-187.0,-2.4,771,0.345,-0.004,0.99,-2.9,-0.04,53.6,163.0,-1.0,0.15
5,candle,atr,3.0,60,1401,0.295,0.012,1.02,16.5,0.11,70.2,521.0,3.0,771,0.278,0.017,1.02,13.2,0.16,51.7,834.0,4.4,0.15
5,candle,atr,5.0,60,1401,0.258,0.076,1.1,106.6,0.56,44.2,2826.0,19.1,771,0.241,0.047,1.06,36.4,0.36,55.8,1881.0,12.2,0.15
5,candle,atr,10.0,60,1401,0.248,0.12,1.15,168.5,0.76,44.9,2645.0,30.2,771,0.233,0.077,1.1,59.3,0.53,35.7,2315.0,19.8,0.15
5,candle,atr,,60,1401,0.343,0.036,1.06,49.9,0.33,47.4,1044.0,8.9,771,0.327,0.04,1.06,30.6,0.37,26.7,1658.0,10.2,0.25
5,candle,atr,1.0,60,1401,0.517,-0.013,0.97,-17.5,-0.2,60.2,556.0,-3.1,771,0.497,-0.01,0.98,-8.0,-0.17,25.9,-207.0,-2.7,0.25
5,candle,atr,2.0,60,1401,0.39,0.006,1.01,8.7,0.07,41.9,59.0,1.6,771,0.371,0.012,1.02,9.4,0.14,29.3,343.0,3.1,0.25
5,candle,atr,3.0,60,1401,0.355,0.026,1.04,36.9,0.27,45.8,2024.0,6.6,771,0.336,0.009,1.01,7.3,0.1,33.3,593.0,2.4,0.25
5,candle,atr,5.0,60,1401,0.345,0.04,1.06,55.7,0.37,40.1,1226.0,10.0,771,0.328,0.031,1.05,23.6,0.3,30.2,1545.0,7.9,0.25
5,candle,atr,10.0,60,1401,0.343,0.043,1.07,59.8,0.38,47.4,1254.0,10.7,771,0.327,0.041,1.06,31.5,0.38,26.7,1708.0,10.5,0.25
10,stop,or,,60,1401,0.353,-0.019,0.97,-26.5,-0.19,83.7,-1841.0,-4.8,766,0.346,0.124,1.19,95.0,1.07,25.8,5299.0,31.7,
10,stop,or,,120,1412,0.354,-0.021,0.97,-30.3,-0.22,87.6,-1948.0,-5.4,771,0.346,0.121,1.19,93.5,1.05,25.8,5190.0,31.3,
10,stop,or,,240,1418,0.353,-0.023,0.96,-33.1,-0.23,89.3,-2062.0,-5.9,772,0.347,0.122,1.19,94.0,1.06,25.8,5230.0,31.4,
10,stop,or,1.0,60,1401,0.487,-0.073,0.86,-102.5,-1.19,117.5,-3315.0,-18.4,766,0.522,0.028,1.06,21.5,0.45,25.9,1136.0,7.2,
10,stop,or,1.0,120,1412,0.487,-0.074,0.86,-103.8,-1.2,118.7,-3308.0,-18.6,771,0.523,0.029,1.06,22.1,0.46,25.3,1119.0,7.4,
10,stop,or,1.0,240,1418,0.486,-0.075,0.85,-106.6,-1.23,121.5,-3422.0,-19.1,772,0.523,0.029,1.06,22.6,0.47,25.3,1159.0,7.6,
10,stop,or,2.0,60,1401,0.383,-0.047,0.92,-66.0,-0.59,92.3,-3155.0,-11.8,766,0.39,0.057,1.09,43.3,0.66,24.5,2333.0,14.5,
10,stop,or,2.0,120,1412,0.383,-0.048,0.92,-68.1,-0.6,95.6,-3166.0,-12.2,771,0.39,0.054,1.09,41.8,0.64,24.5,2223.0,14.0,
10,stop,or,2.0,240,1418,0.382,-0.05,0.92,-70.9,-0.63,98.3,-3279.0,-12.7,772,0.391,0.055,1.09,42.4,0.65,24.5,2264.0,14.2,
10,stop,or,3.0,60,1401,0.361,-0.018,0.97,-25.0,-0.2,65.9,-1235.0,-4.5,766,0.358,0.078,1.13,60.1,0.8,25.8,3616.0,20.1,
10,stop,or,3.0,120,1412,0.362,-0.018,0.97,-26.1,-0.2,68.2,-1187.0,-4.7,771,0.358,0.076,1.12,58.7,0.78,25.8,3506.0,19.6,
10,stop,or,3.0,240,1418,0.361,-0.02,0.97,-28.9,-0.23,71.0,-1300.0,-5.2,772,0.359,0.077,1.12,59.2,0.79,25.8,3546.0,19.8,
10,stop,or,5.0,60,1401,0.353,-0.021,0.97,-29.5,-0.22,78.5,-1756.0,-5.3,766,0.347,0.113,1.18,86.5,1.03,25.8,4804.0,28.9,
10,stop,or,5.0,120,1412,0.354,-0.02,0.97,-28.6,-0.21,78.3,-1591.0,-5.1,771,0.348,0.11,1.17,85.0,1.01,25.8,4695.0,28.4,
10,stop,or,5.0,240,1418,0.353,-0.022,0.96,-31.4,-0.23,81.1,-1704.0,-5.6,772,0.348,0.111,1.17,85.5,1.02,25.8,4735.0,28.6,
10,stop,or,10.0,60,1401,0.353,-0.021,0.97,-29.1,-0.21,83.7,-1874.0,-5.2,766,0.346,0.119,1.19,91.2,1.04,25.8,5160.0,30.5,
10,stop,or,10.0,120,1412,0.354,-0.023,0.96,-32.9,-0.24,87.6,-1981.0,-5.9,771,0.346,0.116,1.18,89.7,1.03,25.8,5051.0,30.0,
10,stop,or,10.0,240,1418,0.353,-0.025,0.96,-35.7,-0.26,89.3,-2094.0,-6.4,772,0.347,0.117,1.18,90.2,1.03,25.8,5091.0,30.2,
10,stop,mid,,60,1401,0.223,0.028,1.03,39.4,0.17,98.9,-283.0,7.1,766,0.205,0.068,1.08,52.1,0.43,42.7,2907.0,17.4,
10,stop,mid,,120,1412,0.223,0.024,1.03,34.4,0.15,101.5,-311.0,6.2,771,0.206,0.068,1.08,52.2,0.43,44.8,2920.0,17.4,
10,stop,mid,,240,1418,0.223,0.022,1.03,30.9,0.14,103.9,-391.0,5.5,772,0.207,0.069,1.08,53.2,0.44,43.7,2960.0,17.8,
10,stop,mid,1.0,60,1401,0.489,-0.114,0.8,-159.4,-1.78,163.9,-2374.0,-28.6,766,0.504,-0.03,0.94,-22.7,-0.47,49.1,-420.0,-7.6,
10,stop,mid,1.0,120,1412,0.489,-0.113,0.8,-159.3,-1.77,163.9,-2348.0,-28.6,771,0.507,-0.023,0.95,-17.8,-0.37,46.2,-207.0,-6.0,
10,stop,mid,1.0,240,1418,0.488,-0.114,0.79,-162.1,-1.8,166.7,-2422.0,-29.1,772,0.508,-0.022,0.96,-16.9,-0.35,45.5,-168.0,-5.6,
10,stop,mid,2.0,60,1401,0.333,-0.104,0.86,-145.6,-1.17,159.0,-2465.0,-26.1,766,0.339,-0.026,0.96,-20.2,-0.29,62.4,27.0,-6.8,
10,stop,mid,2.0,120,1412,0.333,-0.104,0.86,-146.6,-1.17,160.0,-2400.0,-26.3,771,0.341,-0.022,0.97,-17.0,-0.25,60.2,111.0,-5.7,
10,stop,mid,2.0,240,1418,0.332,-0.106,0.85,-150.1,-1.2,163.5,-2480.0,-26.9,772,0.342,-0.021,0.97,-16.0,-0.23,60.2,151.0,-5.3,
10,stop,mid,3.0,60,1401,0.271,-0.078,0.9,-109.7,-0.73,133.6,-2216.0,-19.7,766,0.275,0.019,1.03,14.5,0.17,43.6,1341.0,4.8,
10,stop,mid,3.0,120,1412,0.271,-0.077,0.9,-108.4,-0.72,132.3,-2089.0,-19.4,771,0.278,0.025,1.03,19.7,0.23,40.3,1474.0,6.6,
10,stop,mid,3.0,240,1418,0.271,-0.079,0.9,-111.9,-0.74,135.8,-2169.0,-20.1,772,0.278,0.027,1.04,20.7,0.24,40.3,1514.0,6.9,
10,stop,mid,5.0,60,1401,0.233,-0.028,0.97,-39.5,-0.21,91.7,-1223.0,-7.1,766,0.219,0.035,1.04,26.8,0.26,38.5,2031.0,8.9,
10,stop,mid,5.0,120,1412,0.234,-0.028,0.97,-40.2,-0.22,92.4,-1124.0,-7.2,771,0.22,0.035,1.04,26.8,0.26,36.3,2044.0,9.0,
10,stop,mid,5.0,240,1418,0.233,-0.031,0.96,-43.7,-0.24,95.8,-1204.0,-7.8,772,0.222,0.036,1.04,27.8,0.27,36.3,2084.0,9.3,
10,stop,mid,10.0,60,1401,0.223,0.021,1.02,28.9,0.13,85.5,-281.0,5.2,766,0.205,0.076,1.09,58.4,0.48,41.4,2961.0,19.5,
10,stop,mid,10.0,120,1412,0.223,0.023,1.03,33.2,0.15,78.8,-35.0,5.9,771,0.206,0.076,1.09,58.5,0.48,43.4,2974.0,19.5,
10,stop,mid,10.0,240,1418,0.223,0.021,1.03,29.7,0.14,81.2,-115.0,5.3,772,0.207,0.077,1.09,59.5,0.48,42.4,3014.0,19.9,
10,stop,atr,,60,1401,0.074,-0.625,0.53,-876.3,-2.77,876.3,-4917.0,-157.1,766,0.057,-0.517,0.56,-396.2,-2.39,405.0,-5649.0,-132.4,0.05
10,stop,atr,,120,1412,0.073,-0.631,0.52,-891.1,-2.81,891.1,-4998.0,-159.8,771,0.058,-0.513,0.56,-395.5,-2.38,404.3,-5653.0,-132.2,0.05
10,stop,atr,,240,1418,0.073,-0.633,0.52,-897.3,-2.83,897.3,-5028.0,-160.9,772,0.058,-0.514,0.56,-396.6,-2.39,405.4,-5664.0,-132.5,0.05
10,stop,atr,1.0,60,1401,0.281,-0.852,0.2,-1193.4,-11.69,1193.4,-6514.0,-214.0,766,0.282,-0.662,0.28,-507.2,-9.92,504.7,-6819.0,-169.5,0.05
10,stop,atr,1.0,120,1412,0.28,-0.853,0.2,-1204.2,-11.79,1204.2,-6579.0,-215.9,771,0.285,-0.654,0.29,-504.6,-9.83,502.1,-6794.0,-168.6,0.05
10,stop,atr,1.0,240,1418,0.28,-0.852,0.2,-1208.1,-11.82,1208.1,-6585.0,-216.6,772,0.285,-0.655,0.29,-505.7,-9.85,503.2,-6806.0,-169.0,0.05
10,stop,atr,2.0,60,1401,0.206,-0.798,0.31,-1117.4,-8.91,1118.9,-6069.0,-200.4,766,0.188,-0.667,0.35,-511.3,-8.2,509.3,-6934.0,-170.9,0.05
10,stop,atr,2.0,120,1412,0.206,-0.798,0.31,-1126.2,-8.96,1127.7,-6125.0,-201.9,771,0.192,-0.655,0.36,-504.7,-8.02,502.7,-6864.0,-168.7,0.05
10,stop,atr,2.0,240,1418,0.207,-0.796,0.31,-1128.1,-8.96,1129.6,-6117.0,-202.3,772,0.192,-0.655,0.36,-505.8,-8.03,503.8,-6876.0,-169.0,0.05
10,stop,atr,3.0,60,1401,0.16,-0.785,0.35,-1099.7,-7.63,1100.8,-6107.0,-197.2,766,0.14,-0.677,0.37,-518.3,-7.25,518.3,-7081.0,-173.2,0.05
10,stop,atr,3.0,120,1412,0.159,-0.786,0.35,-1110.5,-7.7,1111.6,-6177.0,-199.1,771,0.144,-0.659,0.38,-507.7,-7.0,507.7,-6968.0,-169.7,0.05
10,stop,atr,3.0,240,1418,0.159,-0.786,0.35,-1114.4,-7.71,1115.5,-6200.0,-199.8,772,0.144,-0.659,0.38,-508.8,-7.01,508.8,-6979.0,-170.0,0.05
10,stop,atr,5.0,60,1401,0.114,-0.764,0.4,-1071.0,-6.07,1074.6,-5845.0,-192.0,766,0.098,-0.656,0.41,-502.3,-5.64,506.3,-6749.0,-167.9,0.05
10,stop,atr,5.0,120,1412,0.113,-0.769,0.4,-1085.8,-6.16,1089.4,-5926.0,-194.7,771,0.101,-0.635,0.43,-489.7,-5.41,493.7,-6612.0,-163.7,0.05
10,stop,atr,5.0,240,1418,0.114,-0.77,0.39,-1092.0,-6.19,1095.6,-5956.0,-195.8,772,0.101,-0.636,0.43,-490.8,-5.42,494.8,-6623.0,-164.0,0.05
10,stop,atr,10.0,60,1401,0.081,-0.701,0.47,-981.7,-4.1,981.7,-5353.0,-176.0,766,0.068,-0.554,0.52,-424.3,-3.3,442.9,-6075.0,-141.8,0.05
10,stop,atr,10.0,120,1412,0.081,-0.706,0.46,-996.5,-4.16,996.5,-5434.0,-178.7,771,0.069,-0.549,0.52,-423.6,-3.29,442.1,-6079.0,-141.5,0.05
10,stop,atr,10.0,240,1418,0.081,-0.707,0.46,-1002.7,-4.19,1002.7,-5465.0,-179.8,772,0.069,-0.55,0.52,-424.7,-3.3,443.2,-6090.0,-141.9,0.05
10,stop,atr,,60,1401,0.176,-0.022,0.98,-31.2,-0.12,112.5,-517.0,-5.6,766,0.171,0.07,1.08,53.7,0.39,51.6,1879.0,18.0,0.1
10,stop,atr,,120,1412,0.175,-0.031,0.97,-43.7,-0.16,120.1,-656.0,-7.8,771,0.171,0.068,1.08,52.1,0.37,53.4,1827.0,17.4,0.1
10,stop,atr,,240,1418,0.175,-0.035,0.96,-49.2,-0.18,125.1,-712.0,-8.8,772,0.171,0.066,1.08,51.0,0.37,54.4,1805.0,17.1,0.1
10,stop,atr,1.0,60,1401,0.448,-0.241,0.62,-337.1,-3.69,339.4,-3422.0,-60.4,766,0.478,-0.093,0.83,-71.2,-1.46,79.8,-1527.0,-23.8,0.1
10,stop,atr,1.0,120,1412,0.448,-0.24,0.62,-339.6,-3.71,341.9,-3478.0,-60.9,771,0.481,-0.086,0.84,-66.4,-1.36,75.0,-1415.0,-22.2,0.1
10,stop,atr,1.0,240,1418,0.448,-0.242,0.62,-342.5,-3.73,344.7,-3484.0,-61.4,772,0.481,-0.087,0.84,-67.4,-1.38,76.1,-1437.0,-22.5,0.1
10,stop,atr,2.0,60,1401,0.309,-0.225,0.71,-315.5,-2.55,324.3,-3706.0,-56.6,766,0.328,-0.075,0.89,-57.6,-0.85,78.6,-1318.0,-19.2,0.1
10,stop,atr,2.0,120,1412,0.308,-0.228,0.71,-322.0,-2.59,330.8,-3779.0,-57.7,771,0.332,-0.062,0.91,-47.8,-0.7,68.8,-1089.0,-16.0,0.1
10,stop,atr,2.0,240,1418,0.307,-0.231,0.71,-327.5,-2.64,336.3,-3836.0,-58.7,772,0.332,-0.063,0.91,-48.8,-0.71,69.9,-1111.0,-16.3,0.1
10,stop,atr,3.0,60,1401,0.246,-0.196,0.77,-274.1,-1.82,294.0,-3556.0,-49.1,766,0.244,-0.094,0.88,-72.1,-0.88,105.3,-1541.0,-24.1,0.1
10,stop,atr,3.0,120,1412,0.244,-0.2,0.77,-282.6,-1.88,302.4,-3629.0,-50.7,771,0.246,-0.085,0.89,-65.3,-0.79,98.5,-1396.0,-21.8,0.1
10,stop,atr,3.0,240,1418,0.244,-0.203,0.76,-288.1,-1.91,308.0,-3686.0,-51.7,772,0.246,-0.086,0.89,-66.3,-0.8,99.5,-1418.0,-22.2,0.1
10,stop,atr,5.0,60,1401,0.197,-0.127,0.86,-177.5,-0.93,223.0,-2348.0,-31.8,766,0.189,-0.002,1.0,-1.7,-0.02,68.5,343.0,-0.6,0.1
10,stop,atr,5.0,120,1412,0.195,-0.135,0.85,-189.9,-0.99,235.5,-2487.0,-34.1,771,0.189,-0.004,0.99,-3.4,-0.03,70.1,290.0,-1.1,0.1
10,stop,atr,5.0,240,1418,0.195,-0.138,0.85,-195.4,-1.02,241.0,-2543.0,-35.0,772,0.189,-0.006,0.99,-4.4,-0.04,71.2,268.0,-1.5,0.1
10,stop,atr,10.0,60,1401,0.178,-0.023,0.98,-32.2,-0.13,120.0,-236.0,-5.8,766,0.171,0.052,1.06,40.1,0.3,50.1,1552.0,13.4,0.1
10,stop,atr,10.0,120,1412,0.177,-0.032,0.97,-44.7,-0.18,132.4,-375.0,-8.0,771,0.171,0.05,1.06,38.5,0.29,52.2,1500.0,12.9,0.1
10,stop,atr,10.0,240,1418,0.177,-0.035,0.96,-50.2,-0.2,137.9,-431.0,-9.0,772,0.171,0.048,1.06,37.4,0.28,53.2,1478.0,12.5,0.1
10,stop,atr,,60,1401,0.246,0.017,1.02,23.3,0.11,78.5,-566.0,4.2,766,0.248,0.117,1.15,89.6,0.79,31.3,3330.0,29.9,0.15
10,stop,atr,,120,1412,0.245,0.011,1.01,16.0,0.08,83.1,-697.0,2.9,771,0.249,0.117,1.15,90.4,0.8,31.3,3360.0,30.2,0.15
10,stop,atr,,240,1418,0.245,0.009,1.01,12.2,0.06,85.8,-767.0,2.2,772,0.25,0.119,1.16,91.7,0.81,31.3,3401.0,30.6,0.15
10,stop,atr,1.0,60,1401,0.491,-0.106,0.81,-148.0,-1.66,160.9,-2786.0,-26.5,766,0.504,-0.017,0.97,-13.3,-0.28,39.6,-413.0,-4.4,0.15
10,stop,atr,1.0,120,1412,0.491,-0.106,0.81,-150.0,-1.68,162.9,-2839.0,-26.9,771,0.507,-0.011,0.98,-8.4,-0.17,36.7,-243.0,-2.8,0.15
10,stop,atr,1.0,240,1418,0.49,-0.107,0.8,-152.0,-1.7,164.9,-2894.0,-27.3,772,0.508,-0.01,0.98,-7.5,-0.15,36.7,-212.0,-2.5,0.15
10,stop,atr,2.0,60,1401,0.34,-0.105,0.85,-146.7,-1.19,170.8,-3796.0,-26.3,766,0.35,0.006,1.01,4.5,0.07,36.3,132.0,1.5,0.15
10,stop,atr,2.0,120,1412,0.34,-0.106,0.85,-149.6,-1.21,173.8,-3820.0,-26.8,771,0.351,0.011,1.02,8.3,0.12,33.4,253.0,2.8,0.15
10,stop,atr,2.0,240,1418,0.339,-0.108,0.85,-153.5,-1.24,177.6,-3890.0,-27.5,772,0.352,0.012,1.02,9.6,0.14,33.4,293.0,3.2,0.15
10,stop,atr,3.0,60,1401,0.288,-0.065,0.91,-91.1,-0.62,127.3,-2994.0,-16.3,766,0.29,0.051,1.07,39.2,0.47,29.6,1344.0,13.1,0.15
10,stop,atr,3.0,120,1412,0.287,-0.067,0.91,-95.1,-0.64,129.6,-3057.0,-17.1,771,0.291,0.054,1.07,41.4,0.49,29.6,1411.0,13.8,0.15
10,stop,atr,3.0,240,1418,0.286,-0.07,0.91,-99.0,-0.67,133.5,-3127.0,-17.7,772,0.291,0.055,1.08,42.6,0.51,29.6,1452.0,14.2,0.15
10,stop,atr,5.0,60,1401,0.251,-0.046,0.94,-64.8,-0.37,122.5,-1857.0,-11.6,766,0.255,0.11,1.15,84.3,0.83,31.6,3212.0,28.2,0.15
10,stop,atr,5.0,120,1412,0.25,-0.048,0.94,-67.9,-0.38,125.6,-1872.0,-12.2,771,0.256,0.11,1.15,85.2,0.83,31.6,3242.0,28.5,0.15
10,stop,atr,5.0,240,1418,0.25,-0.051,0.94,-71.7,-0.4,129.4,-1942.0,-12.9,772,0.256,0.112,1.15,86.5,0.84,31.6,3282.0,28.9,0.15
10,stop,atr,10.0,60,1401,0.246,0.018,1.02,25.3,0.12,79.6,-437.0,4.5,766,0.248,0.111,1.15,84.7,0.76,31.3,3172.0,28.3,0.15
10,stop,atr,10.0,120,1412,0.245,0.019,1.02,27.2,0.13,74.9,-315.0,4.9,771,0.249,0.111,1.15,85.6,0.77,31.3,3202.0,28.6,0.15
10,stop,atr,10.0,240,1418,0.245,0.016,1.02,23.3,0.11,77.6,-385.0,4.2,772,0.25,0.112,1.15,86.8,0.78,31.3,3242.0,29.0,0.15
10,stop,atr,,60,1401,0.341,0.011,1.02,15.8,0.1,65.9,-465.0,2.8,766,0.371,0.157,1.26,120.0,1.44,21.1,8114.0,40.1,0.25
10,stop,atr,,120,1412,0.341,0.009,1.01,12.3,0.08,69.0,-541.0,2.2,771,0.371,0.155,1.26,119.3,1.43,21.1,8074.0,39.9,0.25
10,stop,atr,,240,1418,0.341,0.006,1.01,8.8,0.06,71.4,-652.0,1.6,772,0.372,0.156,1.26,120.1,1.44,21.1,8114.0,40.1,0.25
10,stop,atr,1.0,60,1401,0.492,-0.064,0.87,-89.4,-1.03,108.6,-3028.0,-16.0,766,0.534,0.057,1.13,43.7,0.92,16.5,3185.0,14.6,0.25
10,stop,atr,1.0,120,1412,0.492,-0.065,0.87,-91.4,-1.05,110.5,-3040.0,-16.4,771,0.534,0.058,1.13,44.6,0.94,15.5,3222.0,14.9,0.25
10,stop,atr,1.0,240,1418,0.49,-0.067,0.87,-94.9,-1.09,114.1,-3151.0,-17.0,772,0.535,0.059,1.13,45.4,0.96,15.5,3262.0,15.2,0.25
10,stop,atr,2.0,60,1401,0.379,-0.032,0.95,-44.8,-0.39,78.1,-2320.0,-8.0,766,0.401,0.086,1.15,66.0,1.01,20.1,4479.0,22.0,0.25
10,stop,atr,2.0,120,1412,0.379,-0.032,0.95,-45.8,-0.4,78.9,-2314.0,-8.2,771,0.401,0.085,1.15,65.3,1.0,20.1,4438.0,21.8,0.25
10,stop,atr,2.0,240,1418,0.378,-0.035,0.94,-49.3,-0.43,82.3,-2424.0,-8.8,772,0.402,0.086,1.15,66.0,1.01,20.1,4478.0,22.1,0.25
10,stop,atr,3.0,60,1401,0.35,-0.02,0.97,-27.8,-0.21,75.9,-782.0,-5.0,766,0.377,0.132,1.22,101.4,1.36,23.1,6887.0,33.9,0.25
10,stop,atr,3.0,120,1412,0.351,-0.02,0.97,-28.7,-0.22,78.5,-742.0,-5.1,771,0.377,0.131,1.22,100.7,1.35,23.1,6846.0,33.6,0.25
10,stop,atr,3.0,240,1418,0.35,-0.023,0.96,-32.2,-0.25,82.0,-853.0,-5.8,772,0.378,0.131,1.22,101.5,1.36,23.1,6886.0,33.9,0.25
10,stop,atr,5.0,60,1401,0.342,0.004,1.01,5.7,0.04,62.9,-440.0,1.0,766,0.371,0.142,1.24,108.5,1.35,21.1,7468.0,36.3,0.25
10,stop,atr,5.0,120,1412,0.342,0.005,1.01,6.8,0.05,61.5,-308.0,1.2,771,0.371,0.14,1.23,107.8,1.34,21.1,7427.0,36.0,0.25
10,stop,atr,5.0,240,1418,0.341,0.002,1.0,3.3,0.02,63.6,-419.0,0.6,772,0.372,0.141,1.24,108.6,1.35,21.1,7467.0,36.3,0.25
10,stop,atr,10.0,60,1401,0.341,0.011,1.02,14.8,0.1,65.0,-440.0,2.6,766,0.371,0.157,1.26,120.0,1.44,21.1,8114.0,40.1,0.25
10,stop,atr,10.0,120,1412,0.341,0.008,1.01,11.3,0.08,68.1,-517.0,2.0,771,0.371,0.155,1.26,119.3,1.43,21.1,8074.0,39.9,0.25
10,stop,atr,10.0,240,1418,0.341,0.006,1.01,7.8,0.05,70.5,-627.0,1.4,772,0.372,0.156,1.26,120.1,1.44,21.1,8114.0,40.1,0.25
10,close,or,,60,1371,0.376,-0.003,0.99,-4.3,-0.03,50.2,-1773.0,-0.8,762,0.356,0.095,1.16,72.3,0.89,17.5,3745.0,24.2,
10,close,or,,120,1403,0.378,-0.008,0.99,-10.9,-0.08,56.8,-2054.0,-2.0,771,0.354,0.088,1.14,67.7,0.83,18.6,3419.0,22.6,
10,close,or,,240,1413,0.379,-0.009,0.98,-12.7,-0.1,57.9,-2139.0,-2.3,772,0.355,0.088,1.14,68.2,0.84,18.1,3458.0,22.8,
10,close,or,1.0,60,1371,0.486,-0.064,0.87,-88.0,-1.04,109.7,-3572.0,-15.8,762,0.514,0.024,1.05,18.0,0.38,19.8,481.0,6.0,
10,close,or,1.0,120,1403,0.487,-0.063,0.87,-88.6,-1.04,111.4,-3584.0,-15.9,771,0.512,0.02,1.04,15.5,0.33,21.0,253.0,5.2,
10,close,or,1.0,240,1413,0.486,-0.064,0.87,-90.4,-1.06,113.2,-3669.0,-16.2,772,0.513,0.021,1.04,16.0,0.34,21.0,292.0,5.3,
10,close,or,2.0,60,1371,0.395,-0.029,0.95,-39.8,-0.37,75.1,-2551.0,-7.1,762,0.387,0.044,1.08,33.5,0.53,17.8,1692.0,11.2,
10,close,or,2.0,120,1403,0.397,-0.032,0.94,-44.7,-0.41,80.3,-2735.0,-8.0,771,0.385,0.037,1.06,28.9,0.45,20.0,1366.0,9.7,
10,close,or,2.0,240,1413,0.397,-0.033,0.94,-46.6,-0.43,82.2,-2820.0,-8.4,772,0.386,0.038,1.07,29.4,0.46,19.5,1404.0,9.8,
10,close,or,3.0,60,1371,0.382,0.002,1.0,2.6,0.02,46.6,-1549.0,0.5,762,0.362,0.057,1.09,43.8,0.61,17.9,2461.0,14.6,
10,close,or,3.0,120,1403,0.384,-0.001,1.0,-1.4,-0.01,51.7,-1674.0,-0.2,771,0.361,0.051,1.08,39.2,0.55,19.3,2135.0,13.1,
10,close,or,3.0,240,1413,0.384,-0.002,1.0,-3.2,-0.03,53.6,-1759.0,-0.6,772,0.361,0.051,1.08,39.6,0.55,18.9,2173.0,13.2,
10,close,or,5.0,60,1371,0.376,-0.003,0.99,-4.7,-0.04,51.9,-1564.0,-0.8,762,0.357,0.092,1.15,70.3,0.89,19.1,3603.0,23.5,
10,close,or,5.0,120,1403,0.378,-0.005,0.99,-6.6,-0.05,54.0,-1572.0,-1.2,771,0.355,0.085,1.14,65.7,0.83,20.1,3277.0,22.0,
10,close,or,5.0,240,1413,0.379,-0.006,0.99,-8.5,-0.07,55.9,-1657.0,-1.5,772,0.356,0.086,1.14,66.2,0.84,19.6,3316.0,22.1,
10,close,or,10.0,60,1371,0.376,-0.005,0.99,-7.2,-0.06,51.6,-1796.0,-1.3,762,0.356,0.093,1.15,71.2,0.88,17.5,3701.0,23.8,
10,close,or,10.0,120,1403,0.378,-0.01,0.98,-13.8,-0.11,58.4,-2077.0,-2.5,771,0.354,0.086,1.14,66.6,0.82,18.6,3375.0,22.2,
10,close,or,10.0,240,1413,0.379,-0.011,0.98,-15.6,-0.12,60.3,-2162.0,-2.8,772,0.355,0.087,1.14,67.1,0.83,18.1,3414.0,22.4,
10,close,mid,,60,1371,0.263,0.058,1.07,79.1,0.39,39.3,146.0,14.2,762,0.236,0.086,1.11,65.8,0.59,42.9,3157.0,22.0,
10,close,mid,,120,1403,0.266,0.05,1.06,69.7,0.34,44.2,-49.0,12.5,771,0.236,0.08,1.1,61.4,0.55,46.0,3032.0,20.5,
10,close,mid,,240,1413,0.267,0.048,1.06,67.7,0.33,44.2,-98.0,12.1,772,0.237,0.081,1.1,62.3,0.56,45.1,3071.0,20.8,
10,close,mid,1.0,60,1371,0.493,-0.089,0.84,-121.6,-1.38,131.2,-2522.0,-21.8,762,0.501,-0.026,0.95,-19.9,-0.41,30.1,-891.0,-6.6,
10,close,mid,1.0,120,1403,0.495,-0.084,0.84,-118.5,-1.33,127.7,-2447.0,-21.2,771,0.501,-0.027,0.95,-21.2,-0.44,31.4,-918.0,-7.1,
10,close,mid,1.0,240,1413,0.495,-0.085,0.84,-120.1,-1.34,129.3,-2498.0,-21.5,772,0.501,-0.026,0.95,-20.2,-0.42,30.4,-878.0,-6.7,
10,close,mid,2.0,60,1371,0.349,-0.057,0.92,-77.8,-0.63,99.2,-1690.0,-13.9,762,0.35,0.013,1.02,9.8,0.14,46.0,657.0,3.3,
10,close,mid,2.0,120,1403,0.351,-0.054,0.92,-76.3,-0.61,103.1,-1611.0,-13.7,771,0.35,0.011,1.02,8.8,0.13,45.9,613.0,2.9,
10,close,mid,2.0,240,1413,0.352,-0.055,0.92,-78.2,-0.63,105.0,-1661.0,-14.0,772,0.351,0.013,1.02,9.7,0.14,45.9,652.0,3.3,
10,close,mid,3.0,60,1371,0.291,-0.036,0.95,-49.9,-0.34,90.9,-1714.0,-9.0,762,0.277,0.027,1.04,20.8,0.25,44.9,1963.0,6.9,
10,close,mid,3.0,120,1403,0.293,-0.041,0.95,-57.1,-0.39,97.1,-1840.0,-10.2,771,0.276,0.023,1.03,17.7,0.21,45.8,1879.0,5.9,
10,close,mid,3.0,240,1413,0.294,-0.042,0.94,-59.0,-0.4,99.0,-1890.0,-10.6,772,0.277,0.024,1.03,18.7,0.22,44.9,1918.0,6.2,
10,close,mid,5.0,60,1371,0.27,0.045,1.06,61.5,0.34,38.7,26.0,11.0,762,0.243,0.045,1.06,34.5,0.35,30.6,2227.0,11.5,
10,close,mid,5.0,120,1403,0.272,0.04,1.05,56.3,0.31,37.8,-41.0,10.1,771,0.243,0.039,1.05,30.0,0.3,33.7,2103.0,10.0,
10,close,mid,5.0,240,1413,0.273,0.039,1.05,54.4,0.3,39.3,-90.0,9.8,772,0.244,0.04,1.05,31.0,0.31,32.8,2141.0,10.3,
10,close,mid,10.0,60,1371,0.263,0.05,1.06,69.1,0.36,44.2,101.0,12.4,762,0.236,0.082,1.1,62.2,0.56,42.9,3018.0,20.8,
10,close,mid,10.0,120,1403,0.266,0.049,1.06,69.0,0.35,43.3,184.0,12.4,771,0.236,0.075,1.1,57.8,0.52,46.0,2893.0,19.3,
10,close,mid,10.0,240,1413,0.267,0.047,1.06,67.0,0.34,44.3,134.0,12.0,772,0.237,0.076,1.1,58.7,0.53,45.1,2932.0,19.6,
10,close,atr,,60,1371,0.101,-0.037,0.97,-51.3,-0.13,150.4,-13.0,-9.2,762,0.085,0.071,1.07,54.3,0.26,122.8,803.0,18.1,0.05
10,close,atr,,120,1403,0.101,-0.057,0.95,-80.5,-0.2,150.8,-202.0,-14.4,771,0.084,0.058,1.06,44.5,0.21,126.1,680.0,14.9,0.05
10,close,atr,,240,1413,0.102,-0.063,0.94,-88.6,-0.22,154.9,-241.0,-15.9,772,0.084,0.056,1.06,43.4,0.21,127.2,669.0,14.5,0.05
10,close,atr,1.0,60,1371,0.449,-0.334,0.51,-457.7,-5.13,462.1,-2067.0,-82.1,762,0.475,-0.127,0.78,-96.8,-2.0,99.5,-1165.0,-32.3,0.05
10,close,atr,1.0,120,1403,0.453,-0.328,0.51,-459.8,-5.1,464.2,-2046.0,-82.4,771,0.479,-0.12,0.79,-92.5,-1.9,96.2,-1106.0,-30.9,0.05
10,close,atr,1.0,240,1413,0.452,-0.329,0.51,-464.5,-5.14,468.9,-2058.0,-83.3,772,0.478,-0.121,0.78,-93.6,-1.92,97.3,-1117.0,-31.3,0.05
10,close,atr,2.0,60,1371,0.322,-0.269,0.68,-368.4,-2.96,380.3,-1583.0,-66.1,762,0.335,-0.076,0.89,-58.0,-0.85,67.3,-730.0,-19.4,0.05
10,close,atr,2.0,120,1403,0.321,-0.272,0.67,-381.0,-3.04,392.9,-1708.0,-68.3,771,0.336,-0.072,0.9,-55.8,-0.81,66.0,-706.0,-18.6,0.05
10,close,atr,2.0,240,1413,0.322,-0.27,0.68,-381.7,-3.03,393.6,-1696.0,-68.4,772,0.335,-0.074,0.9,-56.9,-0.83,67.1,-718.0,-19.0,0.05
10,close,atr,3.0,60,1371,0.244,-0.263,0.72,-360.3,-2.38,370.0,-1630.0,-64.6,762,0.245,-0.103,0.87,-78.3,-0.95,82.6,-1103.0,-26.2,0.05
10,close,atr,3.0,120,1403,0.245,-0.263,0.72,-369.0,-2.41,378.6,-1729.0,-66.2,771,0.248,-0.093,0.88,-72.1,-0.86,75.8,-1030.0,-24.1,0.05
10,close,atr,3.0,240,1413,0.246,-0.262,0.72,-369.7,-2.41,379.3,-1739.0,-66.3,772,0.247,-0.095,0.88,-73.2,-0.88,76.9,-1042.0,-24.4,0.05
10,close,atr,5.0,60,1371,0.177,-0.198,0.8,-271.9,-1.36,279.5,-868.0,-48.8,762,0.173,-0.056,0.94,-42.6,-0.39,67.7,-591.0,-14.3,0.05
10,close,atr,5.0,120,1403,0.177,-0.199,0.8,-278.6,-1.38,286.2,-944.0,-49.9,771,0.174,-0.052,0.94,-40.4,-0.37,64.4,-571.0,-13.5,0.05
10,close,atr,5.0,240,1413,0.178,-0.203,0.8,-286.6,-1.42,294.3,-984.0,-51.4,772,0.174,-0.054,0.94,-41.5,-0.38,65.5,-582.0,-13.9,0.05
10,close,atr,10.0,60,1371,0.117,-0.111,0.9,-152.8,-0.54,261.7,-182.0,-27.4,762,0.098,-0.078,0.92,-59.7,-0.4,118.8,-840.0,-19.9,0.05
10,close,atr,10.0,120,1403,0.118,-0.116,0.89,-163.3,-0.57,272.7,-226.0,-29.3,771,0.097,-0.09,0.91,-69.4,-0.46,127.5,-962.0,-23.2,0.05
10,close,atr,10.0,240,1413,0.118,-0.121,0.89,-171.4,-0.6,277.9,-266.0,-30.7,772,0.097,-0.091,0.91,-70.5,-0.47,128.6,-973.0,-23.6,0.05
10,close,atr,,60,1371,0.187,0.059,1.07,81.4,0.3,58.4,622.0,14.6,762,0.176,0.127,1.15,96.6,0.69,66.8,2817.0,32.3,0.1
10,close,atr,,120,1403,0.187,0.042,1.05,58.8,0.21,64.7,307.0,10.6,771,0.175,0.119,1.14,91.7,0.65,68.9,2674.0,30.6,0.1
10,close,atr,,240,1413,0.188,0.038,1.04,53.6,0.19,64.7,268.0,9.6,772,0.175,0.117,1.14,90.7,0.64,70.0,2653.0,30.3,0.1
10,close,atr,1.0,60,1371,0.488,-0.142,0.75,-195.0,-2.21,202.2,-1823.0,-35.0,762,0.51,-0.013,0.97,-9.9,-0.21,35.0,-107.0,-3.3,0.1
10,close,atr,1.0,120,1403,0.488,-0.143,0.75,-200.3,-2.25,207.5,-2005.0,-35.9,771,0.511,-0.011,0.98,-8.2,-0.17,32.3,-82.0,-2.8,0.1
10,close,atr,1.0,240,1413,0.488,-0.143,0.75,-201.6,-2.25,208.8,-1988.0,-36.2,772,0.51,-0.012,0.98,-9.3,-0.19,33.4,-104.0,-3.1,0.1
10,close,atr,2.0,60,1371,0.333,-0.133,0.82,-181.7,-1.47,187.5,-2194.0,-32.6,762,0.337,-0.032,0.95,-24.2,-0.36,60.1,-523.0,-8.1,0.1
10,close,atr,2.0,120,1403,0.335,-0.13,0.82,-182.0,-1.46,187.8,-2302.0,-32.6,771,0.34,-0.023,0.97,-17.6,-0.26,52.4,-381.0,-5.9,0.1
10,close,atr,2.0,240,1413,0.335,-0.132,0.82,-186.3,-1.49,192.1,-2332.0,-33.4,772,0.339,-0.024,0.96,-18.6,-0.27,53.5,-403.0,-6.2,0.1
10,close,atr,3.0,60,1371,0.265,-0.095,0.88,-130.7,-0.86,157.0,-1862.0,-23.4,762,0.256,-0.031,0.96,-23.7,-0.29,63.4,-640.0,-7.9,0.1
10,close,atr,3.0,120,1403,0.266,-0.098,0.88,-137.4,-0.9,163.3,-1991.0,-24.6,771,0.257,-0.026,0.97,-20.1,-0.24,58.7,-582.0,-6.7,0.1
10,close,atr,3.0,240,1413,0.266,-0.101,0.88,-142.7,-0.93,168.5,-2030.0,-25.6,772,0.256,-0.027,0.96,-21.1,-0.25,59.7,-604.0,-7.1,0.1
10,close,atr,5.0,60,1371,0.208,-0.05,0.94,-68.7,-0.36,124.2,-794.0,-12.3,762,0.197,0.047,1.06,35.6,0.33,57.5,1047.0,11.9,0.1
10,close,atr,5.0,120,1403,0.208,-0.057,0.94,-79.4,-0.41,132.6,-935.0,-14.2,771,0.196,0.04,1.05,30.7,0.28,59.5,905.0,10.3,0.1
10,close,atr,5.0,240,1413,0.209,-0.06,0.93,-84.6,-0.43,134.4,-974.0,-15.2,772,0.196,0.038,1.05,29.7,0.27,60.6,883.0,9.9,0.1
10,close,atr,10.0,60,1371,0.19,0.06,1.07,81.9,0.33,59.7,1425.0,14.7,762,0.176,0.133,1.16,101.6,0.74,61.0,2909.0,34.0,0.1
10,close,atr,10.0,120,1403,0.19,0.049,1.05,68.2,0.27,65.3,1272.0,12.2,771,0.175,0.125,1.15,96.7,0.7,63.1,2766.0,32.3,0.1
10,close,atr,10.0,240,1413,0.19,0.045,1.05,62.9,0.25,68.8,1233.0,11.3,772,0.175,0.124,1.15,95.7,0.69,64.1,2745.0,32.0,0.1
10,close,atr,,60,1371,0.26,0.088,1.11,120.6,0.56,38.9,1341.0,21.6,762,0.248,0.137,1.18,104.0,0.93,24.8,4082.0,34.8,0.15
10,close,atr,,120,1403,0.262,0.076,1.1,106.6,0.49,42.6,1029.0,19.1,771,0.248,0.132,1.17,101.6,0.91,24.1,3978.0,34.0,0.15
10,close,atr,,240,1413,0.262,0.072,1.09,102.1,0.47,43.6,968.0,18.3,772,0.249,0.133,1.18,102.9,0.92,24.1,4016.0,34.4,0.15
10,close,atr,1.0,60,1371,0.491,-0.101,0.82,-137.8,-1.57,148.1,-2519.0,-24.7,762,0.516,0.008,1.02,6.5,0.14,20.4,29.0,2.2,0.15
10,close,atr,1.0,120,1403,0.492,-0.1,0.82,-140.0,-1.58,150.1,-2660.0,-25.1,771,0.516,0.011,1.02,8.2,0.17,18.5,70.0,2.8,0.15
10,close,atr,1.0,240,1413,0.493,-0.098,0.82,-138.5,-1.56,148.6,-2665.0,-24.8,772,0.517,0.012,1.02,9.2,0.19,17.6,101.0,3.1,0.15
10,close,atr,2.0,60,1371,0.35,-0.064,0.91,-87.5,-0.71,128.0,-2088.0,-15.7,762,0.341,-0.012,0.98,-9.3,-0.14,33.1,-577.0,-3.1,0.15
10,close,atr,2.0,120,1403,0.351,-0.066,0.91,-91.9,-0.74,132.9,-2206.0,-16.5,771,0.341,-0.011,0.98,-8.5,-0.12,32.3,-586.0,-2.8,0.15
10,close,atr,2.0,240,1413,0.35,-0.068,0.9,-96.4,-0.78,137.4,-2267.0,-17.3,772,0.342,-0.009,0.99,-7.2,-0.11,32.3,-547.0,-2.4,0.15
10,close,atr,3.0,60,1371,0.296,-0.024,0.97,-33.5,-0.23,79.3,-1056.0,-6.0,762,0.286,0.054,1.07,41.1,0.49,23.8,1492.0,13.7,0.15
10,close,atr,3.0,120,1403,0.297,-0.026,0.96,-36.9,-0.25,84.2,-1152.0,-6.6,771,0.285,0.052,1.07,40.1,0.48,25.7,1428.0,13.4,0.15
10,close,atr,3.0,240,1413,0.297,-0.029,0.96,-41.4,-0.28,88.7,-1213.0,-7.4,772,0.286,0.054,1.07,41.4,0.49,25.7,1467.0,13.8,0.15
10,close,atr,5.0,60,1371,0.268,0.045,1.06,61.5,0.34,46.0,1283.0,11.0,762,0.251,0.095,1.13,72.0,0.72,26.5,2756.0,24.1,0.15
10,close,atr,5.0,120,1403,0.269,0.037,1.05,51.7,0.29,50.9,1087.0,9.3,771,0.25,0.09,1.12,69.6,0.69,25.6,2652.0,23.3,0.15
10,close,atr,5.0,240,1413,0.27,0.033,1.04,47.3,0.26,51.9,1026.0,8.5,772,0.251,0.092,1.12,70.9,0.71,25.6,2690.0,23.7,0.15
10,close,atr,10.0,60,1371,0.261,0.083,1.11,114.5,0.55,34.3,1616.0,20.5,762,0.248,0.136,1.18,103.4,0.93,24.8,4036.0,34.5,0.15
10,close,atr,10.0,120,1403,0.262,0.078,1.1,109.7,0.53,33.3,1558.0,19.7,771,0.248,0.131,1.17,101.0,0.9,24.1,3931.0,33.7,0.15
10,close,atr,10.0,240,1413,0.263,0.074,1.1,105.2,0.5,34.3,1497.0,18.9,772,0.249,0.132,1.18,102.2,0.91,24.1,3970.0,34.2,0.15
10,close,atr,,60,1371,0.354,0.027,1.04,37.6,0.25,58.4,66.0,6.7,762,0.354,0.114,1.19,87.2,1.07,15.1,5652.0,29.1,0.25
10,close,atr,,120,1403,0.356,0.021,1.03,30.1,0.2,63.1,-204.0,5.4,771,0.354,0.11,1.18,85.1,1.04,16.0,5583.0,28.5,0.25
10,close,atr,,240,1413,0.356,0.019,1.03,27.4,0.18,63.2,-280.0,4.9,772,0.355,0.111,1.18,85.9,1.05,16.0,5622.0,28.7,0.25
10,close,atr,1.0,60,1371,0.5,-0.05,0.9,-68.0,-0.79,95.2,-2108.0,-12.2,762,0.514,0.024,1.05,18.7,0.4,16.1,1138.0,6.2,0.25
10,close,atr,1.0,120,1403,0.501,-0.048,0.9,-67.4,-0.78,95.5,-2154.0,-12.1,771,0.514,0.024,1.05,18.3,0.39,16.1,1152.0,6.1,0.25
10,close,atr,1.0,240,1413,0.5,-0.05,0.9,-70.1,-0.81,98.1,-2230.0,-12.6,772,0.514,0.025,1.05,19.1,0.4,15.8,1191.0,6.4,0.25
10,close,atr,2.0,60,1371,0.388,-0.023,0.96,-32.1,-0.28,72.7,-1530.0,-5.7,762,0.385,0.058,1.1,44.2,0.69,16.7,2903.0,14.8,0.25
10,close,atr,2.0,120,1403,0.391,-0.023,0.96,-31.7,-0.28,76.0,-1577.0,-5.7,771,0.384,0.055,1.09,42.2,0.65,17.7,2834.0,14.1,0.25
10,close,atr,2.0,240,1413,0.391,-0.024,0.96,-34.3,-0.3,78.6,-1653.0,-6.2,772,0.385,0.056,1.1,42.9,0.66,17.7,2873.0,14.3,0.25
10,close,atr,3.0,60,1371,0.365,0.009,1.02,12.9,0.1,51.6,522.0,2.3,762,0.36,0.082,1.14,62.3,0.85,15.1,3995.0,20.8,0.25
10,close,atr,3.0,120,1403,0.366,0.006,1.01,7.9,0.06,54.5,368.0,1.4,771,0.359,0.078,1.13,60.3,0.82,16.0,3926.0,20.1,0.25
10,close,atr,3.0,240,1413,0.367,0.004,1.01,5.2,0.04,57.2,293.0,0.9,772,0.36,0.079,1.13,61.0,0.83,16.0,3964.0,20.4,0.25
10,close,atr,5.0,60,1371,0.354,0.023,1.04,31.4,0.22,52.4,277.0,5.6,762,0.354,0.099,1.16,75.3,0.96,15.2,4981.0,25.2,0.25
10,close,atr,5.0,120,1403,0.356,0.02,1.03,28.4,0.2,52.5,216.0,5.1,771,0.354,0.095,1.16,73.3,0.93,16.0,4912.0,24.5,0.25
10,close,atr,5.0,240,1413,0.357,0.018,1.03,25.7,0.18,52.6,140.0,4.6,772,0.355,0.096,1.16,74.0,0.94,16.0,4951.0,24.7,0.25
10,close,atr,10.0,60,1371,0.354,0.024,1.04,33.1,0.22,58.4,31.0,5.9,762,0.354,0.114,1.19,87.2,1.07,15.1,5652.0,29.1,0.25
10,close,atr,10.0,120,1403,0.356,0.018,1.03,25.6,0.17,63.1,-239.0,4.6,771,0.354,0.11,1.18,85.1,1.04,16.0,5583.0,28.5,0.25
10,close,atr,10.0,240,1413,0.356,0.016,1.03,22.9,0.15,63.2,-314.0,4.1,772,0.355,0.111,1.18,85.9,1.05,16.0,5622.0,28.7,0.25
10,candle,or,,60,1410,0.288,-0.001,1.0,-1.1,-0.01,80.8,-805.0,-0.2,771,0.287,0.103,1.14,79.3,0.74,39.6,4527.0,26.5,
10,candle,or,1.0,60,1410,0.481,-0.109,0.8,-154.0,-1.73,169.7,-4257.0,-27.6,771,0.519,0.006,1.01,4.8,0.1,37.3,169.0,1.6,
10,candle,or,2.0,60,1410,0.35,-0.094,0.86,-132.7,-1.11,146.7,-4253.0,-23.8,771,0.393,0.087,1.14,67.0,0.98,22.1,3307.0,22.4,
10,candle,or,3.0,60,1410,0.318,-0.047,0.93,-65.6,-0.47,93.5,-1901.0,-11.8,771,0.328,0.066,1.1,50.8,0.64,30.4,2741.0,17.0,
10,candle,or,5.0,60,1410,0.296,-0.015,0.98,-20.8,-0.13,69.3,-1306.0,-3.7,771,0.297,0.105,1.15,80.8,0.85,29.3,3890.0,27.0,
10,candle,or,10.0,60,1410,0.289,0.003,1.0,4.2,0.02,79.4,-975.0,0.8,771,0.288,0.128,1.18,99.0,0.91,39.6,4735.0,33.1,
10,candle,mid,,60,1256,0.155,0.063,1.06,79.1,0.1,161.3,436.0,14.2,657,0.137,-0.076,0.92,-50.1,-0.33,116.9,2376.0,-16.7,
10,candle,mid,1.0,60,1256,0.447,-0.403,0.48,-506.1,-4.45,509.4,-1741.0,-90.7,657,0.446,-0.241,0.64,-158.1,-3.09,157.1,-237.0,-52.8,
10,candle,mid,2.0,60,1256,0.318,-0.347,0.62,-435.5,-3.11,440.0,-1584.0,-78.1,657,0.323,-0.165,0.79,-108.1,-1.59,118.1,750.0,-36.1,
10,candle,mid,3.0,60,1256,0.261,-0.295,0.7,-370.4,-2.27,372.2,-1159.0,-66.4,657,0.248,-0.146,0.83,-96.2,-1.19,129.2,1373.0,-32.2,
10,candle,mid,5.0,60,1256,0.2,-0.267,0.75,-334.9,-1.7,340.0,-1271.0,-60.0,657,0.184,-0.118,0.87,-77.6,-0.76,133.9,1344.0,-25.9,
10,candle,mid,10.0,60,1256,0.167,-0.209,0.81,-262.1,-1.05,283.9,-47.0,-47.0,657,0.148,-0.068,0.93,-44.4,-0.34,114.8,1976.0,-14.8,
10,candle,atr,,60,1410,0.1,0.033,1.03,46.9,0.11,151.7,699.0,8.4,771,0.092,0.061,1.06,47.3,0.23,103.6,251.0,15.8,0.05
10,candle,atr,1.0,60,1410,0.468,-0.297,0.55,-418.1,-4.62,419.2,-2107.0,-75.0,771,0.446,-0.186,0.69,-143.3,-2.97,143.2,-2035.0,-47.9,0.05
10,candle,atr,2.0,60,1410,0.328,-0.252,0.7,-355.3,-2.81,359.0,-1550.0,-63.7,771,0.32,-0.123,0.83,-95.0,-1.4,95.8,-1535.0,-31.7,0.05
10,candle,atr,3.0,60,1410,0.246,-0.254,0.73,-358.3,-2.33,370.3,-1806.0,-64.2,771,0.25,-0.092,0.89,-71.0,-0.85,89.7,-1070.0,-23.7,0.05
10,candle,atr,5.0,60,1410,0.177,-0.201,0.8,-283.0,-1.4,309.9,-1422.0,-50.8,771,0.173,-0.077,0.91,-59.6,-0.55,108.7,-822.0,-19.9,0.05
10,candle,atr,10.0,60,1410,0.111,-0.18,0.84,-253.6,-0.9,294.4,-1344.0,-45.5,771,0.113,0.028,1.03,21.6,0.14,83.5,54.0,7.2,0.05
10,candle,atr,,60,1410,0.184,0.114,1.13,161.4,0.57,82.9,1746.0,28.9,771,0.176,0.118,1.14,91.0,0.64,37.2,2351.0,30.4,0.1
10,candle,atr,1.0,60,1410,0.487,-0.144,0.75,-202.6,-2.26,206.7,-2140.0,-36.3,771,0.51,-0.02,0.96,-15.7,-0.32,26.3,-549.0,-5.2,0.1
10,candle,atr,2.0,60,1410,0.339,-0.111,0.85,-155.9,-1.24,166.1,-1992.0,-28.0,771,0.353,0.009,1.01,6.6,0.1,25.5,300.0,2.2,0.1
10,candle,atr,3.0,60,1410,0.26,-0.108,0.87,-152.2,-0.99,186.8,-2006.0,-27.3,771,0.275,0.035,1.05,26.9,0.32,29.9,816.0,9.0,0.1
10,candle,atr,5.0,60,1410,0.203,-0.052,0.94,-72.7,-0.37,107.8,-1365.0,-13.0,771,0.209,0.088,1.11,68.0,0.62,30.2,1655.0,22.7,0.1
10,candle,atr,10.0,60,1410,0.185,0.1,1.11,141.2,0.54,64.3,1767.0,25.3,771,0.176,0.116,1.14,89.6,0.65,37.2,2410.0,29.9,0.1
10,candle,atr,,60,1410,0.244,0.061,1.08,85.5,0.4,63.0,1128.0,15.3,771,0.25,0.142,1.19,109.2,0.95,30.0,3167.0,36.5,0.15
10,candle,atr,1.0,60,1410,0.489,-0.099,0.82,-140.2,-1.57,154.1,-2846.0,-25.1,771,0.537,0.046,1.1,35.8,0.75,18.0,1052.0,12.0,0.15
10,candle,atr,2.0,60,1410,0.338,-0.09,0.87,-127.3,-1.03,154.8,-2554.0,-22.8,771,0.379,0.089,1.14,68.4,0.99,16.3,2119.0,22.9,0.15
10,candle,atr,3.0,60,1410,0.282,-0.052,0.93,-74.0,-0.49,110.5,-1965.0,-13.3,771,0.297,0.078,1.11,60.0,0.72,22.9,1622.0,20.1,0.15
10,candle,atr,5.0,60,1410,0.254,0.031,1.04,43.7,0.24,54.1,724.0,7.8,771,0.258,0.123,1.16,94.9,0.92,29.8,2866.0,31.7,0.15
10,candle,atr,10.0,60,1410,0.244,0.067,1.08,94.4,0.44,63.3,1221.0,16.9,771,0.25,0.135,1.18,103.8,0.92,30.0,3014.0,34.7,0.15
10,candle,atr,,60,1410,0.349,0.028,1.04,38.8,0.26,47.3,1704.0,7.0,771,0.367,0.12,1.2,92.4,1.1,22.3,5750.0,30.9,0.25
10,candle,atr,1.0,60,1410,0.501,-0.046,0.91,-65.5,-0.75,77.8,-1662.0,-11.8,771,0.537,0.057,1.13,43.9,0.92,13.3,2921.0,14.7,0.25
10,candle,atr,2.0,60,1410,0.382,-0.032,0.95,-45.4,-0.39,63.2,-1288.0,-8.1,771,0.405,0.072,1.12,55.6,0.86,16.7,3502.0,18.6,0.25
10,candle,atr,3.0,60,1410,0.361,0.017,1.03,23.4,0.18,47.7,2266.0,4.2,771,0.375,0.092,1.15,70.6,0.96,20.3,4749.0,23.6,0.25
10,candle,atr,5.0,60,1410,0.349,0.028,1.04,39.5,0.27,38.6,1674.0,7.1,771,0.367,0.098,1.16,75.3,0.95,22.3,4915.0,25.2,0.25
10,candle,atr,10.0,60,1410,0.349,0.029,1.05,40.3,0.27,47.3,1748.0,7.2,771,0.367,0.12,1.2,92.4,1.1,22.3,5750.0,30.9,0.25
15,stop,or,,60,1366,0.402,0.035,1.06,47.6,0.37,32.0,636.0,8.5,760,0.372,0.099,1.17,75.1,0.95,17.1,4466.0,25.1,
15,stop,or,,120,1400,0.401,0.027,1.05,38.3,0.3,32.8,221.0,6.9,770,0.373,0.095,1.16,73.2,0.93,17.1,4357.0,24.5,
15,stop,or,,240,1412,0.401,0.025,1.05,35.2,0.28,34.1,138.0,6.3,772,0.374,0.097,1.17,74.9,0.95,17.1,4513.0,25.0,
15,stop,or,1.0,60,1366,0.513,-0.02,0.96,-26.8,-0.32,52.1,-1166.0,-4.8,760,0.522,0.031,1.07,23.9,0.51,22.8,937.0,8.0,
15,stop,or,1.0,120,1400,0.512,-0.021,0.96,-28.9,-0.34,58.0,-1293.0,-5.2,770,0.523,0.032,1.07,24.8,0.53,22.8,983.0,8.3,
15,stop,or,1.0,240,1412,0.511,-0.023,0.95,-32.0,-0.38,61.7,-1377.0,-5.7,772,0.525,0.034,1.07,26.3,0.56,22.8,1122.0,8.8,
15,stop,or,2.0,60,1366,0.428,0.038,1.07,52.2,0.48,25.6,1468.0,9.4,760,0.407,0.069,1.12,52.7,0.84,14.7,2899.0,17.6,
15,stop,or,2.0,120,1400,0.426,0.032,1.06,44.6,0.41,28.7,1149.0,8.0,770,0.406,0.066,1.12,50.8,0.81,14.8,2789.0,17.0,
15,stop,or,2.0,240,1412,0.426,0.029,1.06,41.5,0.38,30.5,1066.0,7.4,772,0.408,0.068,1.12,52.4,0.84,14.8,2946.0,17.5,
15,stop,or,3.0,60,1366,0.408,0.051,1.09,69.3,0.58,36.1,1912.0,12.4,760,0.38,0.084,1.14,63.8,0.91,17.1,3767.0,21.3,
15,stop,or,3.0,120,1400,0.408,0.045,1.08,62.7,0.52,36.8,1652.0,11.2,770,0.381,0.08,1.14,61.9,0.88,17.1,3657.0,20.7,
15,stop,or,3.0,240,1412,0.407,0.042,1.08,59.6,0.49,38.2,1569.0,10.7,772,0.382,0.082,1.14,63.6,0.9,17.1,3814.0,21.2,
15,stop,or,5.0,60,1366,0.402,0.036,1.06,48.8,0.39,38.3,713.0,8.8,760,0.375,0.103,1.17,78.1,1.02,17.1,4499.0,26.1,
15,stop,or,5.0,120,1400,0.401,0.032,1.06,44.2,0.35,39.1,571.0,7.9,770,0.375,0.099,1.17,76.2,0.99,17.1,4389.0,25.4,
15,stop,or,5.0,240,1412,0.401,0.029,1.05,41.1,0.33,40.4,487.0,7.4,772,0.377,0.101,1.17,77.8,1.01,17.1,4546.0,26.0,
15,stop,or,10.0,60,1366,0.402,0.033,1.06,44.7,0.36,34.9,614.0,8.0,760,0.372,0.097,1.17,74.0,0.95,17.1,4421.0,24.7,
15,stop,or,10.0,120,1400,0.401,0.025,1.05,35.5,0.28,35.6,199.0,6.4,770,0.373,0.094,1.16,72.1,0.92,17.1,4312.0,24.1,
15,stop,or,10.0,240,1412,0.401,0.023,1.04,32.4,0.26,37.0,115.0,5.8,772,0.374,0.096,1.16,73.8,0.94,17.1,4468.0,24.7,
15,stop,mid,,60,1366,0.265,0.093,1.12,127.2,0.62,36.0,1899.0,22.8,760,0.226,0.13,1.16,99.0,0.81,40.9,4495.0,33.1,
15,stop,mid,,120,1400,0.264,0.08,1.1,112.3,0.55,38.3,1528.0,20.1,770,0.227,0.128,1.16,98.2,0.81,43.9,4503.0,32.8,
15,stop,mid,,240,1412,0.265,0.076,1.1,107.9,0.52,40.1,1474.0,19.3,772,0.229,0.132,1.17,101.6,0.83,40.6,4660.0,33.9,
15,stop,mid,1.0,60,1366,0.529,-0.023,0.96,-30.8,-0.35,53.1,-415.0,-5.5,760,0.496,-0.039,0.92,-29.8,-0.62,48.1,-1057.0,-10.0,
15,stop,mid,1.0,120,1400,0.527,-0.025,0.95,-35.5,-0.4,57.0,-569.0,-6.4,770,0.499,-0.034,0.93,-26.1,-0.54,44.4,-875.0,-8.7,
15,stop,mid,1.0,240,1412,0.525,-0.028,0.95,-39.3,-0.44,58.9,-628.0,-7.1,772,0.5,-0.031,0.94,-24.1,-0.49,42.7,-787.0,-8.1,
15,stop,mid,2.0,60,1366,0.361,-0.024,0.97,-32.6,-0.26,70.9,32.0,-5.8,760,0.346,-0.005,0.99,-3.7,-0.05,50.1,623.0,-1.2,
15,stop,mid,2.0,120,1400,0.361,-0.024,0.97,-33.2,-0.26,70.7,-58.0,-6.0,770,0.348,0.0,1.0,0.4,0.01,46.9,767.0,0.1,
15,stop,mid,2.0,240,1412,0.36,-0.027,0.96,-37.7,-0.3,75.2,-112.0,-6.8,772,0.35,0.004,1.01,3.4,0.05,46.9,907.0,1.1,
15,stop,mid,3.0,60,1366,0.306,0.03,1.04,40.4,0.27,34.9,1184.0,7.3,760,0.271,-0.011,0.98,-8.6,-0.11,55.7,276.0,-2.9,
15,stop,mid,3.0,120,1400,0.306,0.026,1.03,35.8,0.23,38.9,1005.0,6.4,770,0.273,-0.006,0.99,-4.3,-0.05,51.3,404.0,-1.4,
15,stop,mid,3.0,240,1412,0.306,0.022,1.03,31.4,0.21,40.7,951.0,5.6,772,0.275,-0.001,1.0,-0.9,-0.01,48.0,561.0,-0.3,
15,stop,mid,5.0,60,1366,0.277,0.12,1.16,164.3,0.89,31.8,2844.0,29.5,760,0.238,0.097,1.12,73.4,0.71,30.5,3697.0,24.5,
15,stop,mid,5.0,120,1400,0.276,0.11,1.14,153.6,0.82,34.5,2600.0,27.5,770,0.239,0.094,1.12,72.6,0.7,30.5,3705.0,24.3,
15,stop,mid,5.0,240,1412,0.276,0.106,1.14,149.2,0.8,36.3,2546.0,26.8,772,0.241,0.098,1.13,76.0,0.73,30.5,3862.0,25.4,
15,stop,mid,10.0,60,1366,0.265,0.097,1.12,132.5,0.66,33.8,1995.0,23.8,760,0.226,0.127,1.16,96.2,0.81,41.4,4348.0,32.1,
15,stop,mid,10.0,120,1400,0.264,0.091,1.12,126.8,0.62,36.1,1898.0,22.7,770,0.227,0.124,1.16,95.4,0.8,44.5,4357.0,31.9,
15,stop,mid,10.0,240,1412,0.265,0.087,1.11,122.4,0.6,37.9,1844.0,21.9,772,0.229,0.128,1.16,98.8,0.83,41.1,4513.0,33.0,
15,stop,atr,,60,1366,0.081,-0.565,0.57,-772.1,-2.46,785.4,-3913.0,-138.4,760,0.057,-0.445,0.62,-338.6,-1.89,389.3,-4514.0,-113.1,0.05
15,stop,atr,,120,1400,0.079,-0.589,0.55,-824.1,-2.62,836.1,-4181.0,-147.8,770,0.057,-0.446,0.62,-343.3,-1.92,394.0,-4581.0,-114.7,0.05
15,stop,atr,,240,1412,0.079,-0.588,0.55,-830.7,-2.64,842.7,-4169.0,-148.9,772,0.057,-0.448,0.61,-345.5,-1.93,396.2,-4606.0,-115.4,0.05
15,stop,atr,1.0,60,1366,0.307,-0.799,0.23,-1091.4,-10.71,1092.9,-5962.0,-195.7,760,0.267,-0.689,0.26,-524.0,-10.45,522.4,-7001.0,-175.1,0.05
15,stop,atr,1.0,120,1400,0.304,-0.808,0.23,-1131.4,-11.04,1132.9,-6176.0,-202.9,770,0.271,-0.679,0.27,-522.9,-10.36,521.3,-6999.0,-174.7,0.05
15,stop,atr,1.0,240,1412,0.305,-0.806,0.23,-1137.6,-11.08,1139.1,-6187.0,-204.0,772,0.272,-0.678,0.27,-523.0,-10.35,521.5,-6998.0,-174.8,0.05
15,stop,atr,2.0,60,1366,0.217,-0.767,0.33,-1048.0,-8.4,1052.7,-5681.0,-187.9,760,0.184,-0.674,0.34,-512.2,-8.28,511.7,-6884.0,-171.2,0.05
15,stop,atr,2.0,120,1400,0.215,-0.775,0.33,-1085.0,-8.63,1088.5,-5893.0,-194.5,770,0.19,-0.656,0.36,-505.2,-8.05,504.6,-6817.0,-168.8,0.05
15,stop,atr,2.0,240,1412,0.217,-0.769,0.33,-1086.2,-8.6,1089.7,-5874.0,-194.8,772,0.189,-0.657,0.35,-507.3,-8.09,506.8,-6843.0,-169.5,0.05
15,stop,atr,3.0,60,1366,0.168,-0.756,0.37,-1032.7,-7.19,1040.2,-5628.0,-185.2,760,0.145,-0.652,0.39,-495.6,-6.85,496.0,-6742.0,-165.6,0.05
15,stop,atr,3.0,120,1400,0.165,-0.769,0.37,-1076.6,-7.46,1084.1,-5872.0,-193.0,770,0.151,-0.627,0.41,-482.5,-6.53,482.9,-6611.0,-161.2,0.05
15,stop,atr,3.0,240,1412,0.166,-0.763,0.37,-1076.9,-7.41,1084.4,-5870.0,-193.1,772,0.15,-0.628,0.41,-484.6,-6.56,485.1,-6637.0,-162.0,0.05
15,stop,atr,5.0,60,1366,0.122,-0.719,0.43,-982.4,-5.5,991.9,-5163.0,-176.1,760,0.105,-0.607,0.45,-461.6,-5.04,465.0,-6111.0,-154.2,0.05
15,stop,atr,5.0,120,1400,0.119,-0.735,0.42,-1028.3,-5.74,1037.9,-5412.0,-184.4,770,0.109,-0.582,0.47,-448.5,-4.79,451.9,-5983.0,-149.9,0.05
15,stop,atr,5.0,240,1412,0.12,-0.734,0.42,-1036.9,-5.77,1046.4,-5418.0,-185.9,772,0.109,-0.584,0.47,-450.6,-4.81,454.1,-6009.0,-150.6,0.05
15,stop,atr,10.0,60,1366,0.094,-0.565,0.56,-772.0,-3.01,783.6,-3670.0,-138.4,760,0.064,-0.582,0.5,-442.1,-3.55,465.6,-5900.0,-147.8,0.05
15,stop,atr,10.0,120,1400,0.092,-0.589,0.55,-823.9,-3.21,834.3,-3938.0,-147.7,770,0.065,-0.58,0.5,-446.9,-3.57,470.3,-5967.0,-149.3,0.05
15,stop,atr,10.0,240,1412,0.093,-0.586,0.55,-827.5,-3.21,837.8,-3896.0,-148.4,772,0.065,-0.582,0.5,-449.1,-3.59,472.5,-5993.0,-150.1,0.05
15,stop,atr,,60,1366,0.195,0.05,1.06,68.9,0.26,71.9,1228.0,12.3,760,0.182,0.192,1.22,145.6,0.97,66.0,4712.0,48.7,0.1
15,stop,atr,,120,1400,0.193,0.028,1.03,39.3,0.15,78.1,916.0,7.1,770,0.182,0.188,1.22,144.5,0.96,69.2,4706.0,48.3,0.1
15,stop,atr,,240,1412,0.194,0.025,1.03,35.3,0.14,82.4,920.0,6.3,772,0.183,0.191,1.22,147.8,0.98,65.8,4801.0,49.4,0.1
15,stop,atr,1.0,60,1366,0.489,-0.156,0.73,-213.0,-2.36,215.5,-1437.0,-38.2,760,0.48,-0.086,0.84,-65.3,-1.34,74.4,-1443.0,-21.8,0.1
15,stop,atr,1.0,120,1400,0.488,-0.159,0.73,-222.3,-2.43,224.8,-1524.0,-39.9,770,0.486,-0.075,0.86,-57.7,-1.18,66.8,-1269.0,-19.3,0.1
15,stop,atr,1.0,240,1412,0.489,-0.157,0.73,-222.0,-2.42,224.6,-1495.0,-39.8,772,0.486,-0.075,0.86,-57.8,-1.18,66.9,-1266.0,-19.3,0.1
15,stop,atr,2.0,60,1366,0.325,-0.169,0.78,-230.7,-1.86,234.4,-1710.0,-41.4,760,0.351,-0.002,1.0,-1.6,-0.02,51.1,436.0,-0.5,0.1
15,stop,atr,2.0,120,1400,0.324,-0.171,0.78,-239.9,-1.91,243.7,-1737.0,-43.0,770,0.357,0.016,1.02,12.0,0.17,37.5,751.0,4.0,0.1
15,stop,atr,2.0,240,1412,0.326,-0.168,0.78,-237.4,-1.88,241.1,-1712.0,-42.6,772,0.358,0.017,1.02,12.9,0.18,37.2,782.0,4.3,0.1
15,stop,atr,3.0,60,1366,0.269,-0.096,0.88,-131.4,-0.86,141.2,-905.0,-23.6,760,0.258,-0.038,0.95,-28.9,-0.35,92.9,-32.0,-9.7,0.1
15,stop,atr,3.0,120,1400,0.266,-0.105,0.87,-146.7,-0.95,153.3,-1022.0,-26.3,770,0.261,-0.025,0.97,-19.4,-0.23,84.7,188.0,-6.5,0.1
15,stop,atr,3.0,240,1412,0.267,-0.107,0.87,-151.2,-0.97,160.8,-1027.0,-27.1,772,0.262,-0.023,0.97,-17.4,-0.21,84.7,245.0,-5.8,0.1
15,stop,atr,5.0,60,1366,0.222,0.013,1.01,17.5,0.09,78.6,1329.0,3.1,760,0.201,0.058,1.07,43.8,0.4,65.7,1840.0,14.6,0.1
15,stop,atr,5.0,120,1400,0.22,0.0,1.0,0.0,0.0,91.1,1184.0,0.0,770,0.201,0.055,1.07,42.6,0.39,69.9,1833.0,14.2,0.1
15,stop,atr,5.0,240,1412,0.221,-0.002,1.0,-2.5,-0.01,97.6,1217.0,-0.5,772,0.202,0.06,1.07,46.5,0.42,66.0,1944.0,15.6,0.1
15,stop,atr,10.0,60,1366,0.198,0.057,1.06,77.7,0.32,84.2,1826.0,13.9,760,0.182,0.164,1.19,124.3,0.89,67.9,4158.0,41.6,0.1
15,stop,atr,10.0,120,1400,0.196,0.034,1.04,48.2,0.2,89.1,1514.0,8.6,770,0.182,0.16,1.19,123.2,0.88,71.2,4152.0,41.2,0.1
15,stop,atr,10.0,240,1412,0.197,0.031,1.03,44.1,0.18,93.4,1518.0,7.9,772,0.183,0.164,1.19,126.5,0.9,67.9,4246.0,42.3,0.1
15,stop,atr,,60,1366,0.27,0.106,1.14,144.8,0.68,36.1,2314.0,26.0,760,0.254,0.156,1.21,118.6,1.05,24.6,4779.0,39.6,0.15
15,stop,atr,,120,1400,0.268,0.088,1.11,123.1,0.58,37.5,1947.0,22.1,770,0.255,0.154,1.2,118.8,1.04,25.6,4822.0,39.7,0.15
15,stop,atr,,240,1412,0.268,0.084,1.11,119.2,0.56,38.0,1929.0,21.4,772,0.256,0.159,1.21,123.0,1.08,25.6,4978.0,41.1,0.15
15,stop,atr,1.0,60,1366,0.513,-0.055,0.89,-75.3,-0.86,84.2,-1152.0,-13.5,760,0.505,-0.013,0.97,-9.9,-0.21,31.7,-698.0,-3.3,0.15
15,stop,atr,1.0,120,1400,0.513,-0.056,0.89,-78.3,-0.88,86.1,-1198.0,-14.0,770,0.51,-0.003,0.99,-2.2,-0.05,24.0,-433.0,-0.7,0.15
15,stop,atr,1.0,240,1412,0.514,-0.053,0.9,-75.0,-0.84,83.7,-1183.0,-13.4,772,0.512,-0.0,1.0,-0.3,-0.01,23.4,-364.0,-0.1,0.15
15,stop,atr,2.0,60,1366,0.366,-0.022,0.97,-30.3,-0.24,78.4,-530.0,-5.4,760,0.357,0.022,1.03,17.0,0.25,37.3,664.0,5.7,0.15
15,stop,atr,2.0,120,1400,0.364,-0.027,0.96,-37.2,-0.3,78.8,-628.0,-6.7,770,0.358,0.028,1.04,21.7,0.32,34.2,825.0,7.3,0.15
15,stop,atr,2.0,240,1412,0.364,-0.029,0.96,-41.5,-0.33,82.0,-655.0,-7.4,772,0.36,0.032,1.05,25.0,0.36,34.2,945.0,8.4,0.15
15,stop,atr,3.0,60,1366,0.316,0.044,1.06,59.6,0.4,47.4,1343.0,10.7,760,0.295,0.069,1.1,52.4,0.63,35.0,1958.0,17.5,0.15
15,stop,atr,3.0,120,1400,0.314,0.037,1.05,52.5,0.34,45.0,1268.0,9.4,770,0.296,0.074,1.1,57.0,0.68,35.9,2125.0,19.1,0.15
15,stop,atr,3.0,240,1412,0.314,0.035,1.05,49.3,0.32,48.3,1270.0,8.8,772,0.298,0.079,1.11,61.3,0.73,35.9,2284.0,20.5,0.15
15,stop,atr,5.0,60,1366,0.277,0.071,1.09,96.9,0.54,59.8,2510.0,17.4,760,0.259,0.146,1.2,111.2,1.08,23.7,4502.0,37.2,0.15
15,stop,atr,5.0,120,1400,0.275,0.057,1.07,79.4,0.44,64.7,2259.0,14.2,770,0.26,0.145,1.19,111.4,1.08,24.7,4545.0,37.2,0.15
15,stop,atr,5.0,240,1412,0.275,0.053,1.07,75.5,0.41,67.9,2242.0,13.5,772,0.262,0.15,1.2,115.6,1.11,24.7,4702.0,38.6,0.15
15,stop,atr,10.0,60,1366,0.271,0.106,1.14,144.5,0.7,53.3,2654.0,25.9,760,0.254,0.157,1.21,119.1,1.05,23.6,4810.0,39.8,0.15
15,stop,atr,10.0,120,1400,0.269,0.094,1.12,132.0,0.64,55.6,2541.0,23.7,770,0.255,0.155,1.21,119.3,1.05,24.6,4852.0,39.9,0.15
15,stop,atr,10.0,240,1412,0.269,0.091,1.12,128.1,0.62,56.3,2524.0,23.0,772,0.256,0.16,1.21,123.5,1.09,24.6,5009.0,41.3,0.15
15,stop,atr,,60,1366,0.363,0.057,1.09,78.0,0.52,38.5,2083.0,14.0,760,0.354,0.12,1.2,91.3,1.12,18.7,5926.0,30.5,0.25
15,stop,atr,,120,1400,0.361,0.046,1.07,64.9,0.43,43.9,1743.0,11.6,770,0.355,0.118,1.19,90.7,1.11,18.7,5922.0,30.3,0.25
15,stop,atr,,240,1412,0.361,0.043,1.07,60.5,0.4,46.7,1672.0,10.8,772,0.356,0.121,1.2,93.2,1.14,18.7,6079.0,31.2,0.25
15,stop,atr,1.0,60,1366,0.518,-0.011,0.98,-14.9,-0.17,45.0,-550.0,-2.7,760,0.524,0.036,1.08,27.2,0.58,19.3,1671.0,9.1,0.25
15,stop,atr,1.0,120,1400,0.517,-0.014,0.97,-19.0,-0.22,46.9,-595.0,-3.4,770,0.525,0.038,1.08,29.1,0.61,17.5,1768.0,9.7,0.25
15,stop,atr,1.0,240,1412,0.516,-0.015,0.97,-21.4,-0.25,49.7,-638.0,-3.8,772,0.526,0.04,1.09,30.8,0.65,17.5,1874.0,10.3,0.25
15,stop,atr,2.0,60,1366,0.411,0.051,1.09,69.8,0.6,33.7,2760.0,12.5,760,0.389,0.057,1.1,43.2,0.67,26.6,2674.0,14.4,0.25
15,stop,atr,2.0,120,1400,0.409,0.046,1.08,64.3,0.55,37.3,2666.0,11.5,770,0.39,0.055,1.1,42.5,0.66,27.2,2670.0,14.2,0.25
15,stop,atr,2.0,240,1412,0.409,0.043,1.07,60.5,0.52,40.1,2624.0,10.8,772,0.391,0.059,1.1,45.3,0.7,27.2,2843.0,15.1,0.25
15,stop,atr,3.0,60,1366,0.375,0.05,1.08,68.9,0.53,49.7,3019.0,12.4,760,0.363,0.114,1.19,86.7,1.17,17.6,5660.0,29.0,0.25
15,stop,atr,3.0,120,1400,0.373,0.042,1.07,58.3,0.44,54.4,2795.0,10.5,770,0.364,0.112,1.19,86.1,1.15,17.6,5656.0,28.8,0.25
15,stop,atr,3.0,240,1412,0.373,0.038,1.06,53.9,0.41,57.2,2725.0,9.7,772,0.365,0.115,1.19,88.6,1.19,17.6,5812.0,29.6,0.25
15,stop,atr,5.0,60,1366,0.364,0.049,1.08,67.3,0.47,51.6,2117.0,12.1,760,0.355,0.112,1.18,85.2,1.08,19.7,5502.0,28.5,0.25
15,stop,atr,5.0,120,1400,0.362,0.042,1.07,58.7,0.41,57.1,1984.0,10.5,770,0.356,0.11,1.18,84.5,1.06,19.7,5498.0,28.2,0.25
15,stop,atr,5.0,240,1412,0.362,0.038,1.06,54.2,0.38,59.9,1914.0,9.7,772,0.358,0.113,1.19,87.0,1.1,19.7,5655.0,29.1,0.25
15,stop,atr,10.0,60,1366,0.363,0.055,1.09,74.7,0.51,43.6,2118.0,13.4,760,0.354,0.12,1.2,91.3,1.12,18.7,5926.0,30.5,0.25
15,stop,atr,10.0,120,1400,0.361,0.044,1.07,61.5,0.41,49.0,1778.0,11.0,770,0.355,0.118,1.19,90.7,1.11,18.7,5922.0,30.3,0.25
15,stop,atr,10.0,240,1412,0.361,0.04,1.07,57.1,0.38,51.8,1707.0,10.2,772,0.356,0.121,1.2,93.2,1.14,18.7,6079.0,31.2,0.25
15,close,or,,60,1320,0.405,0.009,1.02,12.2,0.1,41.1,-559.0,2.2,742,0.394,0.09,1.16,66.9,0.94,16.4,4742.0,22.4,
15,close,or,,120,1385,0.406,0.006,1.01,9.0,0.08,38.4,-975.0,1.6,766,0.39,0.076,1.14,58.1,0.81,17.4,4089.0,19.4,
15,close,or,,240,1408,0.405,0.002,1.0,3.2,0.03,41.3,-1188.0,0.6,769,0.391,0.077,1.14,59.0,0.82,17.4,4081.0,19.7,
15,close,or,1.0,60,1320,0.493,-0.045,0.9,-59.2,-0.73,91.0,-2198.0,-10.6,742,0.515,0.026,1.06,19.0,0.42,15.7,1091.0,6.3,
15,close,or,1.0,120,1385,0.493,-0.043,0.91,-60.1,-0.73,96.1,-2372.0,-10.8,766,0.512,0.02,1.04,15.3,0.33,15.7,762.0,5.1,
15,close,or,1.0,240,1408,0.491,-0.045,0.9,-63.9,-0.77,98.4,-2465.0,-11.5,769,0.512,0.021,1.05,16.1,0.35,15.7,737.0,5.4,
15,close,or,2.0,60,1320,0.42,0.014,1.03,18.9,0.18,41.8,328.0,3.4,742,0.419,0.074,1.14,54.9,0.92,15.1,3587.0,18.3,
15,close,or,2.0,120,1385,0.422,0.011,1.02,14.6,0.14,42.0,-29.0,2.6,766,0.415,0.06,1.11,46.0,0.76,17.6,2934.0,15.4,
15,close,or,2.0,240,1408,0.42,0.006,1.01,8.8,0.08,44.9,-241.0,1.6,769,0.416,0.061,1.11,47.0,0.78,16.0,2927.0,15.7,
15,close,or,3.0,60,1320,0.409,0.023,1.04,30.7,0.27,49.2,190.0,5.5,742,0.396,0.077,1.14,57.0,0.86,16.5,4170.0,19.0,
15,close,or,3.0,120,1385,0.411,0.02,1.04,28.2,0.25,48.4,-99.0,5.1,766,0.393,0.063,1.11,48.1,0.72,17.5,3517.0,16.1,
15,close,or,3.0,240,1408,0.409,0.016,1.03,22.4,0.2,51.3,-312.0,4.0,769,0.394,0.064,1.11,49.0,0.73,17.5,3509.0,16.4,
15,close,or,5.0,60,1320,0.405,0.003,1.01,4.3,0.04,48.9,-656.0,0.8,742,0.396,0.105,1.19,77.8,1.09,16.4,5303.0,26.0,
15,close,or,5.0,120,1385,0.406,0.004,1.01,5.6,0.05,46.2,-799.0,1.0,766,0.393,0.09,1.16,68.9,0.96,17.4,4650.0,23.0,
15,close,or,5.0,240,1408,0.405,-0.0,1.0,-0.2,-0.0,49.2,-1011.0,-0.0,769,0.394,0.091,1.16,69.9,0.97,17.4,4642.0,23.3,
15,close,or,10.0,60,1320,0.405,0.007,1.01,9.4,0.08,43.9,-582.0,1.7,742,0.394,0.09,1.16,66.9,0.94,16.4,4742.0,22.4,
15,close,or,10.0,120,1385,0.406,0.004,1.01,6.1,0.05,41.2,-998.0,1.1,766,0.39,0.076,1.14,58.1,0.81,17.4,4089.0,19.4,
15,close,or,10.0,240,1408,0.405,0.0,1.0,0.3,0.0,44.2,-1210.0,0.1,769,0.391,0.077,1.14,59.0,0.82,17.4,4081.0,19.7,
15,close,mid,,60,1320,0.289,0.057,1.08,75.2,0.41,27.2,602.0,13.5,742,0.265,0.106,1.14,79.0,0.77,40.3,4511.0,26.4,
15,close,mid,,120,1385,0.291,0.05,1.07,69.3,0.37,26.8,232.0,12.4,766,0.264,0.091,1.12,69.5,0.67,46.8,4219.0,23.2,
15,close,mid,,240,1408,0.29,0.043,1.06,61.1,0.33,30.1,106.0,11.0,769,0.265,0.093,1.13,71.7,0.69,43.5,4253.0,24.0,
15,close,mid,1.0,60,1320,0.486,-0.096,0.82,-126.4,-1.46,129.2,-2994.0,-22.7,742,0.484,-0.057,0.89,-42.4,-0.89,53.8,-1501.0,-14.2,
15,close,mid,1.0,120,1385,0.49,-0.087,0.84,-120.3,-1.36,123.0,-2936.0,-21.6,766,0.48,-0.063,0.88,-48.3,-1.0,58.6,-1740.0,-16.1,
15,close,mid,1.0,240,1408,0.488,-0.088,0.84,-123.3,-1.39,126.0,-2942.0,-22.1,769,0.481,-0.062,0.88,-47.4,-0.98,57.7,-1771.0,-15.8,
15,close,mid,2.0,60,1320,0.361,-0.03,0.96,-39.8,-0.33,87.4,-302.0,-7.1,742,0.35,-0.003,1.0,-1.9,-0.03,29.2,174.0,-0.6,
15,close,mid,2.0,120,1385,0.362,-0.03,0.96,-41.8,-0.34,87.4,-521.0,-7.5,766,0.349,-0.006,0.99,-4.7,-0.07,29.6,89.0,-1.6,
15,close,mid,2.0,240,1408,0.361,-0.033,0.95,-46.9,-0.38,91.5,-551.0,-8.4,769,0.35,-0.004,0.99,-2.8,-0.04,30.6,107.0,-0.9,
15,close,mid,3.0,60,1320,0.313,0.011,1.02,15.0,0.1,47.0,404.0,2.7,742,0.294,0.044,1.06,32.3,0.4,33.6,2427.0,10.8,
15,close,mid,3.0,120,1385,0.314,0.004,1.01,5.9,0.04,44.3,57.0,1.1,766,0.291,0.032,1.04,24.2,0.3,40.1,2176.0,8.1,
15,close,mid,3.0,240,1408,0.313,-0.002,1.0,-2.3,-0.02,50.5,-69.0,-0.4,769,0.293,0.034,1.05,26.4,0.32,36.9,2210.0,8.8,
15,close,mid,5.0,60,1320,0.295,0.085,1.12,112.1,0.66,29.6,1092.0,20.1,742,0.271,0.11,1.15,81.6,0.85,20.4,4591.0,27.3,
15,close,mid,5.0,120,1385,0.297,0.077,1.11,107.1,0.62,27.7,819.0,19.2,766,0.269,0.094,1.13,72.0,0.74,23.5,4299.0,24.1,
15,close,mid,5.0,240,1408,0.297,0.07,1.1,98.9,0.57,30.4,693.0,17.7,769,0.27,0.097,1.13,74.3,0.77,21.6,4332.0,24.8,
15,close,mid,10.0,60,1320,0.289,0.051,1.07,66.9,0.38,40.3,608.0,12.0,742,0.267,0.116,1.16,86.1,0.83,31.2,4689.0,28.8,
15,close,mid,10.0,120,1385,0.291,0.051,1.07,70.3,0.39,39.8,516.0,12.6,766,0.265,0.1,1.13,76.6,0.74,36.0,4397.0,25.6,
15,close,mid,10.0,240,1408,0.29,0.044,1.06,62.1,0.34,44.1,390.0,11.1,769,0.267,0.102,1.14,78.8,0.76,32.7,4431.0,26.3,
15,close,atr,,60,1320,0.112,0.08,1.07,105.9,0.26,138.7,1250.0,19.0,742,0.086,0.105,1.11,78.1,0.38,80.4,957.0,26.1,0.05
15,close,atr,,120,1385,0.113,0.08,1.07,110.2,0.26,136.3,1164.0,19.8,766,0.085,0.075,1.08,57.2,0.28,87.0,726.0,19.1,0.05
15,close,atr,,240,1408,0.113,0.066,1.06,92.5,0.22,145.6,1124.0,16.6,769,0.085,0.07,1.07,54.0,0.26,89.2,684.0,18.0,0.05
15,close,atr,1.0,60,1320,0.47,-0.292,0.55,-385.7,-4.36,390.4,-1341.0,-69.2,742,0.462,-0.153,0.74,-113.2,-2.38,119.9,-1427.0,-37.8,0.05
15,close,atr,1.0,120,1385,0.474,-0.285,0.56,-394.3,-4.37,398.7,-1359.0,-70.7,766,0.469,-0.14,0.76,-107.2,-2.21,115.8,-1339.0,-35.8,0.05
15,close,atr,1.0,240,1408,0.474,-0.284,0.56,-400.1,-4.39,404.4,-1354.0,-71.7,769,0.469,-0.138,0.76,-106.4,-2.19,115.0,-1323.0,-35.6,0.05
15,close,atr,2.0,60,1320,0.326,-0.256,0.69,-337.3,-2.74,350.7,-929.0,-60.5,742,0.303,-0.17,0.77,-126.4,-1.93,133.1,-1766.0,-42.3,0.05
15,close,atr,2.0,120,1385,0.327,-0.254,0.69,-351.5,-2.79,365.1,-1049.0,-63.0,766,0.305,-0.164,0.78,-125.4,-1.88,132.1,-1757.0,-41.9,0.05
15,close,atr,2.0,240,1408,0.329,-0.249,0.7,-351.3,-2.76,364.9,-1019.0,-63.0,769,0.306,-0.163,0.78,-125.7,-1.88,132.4,-1752.0,-42.0,0.05
15,close,atr,3.0,60,1320,0.245,-0.261,0.72,-344.4,-2.31,356.8,-857.0,-61.7,742,0.235,-0.147,0.82,-108.7,-1.35,116.2,-1613.0,-36.3,0.05
15,close,atr,3.0,120,1385,0.244,-0.267,0.71,-369.5,-2.43,380.9,-1017.0,-66.3,766,0.238,-0.134,0.84,-102.7,-1.25,110.2,-1536.0,-34.3,0.05
15,close,atr,3.0,240,1408,0.246,-0.258,0.72,-363.3,-2.36,376.6,-978.0,-65.1,769,0.238,-0.133,0.84,-102.0,-1.24,109.5,-1516.0,-34.1,0.05
15,close,atr,5.0,60,1320,0.181,-0.17,0.83,-224.7,-1.13,260.3,-212.0,-40.3,742,0.163,-0.117,0.87,-87.1,-0.83,128.7,-1178.0,-29.1,0.05
15,close,atr,5.0,120,1385,0.181,-0.179,0.82,-247.8,-1.23,273.7,-360.0,-44.4,766,0.164,-0.108,0.88,-83.1,-0.78,127.5,-1111.0,-27.8,0.05
15,close,atr,5.0,240,1408,0.181,-0.181,0.82,-255.0,-1.25,285.9,-355.0,-45.7,769,0.164,-0.112,0.88,-86.3,-0.81,130.7,-1153.0,-28.8,0.05
15,close,atr,10.0,60,1320,0.13,0.023,1.02,30.7,0.1,223.9,1602.0,5.5,742,0.097,-0.09,0.91,-67.0,-0.46,118.4,-1060.0,-22.4,0.05
15,close,atr,10.0,120,1385,0.131,0.013,1.01,18.1,0.06,239.2,1599.0,3.2,766,0.095,-0.115,0.88,-87.9,-0.6,142.3,-1291.0,-29.4,0.05
15,close,atr,10.0,240,1408,0.131,0.011,1.01,15.0,0.05,244.6,1663.0,2.7,769,0.095,-0.118,0.88,-91.1,-0.62,145.6,-1334.0,-30.4,0.05
15,close,atr,,60,1320,0.195,0.078,1.09,102.7,0.39,75.6,1623.0,18.4,742,0.179,0.165,1.2,122.5,0.87,60.7,3601.0,40.9,0.1
15,close,atr,,120,1385,0.194,0.06,1.07,82.4,0.3,82.0,1228.0,14.8,766,0.179,0.153,1.18,117.5,0.83,66.0,3519.0,39.3,0.1
15,close,atr,,240,1408,0.194,0.05,1.06,70.4,0.26,89.9,1168.0,12.6,769,0.179,0.156,1.18,119.8,0.84,62.7,3581.0,40.0,0.1
15,close,atr,1.0,60,1320,0.495,-0.127,0.77,-167.8,-1.93,173.5,-1007.0,-30.1,742,0.499,-0.037,0.93,-27.5,-0.58,39.7,-732.0,-9.2,0.1
15,close,atr,1.0,120,1385,0.497,-0.124,0.78,-171.8,-1.93,179.5,-1050.0,-30.8,766,0.5,-0.033,0.94,-25.4,-0.53,37.0,-691.0,-8.5,0.1
15,close,atr,1.0,240,1408,0.498,-0.122,0.78,-172.2,-1.92,179.8,-1018.0,-30.9,769,0.501,-0.032,0.94,-24.5,-0.51,37.1,-657.0,-8.2,0.1
15,close,atr,2.0,60,1320,0.331,-0.133,0.82,-176.0,-1.45,190.8,-1008.0,-31.6,742,0.341,-0.019,0.97,-14.5,-0.22,45.2,-232.0,-4.8,0.1
15,close,atr,2.0,120,1385,0.331,-0.134,0.82,-186.1,-1.5,200.5,-1086.0,-33.4,766,0.346,-0.003,1.0,-2.4,-0.04,41.6,62.0,-0.8,0.1
15,close,atr,2.0,240,1408,0.332,-0.135,0.82,-190.4,-1.52,204.6,-1095.0,-34.1,769,0.346,-0.003,1.0,-2.5,-0.04,40.7,60.0,-0.8,0.1
15,close,atr,3.0,60,1320,0.272,-0.062,0.92,-82.2,-0.55,135.1,-260.0,-14.7,742,0.256,-0.031,0.96,-22.9,-0.28,53.7,-495.0,-7.6,0.1
15,close,atr,3.0,120,1385,0.271,-0.071,0.91,-98.5,-0.64,138.4,-378.0,-17.7,766,0.257,-0.026,0.97,-19.8,-0.24,51.6,-418.0,-6.6,0.1
15,close,atr,3.0,240,1408,0.271,-0.076,0.91,-106.8,-0.69,147.6,-392.0,-19.2,769,0.257,-0.025,0.97,-18.9,-0.23,51.9,-393.0,-6.3,0.1
15,close,atr,5.0,60,1320,0.22,0.024,1.03,32.3,0.17,108.3,1569.0,5.8,742,0.198,0.054,1.06,39.7,0.37,46.6,1241.0,13.3,0.1
15,close,atr,5.0,120,1385,0.219,0.009,1.01,12.1,0.06,113.2,1317.0,2.2,766,0.197,0.044,1.05,33.6,0.31,53.9,1130.0,11.2,0.1
15,close,atr,5.0,240,1408,0.219,0.006,1.01,7.9,0.04,122.4,1368.0,1.4,769,0.198,0.047,1.06,36.5,0.34,50.0,1208.0,12.2,0.1
15,close,atr,10.0,60,1320,0.199,0.084,1.09,110.6,0.46,107.1,2474.0,19.8,742,0.179,0.166,1.2,122.9,0.9,57.6,3567.0,41.1,0.1
15,close,atr,10.0,120,1385,0.197,0.063,1.07,86.6,0.35,110.0,2198.0,15.5,766,0.179,0.154,1.18,117.9,0.86,63.2,3485.0,39.4,0.1
15,close,atr,10.0,240,1408,0.197,0.053,1.06,74.6,0.3,119.2,2138.0,13.4,769,0.179,0.156,1.19,120.2,0.87,59.9,3547.0,40.2,0.1
15,close,atr,,60,1320,0.264,0.07,1.09,92.4,0.45,47.8,1509.0,16.6,742,0.249,0.123,1.16,91.0,0.84,49.7,3733.0,30.4,0.15
15,close,atr,,120,1385,0.264,0.061,1.08,84.3,0.4,48.3,1142.0,15.1,766,0.249,0.113,1.15,86.6,0.79,54.2,3613.0,28.9,0.15
15,close,atr,,240,1408,0.263,0.052,1.07,72.6,0.35,55.5,1021.0,13.0,769,0.251,0.117,1.15,89.7,0.82,50.0,3720.0,30.0,0.15
15,close,atr,1.0,60,1320,0.483,-0.114,0.79,-150.3,-1.74,153.6,-2213.0,-26.9,742,0.495,-0.033,0.94,-24.6,-0.52,33.7,-1313.0,-8.2,0.15
15,close,atr,1.0,120,1385,0.482,-0.115,0.79,-159.6,-1.81,162.9,-2366.0,-28.6,766,0.496,-0.029,0.94,-22.5,-0.47,31.6,-1251.0,-7.5,0.15
15,close,atr,1.0,240,1408,0.485,-0.11,0.8,-154.4,-1.74,157.6,-2317.0,-27.7,769,0.498,-0.025,0.95,-19.6,-0.41,28.7,-1135.0,-6.5,0.15
15,close,atr,2.0,60,1320,0.352,-0.053,0.92,-69.8,-0.58,84.2,-1247.0,-12.5,742,0.34,-0.021,0.97,-15.7,-0.24,41.4,-905.0,-5.2,0.15
15,close,atr,2.0,120,1385,0.352,-0.058,0.92,-79.9,-0.65,96.0,-1376.0,-14.3,766,0.339,-0.022,0.97,-17.2,-0.25,43.0,-971.0,-5.7,0.15
15,close,atr,2.0,240,1408,0.351,-0.061,0.91,-85.7,-0.69,103.9,-1408.0,-15.4,769,0.341,-0.019,0.97,-15.0,-0.22,40.8,-901.0,-5.0,0.15
15,close,atr,3.0,60,1320,0.305,0.017,1.02,23.0,0.16,56.1,733.0,4.1,742,0.283,0.033,1.04,24.2,0.3,40.2,802.0,8.1,0.15
15,close,atr,3.0,120,1385,0.305,0.013,1.02,18.0,0.12,54.3,615.0,3.2,766,0.283,0.031,1.04,23.4,0.28,45.7,771.0,7.8,0.15
15,close,atr,3.0,240,1408,0.305,0.008,1.01,11.2,0.07,62.7,596.0,2.0,769,0.285,0.035,1.05,26.6,0.32,41.5,881.0,8.9,0.15
15,close,atr,5.0,60,1320,0.271,0.057,1.07,74.9,0.42,74.8,2310.0,13.4,742,0.252,0.101,1.13,74.6,0.75,34.9,3008.0,24.9,0.15
15,close,atr,5.0,120,1385,0.271,0.043,1.06,60.0,0.33,75.0,1992.0,10.8,766,0.252,0.093,1.12,71.1,0.71,39.3,2924.0,23.8,0.15
15,close,atr,5.0,240,1408,0.27,0.034,1.04,48.3,0.27,83.4,1870.0,8.7,769,0.254,0.097,1.13,74.2,0.74,35.2,3031.0,24.8,0.15
15,close,atr,10.0,60,1320,0.264,0.065,1.08,85.3,0.44,67.5,1793.0,15.3,742,0.251,0.138,1.18,102.2,0.93,37.8,4021.0,34.2,0.15
15,close,atr,10.0,120,1385,0.264,0.059,1.08,81.3,0.41,67.2,1655.0,14.6,766,0.251,0.128,1.17,97.8,0.88,42.2,3902.0,32.7,0.15
15,close,atr,10.0,240,1408,0.263,0.049,1.06,69.7,0.35,74.3,1534.0,12.5,769,0.252,0.131,1.17,101.0,0.91,38.1,4008.0,33.7,0.15
15,close,atr,,60,1320,0.361,0.034,1.05,44.4,0.31,35.7,904.0,8.0,742,0.367,0.137,1.23,102.0,1.27,17.9,6351.0,34.1,0.25
15,close,atr,,120,1385,0.362,0.029,1.05,40.5,0.27,36.9,462.0,7.3,766,0.366,0.127,1.21,97.0,1.2,17.1,6150.0,32.4,0.25
15,close,atr,,240,1408,0.361,0.023,1.04,31.7,0.21,41.3,274.0,5.7,769,0.367,0.128,1.21,98.5,1.22,17.1,6225.0,32.9,0.25
15,close,atr,1.0,60,1320,0.502,-0.045,0.91,-58.9,-0.7,72.2,-1846.0,-10.6,742,0.518,0.027,1.06,20.0,0.43,16.4,1067.0,6.7,0.25
15,close,atr,1.0,120,1385,0.503,-0.042,0.92,-58.3,-0.68,71.0,-1915.0,-10.4,766,0.517,0.026,1.06,20.0,0.42,16.6,1134.0,6.7,0.25
15,close,atr,1.0,240,1408,0.501,-0.044,0.91,-62.6,-0.72,76.3,-2002.0,-11.2,769,0.518,0.027,1.06,20.7,0.44,16.6,1159.0,6.9,0.25
15,close,atr,2.0,60,1320,0.399,0.015,1.02,19.2,0.17,52.8,908.0,3.5,742,0.395,0.066,1.11,48.7,0.77,19.7,2847.0,16.3,0.25
15,close,atr,2.0,120,1385,0.401,0.013,1.02,17.5,0.15,50.6,618.0,3.1,766,0.393,0.057,1.1,43.3,0.68,19.9,2618.0,14.5,0.25
15,close,atr,2.0,240,1408,0.399,0.009,1.02,12.5,0.11,54.6,561.0,2.2,769,0.394,0.059,1.1,45.0,0.7,19.9,2709.0,15.0,0.25
15,close,atr,3.0,60,1320,0.373,0.037,1.06,48.2,0.38,49.3,2108.0,8.7,742,0.369,0.106,1.18,78.5,1.08,20.9,4712.0,26.2,0.25
15,close,atr,3.0,120,1385,0.373,0.029,1.05,40.2,0.31,51.8,1713.0,7.2,766,0.368,0.097,1.16,74.0,1.01,20.2,4547.0,24.7,0.25
15,close,atr,3.0,240,1408,0.371,0.022,1.04,31.4,0.24,58.4,1525.0,5.6,769,0.369,0.098,1.16,75.5,1.03,20.2,4622.0,25.2,0.25
15,close,atr,5.0,60,1320,0.362,0.031,1.05,40.9,0.3,50.5,1225.0,7.3,742,0.368,0.138,1.23,102.5,1.3,18.9,6277.0,34.2,0.25
15,close,atr,5.0,120,1385,0.363,0.027,1.04,37.5,0.27,52.7,958.0,6.7,766,0.367,0.127,1.21,97.5,1.23,18.2,6077.0,32.6,0.25
15,close,atr,5.0,240,1408,0.362,0.02,1.03,28.7,0.2,56.2,770.0,5.2,769,0.368,0.129,1.21,99.0,1.25,18.2,6152.0,33.1,0.25
15,close,atr,10.0,60,1320,0.361,0.032,1.05,41.7,0.29,40.2,945.0,7.5,742,0.367,0.137,1.23,102.0,1.27,17.9,6351.0,34.1,0.25
15,close,atr,10.0,120,1385,0.362,0.027,1.04,37.7,0.26,41.4,504.0,6.8,766,0.366,0.127,1.21,97.0,1.2,17.1,6150.0,32.4,0.25
15,close,atr,10.0,240,1408,0.361,0.021,1.03,29.0,0.2,45.8,315.0,5.2,769,0.367,0.128,1.21,98.5,1.22,17.1,6225.0,32.9,0.25
15,candle,or,,60,1409,0.312,-0.041,0.94,-57.2,-0.36,94.8,-227.0,-10.3,771,0.318,0.207,1.31,159.3,1.25,25.5,6335.0,53.3,
15,candle,or,1.0,60,1409,0.497,-0.068,0.87,-95.8,-1.09,102.4,-2229.0,-17.2,771,0.537,0.044,1.09,34.1,0.71,21.4,1640.0,11.4,
15,candle,or,2.0,60,1409,0.375,-0.036,0.94,-51.4,-0.44,80.6,-298.0,-9.2,771,0.397,0.093,1.16,71.8,1.07,24.5,4064.0,24.0,
15,candle,or,3.0,60,1409,0.336,-0.031,0.95,-43.1,-0.32,83.5,404.0,-7.7,771,0.344,0.09,1.14,69.0,0.88,26.6,4471.0,23.1,
15,candle,or,5.0,60,1409,0.317,-0.016,0.98,-22.7,-0.15,66.8,754.0,-4.1,771,0.327,0.147,1.22,113.6,1.24,24.6,5595.0,38.0,
15,candle,or,10.0,60,1409,0.312,-0.036,0.95,-50.6,-0.31,90.5,-229.0,-9.1,771,0.319,0.175,1.26,135.0,1.28,25.5,5963.0,45.1,
15,candle,mid,,60,1239,0.165,-0.174,0.85,-215.4,-0.41,324.2,671.0,-38.6,676,0.149,0.01,1.01,7.1,0.04,95.1,3374.0,2.4,
15,candle,mid,1.0,60,1239,0.452,-0.403,0.49,-499.4,-4.21,501.8,-1343.0,-89.5,676,0.444,-0.25,0.62,-169.3,-3.04,169.9,-1466.0,-56.6,
15,candle,mid,2.0,60,1239,0.33,-0.335,0.64,-415.4,-2.88,417.0,-653.0,-74.5,676,0.327,-0.163,0.79,-110.3,-1.54,132.9,-157.0,-36.9,
15,candle,mid,3.0,60,1239,0.269,-0.285,0.71,-352.8,-2.12,364.8,331.0,-63.3,676,0.269,-0.083,0.9,-56.0,-0.65,92.3,1031.0,-18.7,
15,candle,mid,5.0,60,1239,0.214,-0.224,0.79,-277.0,-1.38,308.2,1099.0,-49.7,676,0.206,-0.005,0.99,-3.5,-0.03,80.4,2426.0,-1.2,
15,candle,mid,10.0,60,1239,0.176,-0.252,0.77,-312.4,-1.31,374.2,908.0,-56.0,676,0.169,0.076,1.08,51.4,0.37,100.5,3394.0,17.2,
15,candle,atr,,60,1409,0.104,-0.034,0.97,-47.7,-0.13,198.6,71.0,-8.5,771,0.095,0.126,1.13,97.2,0.45,84.2,1305.0,32.5,0.05
15,candle,atr,1.0,60,1409,0.446,-0.34,0.5,-478.5,-5.34,480.1,-2701.0,-85.8,771,0.45,-0.178,0.7,-137.4,-2.84,143.6,-1948.0,-45.9,0.05
15,candle,atr,2.0,60,1409,0.324,-0.265,0.68,-373.5,-2.97,380.1,-2124.0,-67.0,771,0.329,-0.094,0.87,-72.4,-1.06,112.1,-977.0,-24.2,0.05
15,candle,atr,3.0,60,1409,0.253,-0.231,0.75,-325.9,-2.11,335.5,-1964.0,-58.4,771,0.248,-0.096,0.88,-74.2,-0.89,99.5,-1106.0,-24.8,0.05
15,candle,atr,5.0,60,1409,0.18,-0.188,0.81,-264.6,-1.31,284.5,-1141.0,-47.4,771,0.183,-0.0,1.0,-0.2,-0.0,60.8,22.0,-0.1,0.05
15,candle,atr,10.0,60,1409,0.123,-0.06,0.94,-85.1,-0.29,180.9,94.0,-15.3,771,0.109,0.018,1.02,13.8,0.09,90.2,387.0,4.6,0.05
15,candle,atr,,60,1409,0.17,-0.03,0.97,-42.0,-0.17,155.3,-541.0,-7.5,771,0.187,0.257,1.31,198.4,1.27,54.0,5795.0,66.3,0.1
15,candle,atr,1.0,60,1409,0.491,-0.136,0.76,-191.5,-2.14,197.4,-2025.0,-34.3,771,0.524,0.01,1.02,7.9,0.16,39.8,642.0,2.6,0.1
15,candle,atr,2.0,60,1409,0.332,-0.133,0.82,-187.7,-1.5,200.5,-2014.0,-33.7,771,0.366,0.053,1.08,40.7,0.58,33.5,1291.0,13.6,0.1
15,candle,atr,3.0,60,1409,0.265,-0.091,0.89,-128.5,-0.83,160.6,-1385.0,-23.0,771,0.276,0.049,1.07,38.0,0.44,39.4,1343.0,12.7,0.1
15,candle,atr,5.0,60,1409,0.201,-0.054,0.94,-75.6,-0.38,108.9,-737.0,-13.6,771,0.217,0.168,1.21,129.9,1.14,34.5,3674.0,43.4,0.1
15,candle,atr,10.0,60,1409,0.173,-0.014,0.98,-19.4,-0.08,137.0,218.0,-3.5,771,0.187,0.218,1.26,168.1,1.17,49.9,5111.0,56.2,0.1
15,candle,atr,,60,1409,0.234,-0.027,0.97,-37.5,-0.19,109.6,-355.0,-6.7,771,0.262,0.246,1.33,189.4,1.54,23.3,7661.0,63.3,0.15
15,candle,atr,1.0,60,1409,0.495,-0.089,0.84,-125.6,-1.41,138.0,-1850.0,-22.5,771,0.515,0.005,1.01,3.6,0.07,26.5,-41.0,1.2,0.15
15,candle,atr,2.0,60,1409,0.348,-0.064,0.91,-89.8,-0.72,115.7,-1546.0,-16.1,771,0.366,0.051,1.08,39.3,0.57,25.4,1781.0,13.1,0.15
15,candle,atr,3.0,60,1409,0.281,-0.061,0.92,-86.2,-0.58,107.9,-1462.0,-15.5,771,0.315,0.157,1.23,121.4,1.41,19.9,5077.0,40.6,0.15
15,candle,atr,5.0,60,1409,0.244,-0.027,0.97,-38.4,-0.21,117.4,452.0,-6.9,771,0.267,0.19,1.26,146.3,1.38,23.4,6083.0,48.9,0.15
15,candle,atr,10.0,60,1409,0.235,-0.01,0.99,-14.7,-0.07,100.7,145.0,-2.6,771,0.262,0.228,1.31,175.8,1.48,23.3,7140.0,58.8,0.15
15,candle,atr,,60,1409,0.354,0.039,1.06,54.9,0.37,50.2,1808.0,9.8,771,0.37,0.183,1.3,141.3,1.63,17.7,9250.0,47.2,0.25
15,candle,atr,1.0,60,1409,0.515,-0.016,0.97,-22.5,-0.26,53.6,165.0,-4.0,771,0.534,0.053,1.12,40.6,0.86,21.5,2511.0,13.6,0.25
15,candle,atr,2.0,60,1409,0.397,0.015,1.03,21.5,0.19,26.8,679.0,3.9,771,0.409,0.111,1.2,85.8,1.3,21.1,5389.0,28.7,0.25
15,candle,atr,3.0,60,1409,0.366,0.034,1.05,47.4,0.36,47.0,2736.0,8.5,771,0.377,0.149,1.25,114.9,1.51,21.5,7728.0,38.4,0.25
15,candle,atr,5.0,60,1409,0.356,0.039,1.06,54.8,0.38,47.1,2210.0,9.8,771,0.37,0.162,1.27,124.9,1.51,17.7,8296.0,41.7,0.25
15,candle,atr,10.0,60,1409,0.355,0.052,1.08,73.4,0.48,50.2,2613.0,13.2,771,0.37,0.185,1.31,142.3,1.63,17.7,9299.0,47.5,0.25
30,stop,or,,60,1147,0.449,0.047,1.1,53.8,0.53,17.9,1320.0,9.6,665,0.463,0.15,1.33,99.9,1.68,13.3,9381.0,33.4,
30,stop,or,,120,1336,0.445,0.016,1.03,20.9,0.2,28.7,-922.0,3.7,741,0.463,0.128,1.28,95.0,1.56,13.3,8921.0,31.7,
30,stop,or,,240,1388,0.442,0.009,1.02,12.9,0.12,30.7,-1055.0,2.3,760,0.464,0.124,1.28,94.5,1.54,12.8,8882.0,31.6,
30,stop,or,1.0,60,1147,0.519,0.014,1.03,16.6,0.23,16.8,1009.0,3.0,665,0.547,0.087,1.23,57.8,1.42,11.2,5191.0,19.3,
30,stop,or,1.0,120,1336,0.512,-0.001,1.0,-0.8,-0.01,32.9,-586.0,-0.1,741,0.544,0.078,1.2,57.7,1.35,12.5,5099.0,19.3,
30,stop,or,1.0,240,1388,0.506,-0.005,0.99,-7.3,-0.09,36.4,-706.0,-1.3,760,0.543,0.074,1.19,55.9,1.3,13.7,4955.0,18.7,
30,stop,or,2.0,60,1147,0.458,0.039,1.08,44.2,0.5,16.4,1281.0,7.9,665,0.477,0.126,1.28,83.8,1.6,13.4,7797.0,28.0,
30,stop,or,2.0,120,1336,0.454,0.013,1.03,17.8,0.19,23.6,-430.0,3.2,741,0.475,0.108,1.24,79.8,1.48,13.4,7449.0,26.7,
30,stop,or,2.0,240,1388,0.45,0.009,1.02,12.9,0.14,23.4,-500.0,2.3,760,0.476,0.104,1.24,79.4,1.46,12.9,7420.0,26.5,
30,stop,or,3.0,60,1147,0.451,0.045,1.1,51.4,0.55,16.8,1420.0,9.2,665,0.465,0.139,1.3,92.7,1.64,13.3,8959.0,31.0,
30,stop,or,3.0,120,1336,0.447,0.018,1.04,23.9,0.24,29.0,-525.0,4.3,741,0.464,0.12,1.27,89.1,1.53,13.3,8547.0,29.8,
30,stop,or,3.0,240,1388,0.444,0.014,1.03,19.9,0.2,27.8,-574.0,3.6,760,0.466,0.117,1.26,88.6,1.51,12.8,8508.0,29.6,
30,stop,or,5.0,60,1147,0.449,0.043,1.09,49.3,0.51,15.8,1344.0,8.8,665,0.463,0.149,1.32,98.8,1.67,13.3,9295.0,33.0,
30,stop,or,5.0,120,1336,0.445,0.016,1.03,21.1,0.21,23.4,-626.0,3.8,741,0.463,0.127,1.28,93.8,1.55,13.3,8835.0,31.4,
30,stop,or,5.0,240,1388,0.442,0.009,1.02,13.1,0.13,25.9,-759.0,2.3,760,0.464,0.123,1.27,93.3,1.53,12.8,8796.0,31.2,
30,stop,or,10.0,60,1147,0.449,0.044,1.1,50.9,0.51,17.9,1298.0,9.1,665,0.463,0.15,1.33,99.9,1.68,13.3,9381.0,33.4,
30,stop,or,10.0,120,1336,0.445,0.013,1.03,18.0,0.17,28.7,-944.0,3.2,741,0.463,0.128,1.28,95.0,1.56,13.3,8921.0,31.7,
30,stop,or,10.0,240,1388,0.442,0.007,1.02,10.0,0.1,30.7,-1077.0,1.8,760,0.464,0.124,1.28,94.5,1.54,12.8,8882.0,31.6,
30,stop,mid,,60,1147,0.316,0.052,1.07,60.1,0.38,28.0,845.0,10.8,665,0.325,0.217,1.32,144.0,1.51,23.9,7494.0,48.1,
30,stop,mid,,120,1336,0.311,-0.002,1.0,-2.1,-0.01,39.0,-815.0,-0.4,741,0.32,0.168,1.25,124.8,1.28,31.8,6483.0,41.7,
30,stop,mid,,240,1388,0.31,-0.014,0.98,-18.9,-0.11,49.6,-1103.0,-3.4,760,0.325,0.169,1.25,128.6,1.32,30.5,6716.0,43.0,
30,stop,mid,1.0,60,1147,0.514,-0.037,0.93,-42.6,-0.53,62.6,126.0,-7.6,665,0.525,0.022,1.04,14.4,0.32,18.4,1495.0,4.8,
30,stop,mid,1.0,120,1336,0.499,-0.066,0.88,-87.7,-1.01,102.5,-1020.0,-15.7,741,0.52,0.011,1.02,8.5,0.18,21.9,1160.0,2.8,
30,stop,mid,1.0,240,1388,0.495,-0.069,0.87,-96.2,-1.1,114.0,-1147.0,-17.3,760,0.521,0.011,1.02,8.7,0.18,22.0,1259.0,2.9,
30,stop,mid,2.0,60,1147,0.378,0.017,1.03,20.0,0.18,36.8,1661.0,3.6,665,0.391,0.087,1.14,58.0,0.91,16.4,2937.0,19.4,
30,stop,mid,2.0,120,1336,0.371,-0.012,0.98,-15.4,-0.13,54.4,590.0,-2.8,741,0.385,0.062,1.1,45.6,0.69,17.4,2163.0,15.2,
30,stop,mid,2.0,240,1388,0.369,-0.021,0.97,-28.5,-0.24,67.5,367.0,-5.1,760,0.388,0.062,1.1,46.9,0.7,18.8,2292.0,15.7,
30,stop,mid,3.0,60,1147,0.335,0.033,1.05,37.4,0.29,44.1,739.0,6.7,665,0.353,0.17,1.26,112.8,1.48,20.9,5825.0,37.7,
30,stop,mid,3.0,120,1336,0.329,-0.0,1.0,-0.1,-0.0,55.6,-165.0,-0.0,741,0.347,0.134,1.21,99.6,1.26,20.9,4998.0,33.3,
30,stop,mid,3.0,240,1388,0.329,-0.009,0.99,-12.9,-0.09,63.0,-410.0,-2.3,760,0.351,0.136,1.21,103.2,1.29,20.0,5222.0,34.5,
30,stop,mid,5.0,60,1147,0.319,0.048,1.07,55.4,0.38,30.5,944.0,9.9,665,0.331,0.218,1.32,144.6,1.63,25.3,7409.0,48.3,
30,stop,mid,5.0,120,1336,0.314,0.004,1.01,5.9,0.04,37.0,-291.0,1.1,741,0.325,0.172,1.26,127.3,1.39,23.2,6432.0,42.5,
30,stop,mid,5.0,240,1388,0.313,-0.004,0.99,-4.9,-0.03,42.4,-515.0,-0.9,760,0.33,0.174,1.26,132.4,1.43,21.1,6718.0,44.2,
30,stop,mid,10.0,60,1147,0.316,0.049,1.07,56.0,0.36,29.9,887.0,10.0,665,0.325,0.214,1.32,142.5,1.51,23.9,7445.0,47.6,
30,stop,mid,10.0,120,1336,0.311,0.002,1.0,3.1,0.02,38.8,-498.0,0.6,741,0.32,0.166,1.25,123.3,1.28,31.8,6435.0,41.2,
30,stop,mid,10.0,240,1388,0.31,-0.01,0.99,-13.7,-0.08,44.8,-787.0,-2.5,760,0.325,0.167,1.25,127.1,1.31,30.5,6668.0,42.5,
30,stop,atr,,60,1147,0.078,-0.675,0.5,-773.8,-2.89,779.1,-4140.0,-138.8,665,0.063,-0.621,0.5,-413.2,-2.76,447.3,-5318.0,-138.1,0.05
30,stop,atr,,120,1336,0.08,-0.681,0.49,-909.9,-3.22,915.2,-4851.0,-163.2,741,0.062,-0.625,0.5,-463.3,-2.99,490.9,-6009.0,-154.8,0.05
30,stop,atr,,240,1388,0.08,-0.685,0.48,-950.2,-3.33,955.5,-5016.0,-170.4,760,0.064,-0.597,0.52,-453.6,-2.86,480.3,-5866.0,-151.6,0.05
30,stop,atr,1.0,60,1147,0.287,-0.862,0.21,-988.9,-10.05,990.8,-5516.0,-177.3,665,0.262,-0.795,0.23,-528.6,-9.76,528.6,-7148.0,-176.6,0.05
30,stop,atr,1.0,120,1336,0.286,-0.862,0.2,-1151.7,-11.28,1153.6,-6485.0,-206.5,741,0.27,-0.767,0.25,-568.7,-10.21,568.7,-7661.0,-190.0,0.05
30,stop,atr,1.0,240,1388,0.289,-0.851,0.21,-1180.8,-11.49,1182.7,-6633.0,-211.7,760,0.271,-0.76,0.25,-577.9,-10.33,577.9,-7770.0,-193.1,0.05
30,stop,atr,2.0,60,1147,0.205,-0.822,0.31,-942.9,-7.99,945.5,-5140.0,-169.1,665,0.182,-0.773,0.31,-514.0,-8.04,514.0,-6857.0,-171.7,0.05
30,stop,atr,2.0,120,1336,0.204,-0.824,0.3,-1100.9,-8.89,1104.1,-6062.0,-197.4,741,0.192,-0.733,0.33,-543.1,-8.1,543.1,-7260.0,-181.5,0.05
30,stop,atr,2.0,240,1388,0.206,-0.813,0.31,-1129.0,-9.01,1132.2,-6182.0,-202.4,760,0.192,-0.727,0.34,-552.3,-8.18,552.3,-7361.0,-184.6,0.05
30,stop,atr,3.0,60,1147,0.153,-0.832,0.33,-954.6,-7.18,961.0,-5164.0,-171.2,665,0.137,-0.774,0.34,-515.0,-7.16,515.0,-6836.0,-172.1,0.05
30,stop,atr,3.0,120,1336,0.15,-0.843,0.33,-1126.6,-8.08,1132.2,-6152.0,-202.0,741,0.142,-0.744,0.36,-551.1,-7.3,551.1,-7351.0,-184.2,0.05
30,stop,atr,3.0,240,1388,0.153,-0.828,0.33,-1149.7,-8.11,1155.3,-6285.0,-206.1,760,0.143,-0.732,0.36,-556.3,-7.28,556.3,-7390.0,-185.9,0.05
30,stop,atr,5.0,60,1147,0.11,-0.8,0.39,-917.2,-5.67,922.9,-5177.0,-164.5,665,0.102,-0.725,0.4,-482.1,-5.46,482.9,-6322.0,-161.1,0.05
30,stop,atr,5.0,120,1336,0.109,-0.809,0.38,-1081.3,-6.33,1086.9,-6124.0,-193.9,741,0.104,-0.702,0.41,-520.2,-5.59,520.2,-6822.0,-173.8,0.05
30,stop,atr,5.0,240,1388,0.11,-0.805,0.38,-1116.7,-6.44,1122.3,-6283.0,-200.2,760,0.105,-0.691,0.42,-525.1,-5.58,525.1,-6841.0,-175.5,0.05
30,stop,atr,10.0,60,1147,0.088,-0.656,0.51,-752.8,-3.34,758.1,-4029.0,-135.0,665,0.069,-0.665,0.47,-441.9,-3.7,448.5,-5737.0,-147.7,0.05
30,stop,atr,10.0,120,1336,0.088,-0.666,0.5,-889.7,-3.7,895.0,-4680.0,-159.5,741,0.069,-0.653,0.47,-483.9,-3.85,498.2,-6349.0,-161.7,0.05
30,stop,atr,10.0,240,1388,0.088,-0.67,0.49,-930.6,-3.83,935.9,-4839.0,-166.9,760,0.071,-0.634,0.48,-481.7,-3.77,496.0,-6273.0,-161.0,0.05
30,stop,atr,,60,1147,0.193,-0.054,0.94,-62.0,-0.28,103.2,-761.0,-11.1,665,0.188,0.165,1.19,109.6,0.8,54.3,3749.0,36.6,0.1
30,stop,atr,,120,1336,0.189,-0.115,0.88,-153.2,-0.67,171.5,-1802.0,-27.5,741,0.184,0.109,1.13,80.5,0.58,58.3,2971.0,26.9,0.1
30,stop,atr,,240,1388,0.19,-0.121,0.87,-168.0,-0.73,186.3,-1886.0,-30.1,760,0.187,0.119,1.14,90.4,0.64,58.8,3224.0,30.2,0.1
30,stop,atr,1.0,60,1147,0.482,-0.17,0.71,-195.5,-2.34,199.1,-1527.0,-35.1,665,0.483,-0.099,0.82,-66.1,-1.41,69.9,-1466.0,-22.1,0.1
30,stop,atr,1.0,120,1336,0.473,-0.191,0.69,-254.6,-2.83,257.6,-2268.0,-45.6,741,0.49,-0.084,0.85,-62.4,-1.26,66.6,-1431.0,-20.9,0.1
30,stop,atr,1.0,240,1388,0.475,-0.185,0.69,-257.2,-2.82,260.3,-2248.0,-46.1,760,0.492,-0.078,0.86,-59.6,-1.19,66.3,-1340.0,-19.9,0.1
30,stop,atr,2.0,60,1147,0.317,-0.188,0.76,-215.7,-1.89,224.3,-2187.0,-38.7,665,0.35,-0.022,0.97,-14.4,-0.22,63.6,380.0,-4.8,0.1
30,stop,atr,2.0,120,1336,0.308,-0.22,0.72,-294.6,-2.42,300.0,-3195.0,-52.8,741,0.348,-0.028,0.96,-20.8,-0.3,69.1,212.0,-6.9,0.1
30,stop,atr,2.0,240,1388,0.311,-0.212,0.73,-294.9,-2.38,300.3,-3196.0,-52.9,760,0.349,-0.027,0.96,-20.7,-0.3,68.7,237.0,-6.9,0.1
30,stop,atr,3.0,60,1147,0.263,-0.112,0.87,-129.0,-0.92,144.2,-1008.0,-23.1,665,0.266,-0.029,0.96,-19.4,-0.24,78.0,225.0,-6.5,0.1
30,stop,atr,3.0,120,1336,0.257,-0.146,0.83,-194.9,-1.3,208.9,-1837.0,-34.9,741,0.262,-0.051,0.94,-37.5,-0.45,93.5,-251.0,-12.5,0.1
30,stop,atr,3.0,240,1388,0.259,-0.144,0.83,-200.1,-1.31,214.1,-1818.0,-35.9,760,0.263,-0.048,0.94,-36.8,-0.44,92.4,-192.0,-12.3,0.1
30,stop,atr,5.0,60,1147,0.211,-0.065,0.93,-74.6,-0.42,114.7,-108.0,-13.4,665,0.206,0.034,1.04,22.8,0.22,59.8,1305.0,7.6,0.1
30,stop,atr,5.0,120,1336,0.207,-0.109,0.88,-146.3,-0.78,172.4,-782.0,-26.2,741,0.201,-0.005,0.99,-3.3,-0.03,83.4,575.0,-1.1,0.1
30,stop,atr,5.0,240,1388,0.208,-0.113,0.87,-156.8,-0.83,188.0,-820.0,-28.1,760,0.204,0.005,1.01,3.9,0.04,76.3,786.0,1.3,0.1
30,stop,atr,10.0,60,1147,0.194,-0.044,0.95,-50.8,-0.24,99.8,-589.0,-9.1,665,0.188,0.116,1.13,76.9,0.61,57.0,3020.0,25.7,0.1
30,stop,atr,10.0,120,1336,0.19,-0.1,0.89,-133.7,-0.61,162.0,-1494.0,-24.0,741,0.184,0.065,1.07,47.8,0.37,72.7,2242.0,16.0,0.1
30,stop,atr,10.0,240,1388,0.192,-0.107,0.88,-148.5,-0.67,176.8,-1578.0,-26.6,760,0.187,0.077,1.09,58.9,0.45,62.7,2517.0,19.7,0.1
30,stop,atr,,60,1147,0.281,0.112,1.15,128.8,0.69,36.5,1791.0,23.1,665,0.28,0.192,1.26,127.5,1.23,27.4,5798.0,42.6,0.15
30,stop,atr,,120,1336,0.275,0.049,1.06,65.9,0.34,39.0,641.0,11.8,741,0.274,0.14,1.19,103.6,0.98,30.8,4924.0,34.6,0.15
30,stop,atr,,240,1388,0.275,0.037,1.05,51.0,0.26,45.0,448.0,9.1,760,0.276,0.143,1.2,108.4,1.02,31.8,5097.0,36.2,0.15
30,stop,atr,1.0,60,1147,0.507,-0.063,0.88,-72.5,-0.9,83.6,-962.0,-13.0,665,0.537,0.045,1.1,30.2,0.67,11.1,1584.0,10.1,0.15
30,stop,atr,1.0,120,1336,0.496,-0.087,0.84,-116.0,-1.33,126.3,-1822.0,-20.8,741,0.533,0.037,1.08,27.7,0.58,12.3,1421.0,9.2,0.15
30,stop,atr,1.0,240,1388,0.496,-0.086,0.84,-119.0,-1.34,129.4,-1882.0,-21.3,760,0.532,0.034,1.07,26.0,0.54,13.3,1361.0,8.7,0.15
30,stop,atr,2.0,60,1147,0.368,-0.007,0.99,-8.0,-0.07,33.6,-52.0,-1.4,665,0.379,0.079,1.13,52.8,0.82,19.6,2596.0,17.6,0.15
30,stop,atr,2.0,120,1336,0.362,-0.031,0.95,-41.9,-0.34,51.7,-693.0,-7.5,741,0.371,0.053,1.08,39.0,0.58,36.5,2128.0,13.0,0.15
30,stop,atr,2.0,240,1388,0.361,-0.036,0.95,-50.6,-0.41,62.9,-777.0,-9.1,760,0.371,0.05,1.08,37.8,0.55,35.6,2108.0,12.6,0.15
30,stop,atr,3.0,60,1147,0.319,0.059,1.08,67.3,0.49,30.7,1345.0,12.1,665,0.325,0.155,1.23,103.4,1.31,21.2,4493.0,34.5,0.15
30,stop,atr,3.0,120,1336,0.313,0.022,1.03,28.8,0.2,41.4,738.0,5.2,741,0.317,0.117,1.17,86.8,1.06,21.2,3845.0,29.0,0.15
30,stop,atr,3.0,240,1388,0.312,0.012,1.02,17.3,0.12,54.5,624.0,3.1,760,0.318,0.117,1.17,88.9,1.07,20.1,3945.0,29.7,0.15
30,stop,atr,5.0,60,1147,0.289,0.084,1.11,96.5,0.6,43.7,1734.0,17.3,665,0.284,0.155,1.21,103.1,1.11,26.1,4728.0,34.5,0.15
30,stop,atr,5.0,120,1336,0.283,0.039,1.05,52.3,0.3,51.8,1145.0,9.4,741,0.278,0.113,1.16,83.8,0.88,28.9,4006.0,28.0,0.15
30,stop,atr,5.0,240,1388,0.283,0.031,1.04,43.3,0.25,60.7,1033.0,7.8,760,0.28,0.116,1.16,87.9,0.91,29.9,4157.0,29.4,0.15
30,stop,atr,10.0,60,1147,0.282,0.134,1.18,153.7,0.82,39.7,2380.0,27.6,665,0.281,0.212,1.29,141.2,1.34,26.9,6261.0,47.2,0.15
30,stop,atr,10.0,120,1336,0.276,0.075,1.1,100.1,0.51,48.9,1484.0,17.9,741,0.275,0.158,1.22,117.2,1.09,30.2,5386.0,39.2,0.15
30,stop,atr,10.0,240,1388,0.276,0.061,1.08,85.1,0.43,54.8,1291.0,15.3,760,0.278,0.161,1.22,122.1,1.12,31.2,5560.0,40.8,0.15
30,stop,atr,,60,1147,0.384,0.09,1.15,103.2,0.77,24.2,3057.0,18.5,665,0.394,0.181,1.31,120.1,1.6,17.8,8515.0,40.1,0.25
30,stop,atr,,120,1336,0.379,0.044,1.07,58.4,0.42,29.4,1601.0,10.5,741,0.391,0.149,1.26,110.1,1.42,17.8,7834.0,36.8,0.25
30,stop,atr,,240,1388,0.375,0.031,1.05,43.0,0.3,36.8,1241.0,7.7,760,0.393,0.147,1.25,111.6,1.43,17.4,7945.0,37.3,0.25
30,stop,atr,1.0,60,1147,0.528,0.014,1.03,15.8,0.2,33.5,635.0,2.8,665,0.529,0.039,1.08,25.8,0.58,23.0,2062.0,8.6,0.25
30,stop,atr,1.0,120,1336,0.518,-0.01,0.98,-13.6,-0.16,44.5,-221.0,-2.4,741,0.525,0.03,1.06,22.2,0.48,28.1,1867.0,7.4,0.25
30,stop,atr,1.0,240,1388,0.514,-0.016,0.97,-21.7,-0.25,53.3,-414.0,-3.9,760,0.525,0.028,1.06,21.2,0.45,26.2,1841.0,7.1,0.25
30,stop,atr,2.0,60,1147,0.42,0.067,1.12,76.4,0.73,28.5,3253.0,13.7,665,0.421,0.104,1.19,69.4,1.16,18.3,4887.0,23.2,0.25
30,stop,atr,2.0,120,1336,0.414,0.036,1.06,48.3,0.43,48.2,2501.0,8.7,741,0.417,0.084,1.15,62.3,1.0,18.8,4398.0,20.8,0.25
30,stop,atr,2.0,240,1388,0.41,0.025,1.04,35.2,0.31,61.0,2200.0,6.3,760,0.418,0.083,1.15,62.8,0.99,19.8,4468.0,21.0,0.25
30,stop,atr,3.0,60,1147,0.394,0.069,1.12,78.8,0.67,30.6,2891.0,14.1,665,0.4,0.153,1.26,101.4,1.48,16.1,7022.0,33.9,0.25
30,stop,atr,3.0,120,1336,0.388,0.034,1.06,44.9,0.36,41.2,1994.0,8.1,741,0.397,0.127,1.22,94.2,1.33,19.0,6493.0,31.5,0.25
30,stop,atr,3.0,240,1388,0.385,0.024,1.04,33.6,0.27,50.3,1726.0,6.0,760,0.399,0.125,1.22,95.2,1.33,19.0,6582.0,31.8,0.25
30,stop,atr,5.0,60,1147,0.384,0.087,1.15,99.6,0.77,31.1,3257.0,17.9,665,0.395,0.187,1.32,124.5,1.66,17.8,8677.0,41.6,0.25
30,stop,atr,5.0,120,1336,0.38,0.049,1.08,65.3,0.48,41.4,2219.0,11.7,741,0.393,0.155,1.27,114.5,1.49,17.8,7995.0,38.3,0.25
30,stop,atr,5.0,240,1388,0.377,0.036,1.06,50.0,0.37,48.5,1860.0,9.0,760,0.395,0.153,1.27,116.1,1.49,17.2,8107.0,38.8,0.25
30,stop,atr,10.0,60,1147,0.384,0.089,1.15,101.7,0.76,26.1,3106.0,18.2,665,0.394,0.181,1.31,120.1,1.6,17.8,8515.0,40.1,0.25
30,stop,atr,10.0,120,1336,0.379,0.043,1.07,56.9,0.41,31.4,1650.0,10.2,741,0.391,0.149,1.26,110.1,1.42,17.8,7834.0,36.8,0.25
30,stop,atr,10.0,240,1388,0.375,0.03,1.05,41.6,0.3,39.9,1291.0,7.5,760,0.393,0.147,1.25,111.6,1.43,17.4,7945.0,37.3,0.25
30,close,or,,60,1047,0.456,0.025,1.06,26.3,0.29,19.2,222.0,4.7,613,0.486,0.143,1.33,87.4,1.62,10.6,8346.0,29.2,
30,close,or,,120,1298,0.443,-0.004,0.99,-4.5,-0.05,36.3,-2211.0,-0.8,726,0.481,0.107,1.25,77.6,1.38,12.5,7793.0,25.9,
30,close,or,,240,1371,0.438,-0.01,0.98,-13.6,-0.14,39.4,-2601.0,-2.4,753,0.481,0.1,1.23,75.3,1.32,12.5,7538.0,25.2,
30,close,or,1.0,60,1047,0.506,-0.007,0.98,-7.7,-0.11,33.9,-519.0,-1.4,613,0.55,0.084,1.22,51.5,1.34,10.3,5164.0,17.2,
30,close,or,1.0,120,1298,0.491,-0.025,0.94,-32.9,-0.44,59.9,-2435.0,-5.9,726,0.544,0.067,1.18,48.5,1.17,10.1,5021.0,16.2,
30,close,or,1.0,240,1371,0.485,-0.029,0.93,-40.0,-0.53,63.5,-2789.0,-7.2,753,0.543,0.065,1.17,48.8,1.16,10.6,4890.0,16.3,
30,close,or,2.0,60,1047,0.462,0.022,1.05,22.6,0.28,17.8,343.0,4.1,613,0.496,0.127,1.3,77.9,1.61,10.6,7626.0,26.0,
30,close,or,2.0,120,1298,0.45,-0.005,0.99,-7.1,-0.08,39.9,-1730.0,-1.3,726,0.49,0.096,1.23,69.4,1.36,12.5,7163.0,23.2,
30,close,or,2.0,240,1371,0.446,-0.01,0.98,-13.5,-0.15,41.0,-2065.0,-2.4,753,0.49,0.089,1.21,67.3,1.3,12.5,6922.0,22.5,
30,close,or,3.0,60,1047,0.457,0.023,1.05,23.6,0.28,17.7,320.0,4.2,613,0.488,0.135,1.31,82.9,1.61,11.9,8211.0,27.7,
30,close,or,3.0,120,1298,0.444,-0.006,0.99,-8.4,-0.09,44.4,-2099.0,-1.5,726,0.482,0.103,1.24,74.7,1.38,12.5,7711.0,25.0,
30,close,or,3.0,240,1371,0.439,-0.013,0.97,-17.4,-0.19,48.2,-2489.0,-3.1,753,0.482,0.096,1.22,72.4,1.32,12.5,7455.0,24.2,
30,close,or,5.0,60,1047,0.456,0.022,1.05,23.5,0.27,19.2,249.0,4.2,613,0.486,0.145,1.33,88.6,1.64,10.6,8421.0,29.6,
30,close,or,5.0,120,1298,0.443,-0.003,0.99,-3.3,-0.03,37.7,-1935.0,-0.6,726,0.481,0.109,1.25,78.8,1.4,12.5,7868.0,26.3,
30,close,or,5.0,240,1371,0.438,-0.009,0.98,-12.3,-0.13,41.4,-2325.0,-2.2,753,0.481,0.102,1.24,76.5,1.34,12.5,7612.0,25.6,
30,close,or,10.0,60,1047,0.456,0.022,1.05,23.4,0.26,19.2,200.0,4.2,613,0.486,0.143,1.33,87.4,1.62,10.6,8346.0,29.2,
30,close,or,10.0,120,1298,0.443,-0.006,0.99,-7.4,-0.08,37.4,-2233.0,-1.3,726,0.481,0.107,1.25,77.6,1.38,12.5,7793.0,25.9,
30,close,or,10.0,240,1371,0.438,-0.012,0.97,-16.4,-0.17,42.3,-2623.0,-2.9,753,0.481,0.1,1.23,75.3,1.32,12.5,7538.0,25.2,
30,close,mid,,60,1047,0.34,0.042,1.06,43.5,0.3,28.0,424.0,7.8,613,0.356,0.183,1.29,112.0,1.37,26.6,6335.0,37.4,
30,close,mid,,120,1298,0.33,-0.011,0.98,-14.8,-0.1,55.7,-1518.0,-2.7,726,0.344,0.113,1.18,82.3,0.96,32.1,5009.0,27.5,
30,close,mid,,240,1371,0.327,-0.026,0.96,-35.7,-0.23,65.1,-2135.0,-6.4,753,0.349,0.115,1.18,86.3,1.0,33.0,5160.0,28.8,
30,close,mid,1.0,60,1047,0.498,-0.058,0.89,-60.6,-0.8,70.0,-985.0,-10.9,613,0.524,0.03,1.06,18.5,0.43,16.4,973.0,6.2,
30,close,mid,1.0,120,1298,0.485,-0.08,0.85,-103.2,-1.22,114.3,-1947.0,-18.5,726,0.511,0.002,1.0,1.2,0.03,15.6,201.0,0.4,
30,close,mid,1.0,240,1371,0.48,-0.083,0.84,-114.2,-1.32,125.6,-2232.0,-20.5,753,0.511,-0.001,1.0,-1.0,-0.02,15.4,80.0,-0.3,
30,close,mid,2.0,60,1047,0.384,0.009,1.01,9.1,0.09,34.3,507.0,1.6,613,0.405,0.103,1.18,63.4,1.07,16.3,3704.0,21.2,
30,close,mid,2.0,120,1298,0.371,-0.034,0.95,-44.6,-0.39,83.4,-1094.0,-8.0,726,0.395,0.065,1.11,47.0,0.74,16.4,2862.0,15.7,
30,close,mid,2.0,240,1371,0.368,-0.044,0.93,-60.8,-0.52,93.4,-1608.0,-10.9,753,0.398,0.066,1.11,49.6,0.77,17.1,2941.0,16.6,
30,close,mid,3.0,60,1047,0.351,0.021,1.03,22.2,0.19,37.9,148.0,4.0,613,0.372,0.146,1.24,89.6,1.3,18.9,5075.0,29.9,
30,close,mid,3.0,120,1298,0.34,-0.031,0.95,-40.0,-0.31,71.0,-1625.0,-7.2,726,0.361,0.09,1.14,65.2,0.89,20.8,3902.0,21.8,
30,close,mid,3.0,240,1371,0.337,-0.043,0.94,-58.3,-0.45,87.7,-2217.0,-10.5,753,0.365,0.092,1.15,69.3,0.93,21.8,4058.0,23.2,
30,close,mid,5.0,60,1047,0.342,0.041,1.06,42.4,0.32,27.5,566.0,7.6,613,0.357,0.174,1.27,106.4,1.37,28.1,6325.0,35.6,
30,close,mid,5.0,120,1298,0.333,-0.007,0.99,-8.5,-0.06,44.5,-959.0,-1.5,726,0.346,0.108,1.17,78.2,0.96,32.5,4993.0,26.1,
30,close,mid,5.0,240,1371,0.33,-0.017,0.97,-23.5,-0.16,44.8,-1503.0,-4.2,753,0.351,0.109,1.17,82.1,1.0,33.5,5144.0,27.4,
30,close,mid,10.0,60,1047,0.34,0.036,1.05,37.3,0.27,28.0,457.0,6.7,613,0.356,0.179,1.28,109.7,1.36,26.6,6259.0,36.7,
30,close,mid,10.0,120,1298,0.33,-0.01,0.99,-12.7,-0.09,51.2,-1225.0,-2.3,726,0.344,0.11,1.17,80.1,0.95,32.1,4933.0,26.8,
30,close,mid,10.0,240,1371,0.327,-0.025,0.96,-33.6,-0.22,60.8,-1842.0,-6.0,753,0.349,0.112,1.18,84.0,0.98,33.0,5084.0,28.1,
30,close,atr,,60,1047,0.103,-0.185,0.83,-193.3,-0.64,201.2,-766.0,-34.7,613,0.096,0.097,1.1,59.3,0.32,85.9,362.0,19.8,0.05
30,close,atr,,120,1298,0.102,-0.245,0.78,-318.0,-0.96,325.9,-1707.0,-57.0,726,0.087,-0.045,0.95,-32.6,-0.17,108.2,-835.0,-10.9,0.05
30,close,atr,,240,1371,0.102,-0.258,0.77,-353.7,-1.05,361.5,-1866.0,-63.4,753,0.086,-0.052,0.95,-39.2,-0.21,119.1,-983.0,-13.1,0.05
30,close,atr,1.0,60,1047,0.476,-0.279,0.57,-292.4,-3.7,293.2,-1279.0,-52.4,613,0.457,-0.163,0.72,-99.8,-2.31,103.5,-1367.0,-33.4,0.05
30,close,atr,1.0,120,1298,0.477,-0.28,0.57,-363.2,-4.16,364.5,-1529.0,-65.1,726,0.455,-0.168,0.71,-121.6,-2.59,124.9,-1635.0,-40.6,0.05
30,close,atr,1.0,240,1371,0.476,-0.28,0.57,-384.0,-4.29,385.3,-1598.0,-68.9,753,0.457,-0.163,0.72,-122.8,-2.57,127.3,-1614.0,-41.0,0.05
30,close,atr,2.0,60,1047,0.317,-0.28,0.67,-293.3,-2.69,297.2,-1168.0,-52.6,613,0.336,-0.069,0.9,-42.3,-0.69,65.0,-571.0,-14.1,0.05
30,close,atr,2.0,120,1298,0.315,-0.292,0.65,-378.5,-3.14,387.0,-1654.0,-67.9,726,0.328,-0.094,0.87,-68.1,-1.03,77.4,-944.0,-22.8,0.05
30,close,atr,2.0,240,1371,0.319,-0.28,0.67,-383.3,-3.09,391.8,-1582.0,-68.7,753,0.325,-0.101,0.86,-76.3,-1.13,84.4,-1027.0,-25.5,0.05
30,close,atr,3.0,60,1047,0.235,-0.297,0.68,-310.7,-2.36,315.6,-1261.0,-55.7,613,0.258,-0.049,0.94,-30.3,-0.4,59.2,-575.0,-10.1,0.05
30,close,atr,3.0,120,1298,0.235,-0.306,0.68,-396.6,-2.73,410.1,-1671.0,-71.1,726,0.253,-0.068,0.91,-49.7,-0.61,62.2,-870.0,-16.6,0.05
30,close,atr,3.0,240,1371,0.239,-0.29,0.69,-397.3,-2.65,410.8,-1663.0,-71.2,753,0.25,-0.084,0.9,-62.9,-0.76,75.2,-1009.0,-21.0,0.05
30,close,atr,5.0,60,1047,0.166,-0.256,0.75,-268.1,-1.57,272.0,-1203.0,-48.1,613,0.175,-0.048,0.95,-29.2,-0.3,75.4,-664.0,-9.8,0.05
30,close,atr,5.0,120,1298,0.163,-0.291,0.72,-377.9,-2.03,382.5,-1907.0,-67.8,726,0.164,-0.114,0.87,-82.6,-0.8,112.6,-1286.0,-27.6,0.05
30,close,atr,5.0,240,1371,0.164,-0.285,0.72,-390.6,-2.04,395.2,-1930.0,-70.0,753,0.163,-0.119,0.87,-89.6,-0.86,121.4,-1331.0,-29.9,0.05
30,close,atr,10.0,60,1047,0.118,-0.149,0.86,-156.4,-0.65,229.4,-177.0,-28.0,613,0.104,-0.067,0.93,-41.2,-0.31,105.6,-1046.0,-13.8,0.05
30,close,atr,10.0,120,1298,0.115,-0.23,0.79,-298.5,-1.16,385.7,-1010.0,-53.5,726,0.094,-0.185,0.81,-134.3,-0.98,155.4,-2242.0,-44.9,0.05
30,close,atr,10.0,240,1371,0.115,-0.24,0.78,-329.2,-1.26,410.3,-1101.0,-59.0,753,0.093,-0.197,0.8,-148.3,-1.07,167.3,-2456.0,-49.6,0.05
30,close,atr,,60,1047,0.191,-0.054,0.94,-56.0,-0.27,102.1,-75.0,-10.0,613,0.197,0.189,1.23,116.1,0.92,55.1,3121.0,38.8,0.1
30,close,atr,,120,1298,0.186,-0.097,0.89,-126.3,-0.55,163.7,-1055.0,-22.6,726,0.186,0.079,1.09,57.1,0.44,70.8,1745.0,19.1,0.1
30,close,atr,,240,1371,0.187,-0.111,0.88,-151.8,-0.65,186.3,-1265.0,-27.2,753,0.19,0.095,1.11,71.5,0.54,73.4,2066.0,23.9,0.1
30,close,atr,1.0,60,1047,0.493,-0.129,0.77,-135.3,-1.74,139.9,-1050.0,-24.3,613,0.507,-0.017,0.97,-10.7,-0.25,26.9,-273.0,-3.6,0.1
30,close,atr,1.0,120,1298,0.485,-0.149,0.74,-192.8,-2.24,203.3,-1733.0,-34.6,726,0.511,-0.01,0.98,-7.4,-0.16,27.9,-64.0,-2.5,0.1
30,close,atr,1.0,240,1371,0.485,-0.146,0.75,-199.7,-2.26,210.2,-1685.0,-35.8,753,0.514,-0.004,0.99,-3.0,-0.06,30.4,77.0,-1.0,0.1
30,close,atr,2.0,60,1047,0.33,-0.13,0.83,-135.6,-1.25,146.3,-936.0,-24.3,613,0.338,-0.026,0.96,-16.1,-0.26,35.7,-384.0,-5.4,0.1
30,close,atr,2.0,120,1298,0.324,-0.153,0.8,-198.5,-1.66,214.6,-1630.0,-35.6,726,0.336,-0.033,0.95,-24.1,-0.36,48.7,-386.0,-8.1,0.1
30,close,atr,2.0,240,1371,0.325,-0.151,0.8,-206.6,-1.68,222.7,-1680.0,-37.1,753,0.339,-0.027,0.96,-20.5,-0.3,45.7,-301.0,-6.9,0.1
30,close,atr,3.0,60,1047,0.267,-0.076,0.91,-80.0,-0.6,99.0,-637.0,-14.3,613,0.271,0.025,1.03,15.1,0.2,36.2,313.0,5.1,0.1
30,close,atr,3.0,120,1298,0.263,-0.102,0.87,-132.7,-0.9,148.8,-1274.0,-23.8,726,0.262,-0.019,0.97,-13.9,-0.17,61.8,-167.0,-4.6,0.1
30,close,atr,3.0,240,1371,0.262,-0.111,0.86,-152.6,-1.02,168.7,-1417.0,-27.4,753,0.264,-0.012,0.98,-8.9,-0.11,58.5,-33.0,-3.0,0.1
30,close,atr,5.0,60,1047,0.211,-0.05,0.94,-51.9,-0.31,133.5,349.0,-9.3,613,0.209,0.06,1.07,37.0,0.39,33.3,1026.0,12.4,0.1
30,close,atr,5.0,120,1298,0.205,-0.103,0.88,-134.1,-0.74,197.4,-436.0,-24.0,726,0.196,-0.033,0.96,-24.0,-0.24,75.9,-450.0,-8.0,0.1
30,close,atr,5.0,240,1371,0.205,-0.115,0.87,-158.2,-0.86,215.5,-591.0,-28.4,753,0.199,-0.017,0.98,-12.6,-0.12,66.6,-177.0,-4.2,0.1
30,close,atr,10.0,60,1047,0.192,-0.056,0.94,-58.6,-0.3,116.2,64.0,-10.5,613,0.197,0.153,1.19,93.8,0.8,55.1,2678.0,31.3,0.1
30,close,atr,10.0,120,1298,0.187,-0.11,0.88,-143.3,-0.68,181.2,-961.0,-25.7,726,0.186,0.048,1.06,34.8,0.29,74.7,1301.0,11.6,0.1
30,close,atr,10.0,240,1371,0.187,-0.123,0.86,-168.6,-0.79,203.6,-1170.0,-30.2,753,0.19,0.067,1.08,50.5,0.41,73.4,1646.0,16.9,0.1
30,close,atr,,60,1047,0.269,0.018,1.02,18.4,0.11,48.3,-239.0,3.3,613,0.282,0.215,1.3,131.9,1.32,29.2,5281.0,44.1,0.15
30,close,atr,,120,1298,0.261,-0.037,0.95,-48.6,-0.26,88.0,-1417.0,-8.7,726,0.273,0.14,1.19,101.9,0.98,31.9,4410.0,34.1,0.15
30,close,atr,,240,1371,0.26,-0.054,0.93,-73.9,-0.4,108.8,-1771.0,-13.2,753,0.276,0.142,1.2,107.0,1.01,37.5,4530.0,35.7,0.15
30,close,atr,1.0,60,1047,0.479,-0.117,0.79,-122.4,-1.59,127.0,-1901.0,-21.9,613,0.532,0.043,1.09,26.7,0.62,13.5,1211.0,8.9,0.15
30,close,atr,1.0,120,1298,0.468,-0.143,0.75,-185.2,-2.17,192.5,-2890.0,-33.2,726,0.523,0.027,1.06,19.3,0.41,12.6,1012.0,6.5,0.15
30,close,atr,1.0,240,1371,0.47,-0.137,0.76,-188.0,-2.15,196.0,-2911.0,-33.7,753,0.522,0.023,1.05,17.4,0.37,12.7,927.0,5.8,0.15
30,close,atr,2.0,60,1047,0.351,-0.056,0.92,-58.5,-0.55,68.9,-1307.0,-10.5,613,0.372,0.07,1.11,42.7,0.7,19.9,1554.0,14.3,0.15
30,close,atr,2.0,120,1298,0.341,-0.093,0.87,-120.9,-1.03,130.2,-2319.0,-21.7,726,0.361,0.032,1.05,22.9,0.35,24.9,1026.0,7.7,0.15
30,close,atr,2.0,240,1371,0.34,-0.097,0.86,-132.7,-1.1,142.0,-2391.0,-23.8,753,0.361,0.027,1.04,20.6,0.31,29.4,921.0,6.9,0.15
30,close,atr,3.0,60,1047,0.305,0.003,1.0,2.8,0.02,48.1,71.0,0.5,613,0.32,0.137,1.2,84.1,1.12,19.6,3340.0,28.1,0.15
30,close,atr,3.0,120,1298,0.295,-0.048,0.94,-61.8,-0.44,106.9,-728.0,-11.1,726,0.309,0.083,1.12,60.2,0.75,19.0,2550.0,20.1,0.15
30,close,atr,3.0,240,1371,0.293,-0.06,0.92,-82.3,-0.57,124.7,-994.0,-14.8,753,0.311,0.082,1.12,61.6,0.76,22.4,2570.0,20.6,0.15
30,close,atr,5.0,60,1047,0.279,0.021,1.03,21.5,0.14,46.4,-37.0,3.9,613,0.284,0.151,1.21,92.4,1.05,23.9,3781.0,30.9,0.15
30,close,atr,5.0,120,1298,0.27,-0.038,0.95,-49.5,-0.3,71.0,-988.0,-8.9,726,0.275,0.097,1.13,70.3,0.75,32.9,3182.0,23.5,0.15
30,close,atr,5.0,240,1371,0.268,-0.056,0.93,-76.4,-0.46,93.4,-1359.0,-13.7,753,0.279,0.099,1.14,74.5,0.79,38.5,3280.0,24.9,0.15
30,close,atr,10.0,60,1047,0.27,0.027,1.04,28.7,0.17,51.3,65.0,5.2,613,0.282,0.214,1.3,131.0,1.32,29.2,5269.0,43.8,0.15
30,close,atr,10.0,120,1298,0.262,-0.028,0.96,-36.9,-0.2,85.6,-934.0,-6.6,726,0.273,0.139,1.19,101.0,0.98,31.2,4398.0,33.8,0.15
30,close,atr,10.0,240,1371,0.26,-0.045,0.94,-62.3,-0.34,102.5,-1289.0,-11.2,753,0.276,0.141,1.2,106.1,1.01,36.8,4518.0,35.5,0.15
30,close,atr,,60,1047,0.384,0.065,1.11,68.5,0.54,28.3,2217.0,12.3,613,0.403,0.188,1.33,115.1,1.61,26.8,7809.0,38.5,0.25
30,close,atr,,120,1298,0.371,0.013,1.02,17.3,0.13,30.6,288.0,3.1,726,0.393,0.132,1.23,96.0,1.28,25.0,6815.0,32.1,0.25
30,close,atr,,240,1371,0.365,-0.004,0.99,-5.1,-0.04,45.3,-323.0,-0.9,753,0.394,0.129,1.23,97.2,1.28,24.4,6841.0,32.5,0.25
30,close,atr,1.0,60,1047,0.511,-0.02,0.96,-21.4,-0.29,41.4,-210.0,-3.8,613,0.525,0.038,1.08,23.2,0.55,17.9,1237.0,7.8,0.25
30,close,atr,1.0,120,1298,0.497,-0.046,0.91,-60.3,-0.73,73.4,-1369.0,-10.8,726,0.514,0.013,1.03,9.5,0.21,23.1,548.0,3.2,0.25
30,close,atr,1.0,240,1371,0.492,-0.053,0.89,-72.3,-0.86,85.2,-1620.0,-13.0,753,0.514,0.011,1.02,8.0,0.17,18.9,434.0,2.7,0.25
30,close,atr,2.0,60,1047,0.413,0.04,1.07,42.3,0.42,31.2,2362.0,7.6,613,0.424,0.097,1.18,59.7,1.05,17.1,3803.0,19.9,0.25
30,close,atr,2.0,120,1298,0.399,-0.004,0.99,-4.9,-0.05,76.7,878.0,-0.9,726,0.412,0.055,1.1,40.2,0.66,19.7,2657.0,13.4,0.25
30,close,atr,2.0,240,1371,0.394,-0.017,0.97,-23.5,-0.21,89.4,401.0,-4.2,753,0.413,0.053,1.1,40.2,0.65,20.9,2637.0,13.4,0.25
30,close,atr,3.0,60,1047,0.393,0.055,1.09,57.8,0.52,26.2,2374.0,10.4,613,0.408,0.155,1.27,95.1,1.47,19.3,6303.0,31.8,0.25
30,close,atr,3.0,120,1298,0.378,0.004,1.01,5.7,0.05,40.4,702.0,1.0,726,0.398,0.111,1.19,80.6,1.17,18.2,5581.0,26.9,0.25
30,close,atr,3.0,240,1371,0.373,-0.013,0.98,-17.5,-0.14,60.7,73.0,-3.1,753,0.4,0.108,1.19,81.4,1.16,21.5,5587.0,27.2,0.25
30,close,atr,5.0,60,1047,0.385,0.07,1.12,73.2,0.6,28.9,2655.0,13.1,613,0.405,0.198,1.35,121.1,1.69,26.8,8077.0,40.5,0.25
30,close,atr,5.0,120,1298,0.372,0.019,1.03,24.8,0.19,42.3,994.0,4.4,726,0.394,0.14,1.24,102.0,1.36,25.0,7082.0,34.1,0.25
30,close,atr,5.0,240,1371,0.367,0.002,1.0,2.4,0.02,51.5,383.0,0.4,753,0.396,0.137,1.24,103.2,1.36,24.4,7109.0,34.5,0.25
30,close,atr,10.0,60,1047,0.384,0.064,1.11,67.2,0.54,28.3,2268.0,12.0,613,0.403,0.188,1.33,115.1,1.61,26.8,7809.0,38.5,0.25
30,close,atr,10.0,120,1298,0.371,0.012,1.02,15.9,0.12,31.1,340.0,2.9,726,0.393,0.132,1.23,96.0,1.28,25.0,6815.0,32.1,0.25
30,close,atr,10.0,240,1371,0.365,-0.005,0.99,-6.4,-0.05,46.6,-271.0,-1.1,753,0.394,0.129,1.23,97.2,1.28,24.4,6841.0,32.5,0.25
30,candle,or,,60,1416,0.378,-0.024,0.96,-33.7,-0.25,75.0,384.0,-6.0,770,0.37,0.102,1.17,78.8,0.89,23.9,6232.0,26.3,
30,candle,or,1.0,60,1416,0.511,-0.032,0.93,-46.0,-0.54,77.8,-16.0,-8.3,770,0.523,0.018,1.04,13.5,0.29,23.6,3082.0,4.5,
30,candle,or,2.0,60,1416,0.413,-0.009,0.98,-13.0,-0.12,50.7,355.0,-2.3,770,0.419,0.049,1.09,37.5,0.62,18.0,4461.0,12.5,
30,candle,or,3.0,60,1416,0.395,0.005,1.01,7.4,0.06,56.6,783.0,1.3,770,0.399,0.094,1.17,72.5,1.03,15.0,5948.0,24.2,
30,candle,or,5.0,60,1416,0.383,0.008,1.01,11.6,0.09,53.4,702.0,2.1,770,0.378,0.105,1.18,80.9,1.01,15.6,5901.0,27.0,
30,candle,or,10.0,60,1416,0.379,-0.011,0.98,-15.1,-0.11,74.7,531.0,-2.7,770,0.37,0.097,1.16,75.0,0.86,23.9,6102.0,25.1,
30,candle,mid,,60,1222,0.219,0.068,1.07,83.1,0.19,118.7,1637.0,14.9,653,0.202,-0.059,0.93,-38.3,-0.29,118.1,2745.0,-12.8,
30,candle,mid,1.0,60,1222,0.489,-0.22,0.66,-268.4,-2.65,274.9,180.0,-48.1,653,0.472,-0.141,0.76,-92.3,-1.9,105.2,572.0,-30.8,
30,candle,mid,2.0,60,1222,0.344,-0.203,0.75,-248.3,-1.92,262.6,754.0,-44.5,653,0.315,-0.16,0.79,-104.2,-1.63,117.0,788.0,-34.8,
30,candle,mid,3.0,60,1222,0.291,-0.16,0.82,-195.1,-1.29,215.0,1361.0,-35.0,653,0.262,-0.132,0.84,-86.5,-1.15,105.4,1227.0,-28.9,
30,candle,mid,5.0,60,1222,0.246,-0.11,0.88,-134.3,-0.73,159.9,1857.0,-24.1,653,0.242,0.006,1.01,4.2,0.04,46.4,3439.0,1.4,
30,candle,mid,10.0,60,1222,0.227,-0.074,0.92,-90.4,-0.42,120.7,1461.0,-16.2,653,0.207,-0.084,0.9,-54.6,-0.51,104.8,2538.0,-18.2,
30,candle,atr,,60,1416,0.113,0.042,1.04,60.0,0.16,175.3,794.0,10.8,770,0.09,0.094,1.1,72.1,0.34,139.9,1320.0,24.1,0.05
30,candle,atr,1.0,60,1416,0.46,-0.32,0.53,-452.6,-4.89,456.2,-1949.0,-81.2,770,0.453,-0.169,0.71,-130.3,-2.7,134.4,-1762.0,-43.5,0.05
30,candle,atr,2.0,60,1416,0.333,-0.245,0.71,-347.6,-2.69,365.1,-1225.0,-62.3,770,0.314,-0.136,0.81,-105.0,-1.56,117.2,-1481.0,-35.1,0.05
30,candle,atr,3.0,60,1416,0.258,-0.214,0.77,-303.4,-1.92,340.4,-764.0,-54.4,770,0.244,-0.11,0.86,-84.7,-1.02,113.2,-1071.0,-28.3,0.05
30,candle,atr,5.0,60,1416,0.18,-0.19,0.81,-269.1,-1.32,301.4,-851.0,-48.3,770,0.174,-0.053,0.94,-40.7,-0.37,119.0,-251.0,-13.6,0.05
30,candle,atr,10.0,60,1416,0.125,-0.093,0.91,-132.2,-0.46,224.7,201.0,-23.7,770,0.106,0.001,1.0,0.9,0.01,133.0,248.0,0.3,0.05
30,candle,atr,,60,1416,0.193,0.022,1.02,30.7,0.12,127.6,1318.0,5.5,770,0.182,0.176,1.21,135.7,0.93,54.8,4016.0,45.3,0.1
30,candle,atr,1.0,60,1416,0.494,-0.131,0.77,-185.2,-2.05,197.2,-1238.0,-33.2,770,0.488,-0.057,0.89,-44.1,-0.91,57.0,-1242.0,-14.7,0.1
30,candle,atr,2.0,60,1416,0.352,-0.076,0.89,-107.7,-0.84,136.4,-638.0,-19.3,770,0.364,0.046,1.07,35.4,0.51,34.0,861.0,11.8,0.1
30,candle,atr,3.0,60,1416,0.275,-0.053,0.93,-74.9,-0.48,102.6,-232.0,-13.4,770,0.278,0.056,1.08,42.9,0.5,39.1,1528.0,14.4,0.1
30,candle,atr,5.0,60,1416,0.217,-0.007,0.99,-10.3,-0.05,118.2,1251.0,-1.8,770,0.206,0.096,1.12,73.8,0.67,30.5,2279.0,24.7,0.1
30,candle,atr,10.0,60,1416,0.195,0.051,1.06,71.9,0.29,123.3,2035.0,12.9,770,0.184,0.175,1.21,134.7,0.97,45.5,4149.0,45.0,0.1
30,candle,atr,,60,1416,0.259,0.025,1.03,35.4,0.18,75.0,1190.0,6.4,770,0.264,0.159,1.22,122.7,1.11,40.8,5286.0,41.0,0.15
30,candle,atr,1.0,60,1416,0.522,-0.035,0.93,-50.1,-0.56,86.9,72.0,-9.0,770,0.519,0.017,1.04,13.4,0.28,25.3,725.0,4.5,0.15
30,candle,atr,2.0,60,1416,0.362,-0.023,0.97,-32.1,-0.25,67.3,-163.0,-5.8,770,0.368,0.053,1.08,40.6,0.59,37.3,2218.0,13.6,0.15
30,candle,atr,3.0,60,1416,0.302,0.007,1.01,9.2,0.06,75.5,1417.0,1.7,770,0.297,0.068,1.1,52.2,0.63,31.8,2363.0,17.4,0.15
30,candle,atr,5.0,60,1416,0.268,0.035,1.04,49.5,0.27,87.0,2469.0,8.9,770,0.27,0.161,1.22,124.1,1.22,29.2,5361.0,41.5,0.15
30,candle,atr,10.0,60,1416,0.259,0.032,1.04,45.5,0.23,69.8,1356.0,8.2,770,0.265,0.172,1.23,132.2,1.19,40.8,5588.0,44.2,0.15
30,candle,atr,,60,1416,0.365,0.033,1.05,46.1,0.32,46.8,1939.0,8.3,770,0.36,0.091,1.15,70.3,0.89,16.4,4151.0,23.5,0.25
30,candle,atr,1.0,60,1416,0.517,-0.007,0.98,-10.5,-0.12,44.5,-458.0,-1.9,770,0.535,0.054,1.12,41.2,0.87,21.0,2477.0,13.8,0.25
30,candle,atr,2.0,60,1416,0.405,0.025,1.04,36.0,0.31,39.8,2201.0,6.5,770,0.39,0.043,1.07,33.0,0.52,20.2,1822.0,11.0,0.25
30,candle,atr,3.0,60,1416,0.376,0.033,1.05,46.5,0.36,57.7,2827.0,8.3,770,0.368,0.089,1.15,68.8,0.94,14.8,4191.0,23.0,0.25
30,candle,atr,5.0,60,1416,0.365,0.028,1.05,40.1,0.28,45.1,1677.0,7.2,770,0.361,0.084,1.14,64.5,0.84,16.4,3762.0,21.6,0.25
30,candle,atr,10.0,60,1416,0.365,0.039,1.06,54.8,0.37,47.6,2221.0,9.8,770,0.36,0.091,1.15,70.3,0.89,16.4,4151.0,23.5,0.25
60,stop,or,,60,195,0.497,-0.011,0.97,-2.2,-0.07,13.1,-577.0,-0.4,147,0.558,0.167,1.52,24.5,1.18,7.9,3272.0,8.2,
60,stop,or,,120,1062,0.495,0.001,1.0,1.4,0.02,25.0,-1024.0,0.3,593,0.528,0.087,1.26,51.6,1.3,11.5,7186.0,17.2,
60,stop,or,,240,1281,0.492,-0.003,0.99,-3.8,-0.05,33.2,-1172.0,-0.7,709,0.526,0.076,1.23,54.0,1.28,16.1,7594.0,18.1,
60,stop,or,1.0,60,195,0.518,-0.027,0.93,-5.3,-0.21,12.5,-687.0,-1.0,147,0.571,0.13,1.44,19.1,1.13,7.8,2616.0,6.4,
60,stop,or,1.0,120,1062,0.524,0.006,1.02,6.1,0.1,21.4,-637.0,1.1,593,0.556,0.07,1.22,41.8,1.26,10.2,5714.0,14.0,
60,stop,or,1.0,240,1281,0.518,0.003,1.01,4.1,0.06,28.5,-893.0,0.7,709,0.551,0.057,1.19,40.4,1.15,14.7,5602.0,13.5,
60,stop,or,2.0,60,195,0.497,-0.011,0.97,-2.1,-0.07,12.4,-608.0,-0.4,147,0.558,0.161,1.5,23.6,1.17,7.9,3295.0,7.9,
60,stop,or,2.0,120,1062,0.499,0.005,1.01,5.0,0.08,23.4,-525.0,0.9,593,0.53,0.084,1.25,49.8,1.3,12.2,7348.0,16.6,
60,stop,or,2.0,240,1281,0.496,0.002,1.01,3.1,0.04,29.4,-615.0,0.5,709,0.528,0.073,1.23,51.7,1.28,16.8,7631.0,17.3,
60,stop,or,3.0,60,195,0.497,-0.021,0.94,-4.0,-0.14,14.2,-697.0,-0.7,147,0.558,0.162,1.51,23.7,1.17,7.9,3211.0,7.9,
60,stop,or,3.0,120,1062,0.495,0.0,1.0,0.3,0.0,22.4,-842.0,0.1,593,0.528,0.085,1.25,50.4,1.28,11.1,7026.0,16.8,
60,stop,or,3.0,240,1281,0.493,0.001,1.0,1.1,0.01,29.3,-795.0,0.2,709,0.526,0.075,1.23,52.8,1.27,14.8,7434.0,17.7,
60,stop,or,5.0,60,195,0.497,-0.011,0.97,-2.2,-0.07,13.1,-577.0,-0.4,147,0.558,0.167,1.52,24.5,1.18,7.9,3272.0,8.2,
60,stop,or,5.0,120,1062,0.495,0.008,1.02,8.1,0.11,19.4,-621.0,1.5,593,0.528,0.087,1.26,51.6,1.29,11.5,7183.0,17.2,
60,stop,or,5.0,240,1281,0.492,0.002,1.01,2.9,0.04,26.9,-769.0,0.5,709,0.526,0.076,1.23,54.0,1.28,16.1,7591.0,18.0,
60,stop,or,10.0,60,195,0.497,-0.011,0.97,-2.2,-0.07,13.1,-577.0,-0.4,147,0.558,0.167,1.52,24.5,1.18,7.9,3272.0,8.2,
60,stop,or,10.0,120,1062,0.495,0.004,1.01,4.5,0.06,25.0,-959.0,0.8,593,0.528,0.087,1.26,51.6,1.3,11.5,7186.0,17.2,
60,stop,or,10.0,240,1281,0.492,-0.001,1.0,-0.7,-0.01,33.2,-1108.0,-0.1,709,0.526,0.076,1.23,54.0,1.28,16.1,7594.0,18.1,
60,stop,mid,,60,195,0.395,0.007,1.01,1.4,0.03,15.2,-299.0,0.3,147,0.435,0.234,1.44,34.4,1.03,13.9,2949.0,11.5,
60,stop,mid,,120,1062,0.396,0.019,1.03,20.0,0.17,39.2,366.0,3.6,593,0.406,0.107,1.19,63.6,1.0,27.1,5520.0,21.3,
60,stop,mid,,240,1281,0.398,0.005,1.01,6.1,0.05,42.1,-20.0,1.1,709,0.415,0.096,1.17,67.9,0.99,34.4,6102.0,22.7,
60,stop,mid,1.0,60,195,0.518,-0.003,0.99,-0.7,-0.02,10.9,154.0,-0.1,147,0.537,0.067,1.15,9.9,0.48,10.2,1189.0,3.3,
60,stop,mid,1.0,120,1062,0.524,0.002,1.0,2.1,0.03,37.5,1075.0,0.4,593,0.548,0.077,1.18,45.6,1.11,18.7,3418.0,15.2,
60,stop,mid,1.0,240,1281,0.518,-0.005,0.99,-6.9,-0.08,45.5,701.0,-1.2,709,0.547,0.066,1.15,46.8,1.05,24.6,3934.0,15.6,
60,stop,mid,2.0,60,195,0.41,-0.03,0.95,-5.9,-0.15,15.9,-442.0,-1.1,147,0.449,0.172,1.33,25.2,0.9,13.6,2405.0,8.4,
60,stop,mid,2.0,120,1062,0.426,0.029,1.05,30.7,0.31,28.8,885.0,5.5,593,0.437,0.091,1.17,54.1,1.0,27.2,4520.0,18.1,
60,stop,mid,2.0,240,1281,0.425,0.019,1.03,24.0,0.23,33.0,454.0,4.3,709,0.44,0.066,1.13,47.0,0.81,34.2,4417.0,15.7,
60,stop,mid,3.0,60,195,0.4,-0.012,0.98,-2.2,-0.05,17.0,-420.0,-0.4,147,0.442,0.225,1.43,33.1,1.05,13.9,2805.0,11.1,
60,stop,mid,3.0,120,1062,0.409,0.05,1.09,52.9,0.49,29.9,1697.0,9.5,593,0.415,0.116,1.21,68.9,1.13,25.5,5579.0,23.0,
60,stop,mid,3.0,240,1281,0.409,0.032,1.06,40.8,0.35,33.8,1223.0,7.3,709,0.422,0.095,1.18,67.7,1.05,32.8,5780.0,22.6,
60,stop,mid,5.0,60,195,0.395,0.006,1.01,1.1,0.02,13.6,-318.0,0.2,147,0.435,0.225,1.42,33.1,1.02,13.9,2878.0,11.1,
60,stop,mid,5.0,120,1062,0.397,0.021,1.04,22.7,0.2,30.2,691.0,4.1,593,0.408,0.116,1.21,68.5,1.07,26.5,5672.0,22.9,
60,stop,mid,5.0,240,1281,0.4,0.013,1.02,16.9,0.14,32.2,418.0,3.0,709,0.416,0.104,1.19,73.4,1.07,33.7,6259.0,24.5,
60,stop,mid,10.0,60,195,0.395,0.007,1.01,1.4,0.03,15.2,-299.0,0.3,147,0.435,0.234,1.44,34.4,1.03,13.9,2949.0,11.5,
60,stop,mid,10.0,120,1062,0.396,0.029,1.05,31.2,0.25,30.0,742.0,5.6,593,0.406,0.107,1.19,63.6,1.0,27.1,5520.0,21.3,
60,stop,mid,10.0,240,1281,0.398,0.014,1.02,17.4,0.13,32.3,356.0,3.1,709,0.415,0.096,1.17,67.9,0.99,34.4,6102.0,22.7,
60,stop,atr,,60,195,0.087,-0.533,0.55,-104.0,-1.09,107.2,-742.0,-18.6,147,0.082,-0.133,0.87,-19.6,-0.24,61.5,-367.0,-6.5,0.05
60,stop,atr,,120,1062,0.105,-0.466,0.62,-495.0,-2.01,498.2,-3199.0,-88.8,593,0.086,-0.342,0.69,-202.9,-1.45,226.5,-2927.0,-67.8,0.05
60,stop,atr,,240,1281,0.111,-0.412,0.66,-527.6,-1.92,528.7,-3068.0,-94.6,709,0.092,-0.339,0.69,-240.3,-1.6,268.1,-3348.0,-80.3,0.05
60,stop,atr,1.0,60,195,0.385,-0.522,0.37,-101.7,-2.56,102.7,-668.0,-18.2,147,0.395,-0.344,0.51,-50.5,-2.19,52.3,-627.0,-16.9,0.05
60,stop,atr,1.0,120,1062,0.32,-0.729,0.26,-774.4,-8.4,775.3,-4240.0,-138.9,593,0.341,-0.504,0.38,-298.7,-6.42,300.5,-3963.0,-99.8,0.05
60,stop,atr,1.0,240,1281,0.342,-0.678,0.28,-867.9,-8.77,868.7,-4580.0,-155.6,709,0.353,-0.476,0.4,-337.7,-6.73,340.5,-4417.0,-112.9,0.05
60,stop,atr,2.0,60,195,0.262,-0.506,0.48,-98.7,-2.01,101.0,-669.0,-17.7,147,0.265,-0.337,0.6,-49.5,-1.66,53.7,-635.0,-16.5,0.05
60,stop,atr,2.0,120,1062,0.235,-0.667,0.38,-708.4,-6.24,710.4,-3852.0,-127.0,593,0.243,-0.459,0.5,-272.2,-4.59,279.8,-3649.0,-91.0,0.05
60,stop,atr,2.0,240,1281,0.249,-0.617,0.42,-791.0,-6.36,791.0,-4066.0,-141.8,709,0.251,-0.432,0.53,-306.2,-4.73,318.8,-3945.0,-102.3,0.05
60,stop,atr,3.0,60,195,0.19,-0.524,0.5,-102.3,-1.8,106.5,-666.0,-18.3,147,0.224,-0.24,0.73,-35.4,-0.97,52.3,-491.0,-11.8,0.05
60,stop,atr,3.0,120,1062,0.184,-0.643,0.44,-683.1,-5.18,686.0,-3755.0,-122.5,593,0.192,-0.426,0.56,-252.5,-3.59,265.4,-3378.0,-84.4,0.05
60,stop,atr,3.0,240,1281,0.19,-0.608,0.46,-778.8,-5.39,779.6,-4147.0,-139.7,709,0.195,-0.418,0.57,-296.1,-3.87,313.2,-3798.0,-98.9,0.05
60,stop,atr,5.0,60,195,0.133,-0.506,0.55,-98.7,-1.42,101.9,-749.0,-17.7,147,0.156,-0.226,0.77,-33.3,-0.72,61.4,-429.0,-11.1,0.05
60,stop,atr,5.0,120,1062,0.139,-0.568,0.52,-603.0,-3.63,606.2,-3504.0,-108.1,593,0.138,-0.389,0.62,-230.6,-2.6,251.5,-2971.0,-77.0,0.05
60,stop,atr,5.0,240,1281,0.144,-0.533,0.55,-682.3,-3.72,683.4,-3704.0,-122.3,709,0.141,-0.384,0.63,-272.0,-2.82,297.1,-3369.0,-90.9,0.05
60,stop,atr,10.0,60,195,0.087,-0.562,0.52,-109.5,-1.27,118.3,-730.0,-19.6,147,0.095,-0.239,0.77,-35.1,-0.57,62.0,-568.0,-11.7,0.05
60,stop,atr,10.0,120,1062,0.11,-0.457,0.63,-485.0,-2.16,488.1,-3061.0,-87.0,593,0.093,-0.39,0.64,-231.2,-2.0,273.4,-3315.0,-77.3,0.05
60,stop,atr,10.0,240,1281,0.116,-0.411,0.66,-526.7,-2.11,531.5,-3073.0,-94.5,709,0.097,-0.383,0.64,-271.8,-2.17,311.3,-3762.0,-90.8,0.05
60,stop,atr,,60,195,0.195,-0.201,0.77,-39.2,-0.55,52.5,-683.0,-7.0,147,0.238,0.329,1.42,48.3,0.79,17.0,1484.0,16.1,0.1
60,stop,atr,,120,1062,0.218,-0.084,0.91,-88.7,-0.45,119.4,-1355.0,-15.9,593,0.214,0.075,1.09,44.2,0.41,44.5,1488.0,14.8,0.1
60,stop,atr,,240,1281,0.223,-0.076,0.91,-97.9,-0.46,145.4,-1062.0,-17.6,709,0.216,0.069,1.09,49.2,0.42,55.8,1783.0,16.4,0.1
60,stop,atr,1.0,60,195,0.456,-0.198,0.67,-38.6,-1.14,43.0,-613.0,-6.9,147,0.51,-0.022,0.96,-3.3,-0.15,17.5,-74.0,-1.1,0.1
60,stop,atr,1.0,120,1062,0.492,-0.148,0.74,-157.4,-1.97,164.1,-1336.0,-28.2,593,0.514,-0.017,0.97,-9.8,-0.23,26.0,-242.0,-3.3,0.1
60,stop,atr,1.0,240,1281,0.494,-0.139,0.76,-178.3,-2.04,185.8,-1234.0,-32.0,709,0.519,-0.006,0.99,-4.3,-0.09,25.1,84.0,-1.4,0.1
60,stop,atr,2.0,60,195,0.313,-0.168,0.78,-32.8,-0.71,40.0,-652.0,-5.9,147,0.415,0.189,1.31,27.8,0.89,14.6,814.0,9.3,0.1
60,stop,atr,2.0,120,1062,0.343,-0.117,0.84,-124.3,-1.12,148.5,-963.0,-22.3,593,0.366,0.036,1.06,21.6,0.35,25.3,773.0,7.2,0.1
60,stop,atr,2.0,240,1281,0.344,-0.112,0.85,-144.0,-1.19,175.3,-1005.0,-25.8,709,0.361,0.019,1.03,13.3,0.2,29.5,712.0,4.4,0.1
60,stop,atr,3.0,60,195,0.267,-0.089,0.89,-17.3,-0.3,29.7,-357.0,-3.1,147,0.333,0.212,1.31,31.1,0.81,13.0,923.0,10.4,0.1
60,stop,atr,3.0,120,1062,0.28,-0.086,0.89,-91.5,-0.68,122.1,-914.0,-16.4,593,0.29,0.045,1.06,26.8,0.36,29.7,1051.0,8.9,0.1
60,stop,atr,3.0,240,1281,0.285,-0.071,0.91,-90.6,-0.62,143.0,-548.0,-16.2,709,0.286,0.023,1.03,16.3,0.2,50.4,978.0,5.4,0.1
60,stop,atr,5.0,60,195,0.221,-0.087,0.9,-17.0,-0.25,33.4,-331.0,-3.0,147,0.259,0.209,1.27,30.8,0.64,19.4,898.0,10.3,0.1
60,stop,atr,5.0,120,1062,0.237,-0.032,0.96,-33.6,-0.2,95.9,-83.0,-6.0,593,0.224,0.011,1.01,6.7,0.08,53.0,399.0,2.2,0.1
60,stop,atr,5.0,240,1281,0.244,-0.019,0.98,-24.1,-0.13,111.9,231.0,-4.3,709,0.226,0.003,1.0,2.1,0.02,69.8,453.0,0.7,0.1
60,stop,atr,10.0,60,195,0.195,-0.187,0.79,-36.5,-0.5,47.3,-613.0,-6.5,147,0.238,0.383,1.48,56.3,0.89,17.0,1715.0,18.8,0.1
60,stop,atr,10.0,120,1062,0.218,-0.037,0.96,-39.6,-0.21,89.4,-652.0,-7.1,593,0.216,0.108,1.13,63.8,0.58,44.5,1938.0,21.3,0.1
60,stop,atr,10.0,240,1281,0.224,-0.037,0.96,-46.8,-0.23,111.1,-326.0,-8.4,709,0.217,0.094,1.12,66.6,0.56,55.8,2171.0,22.2,0.1
60,stop,atr,,60,195,0.262,-0.103,0.87,-20.1,-0.3,41.3,-597.0,-3.6,147,0.32,0.273,1.39,40.1,0.84,14.0,1680.0,13.4,0.15
60,stop,atr,,120,1062,0.3,0.011,1.01,11.7,0.07,59.6,-118.0,2.1,593,0.305,0.132,1.19,78.1,0.91,34.9,3245.0,26.1,0.15
60,stop,atr,,240,1281,0.309,0.013,1.02,16.3,0.09,53.2,170.0,2.9,709,0.31,0.116,1.17,82.5,0.89,39.5,3643.0,27.6,0.15
60,stop,atr,1.0,60,195,0.482,-0.099,0.82,-19.2,-0.58,25.1,-371.0,-3.4,147,0.524,0.019,1.04,2.7,0.13,14.5,137.0,0.9,0.15
60,stop,atr,1.0,120,1062,0.522,-0.035,0.93,-37.6,-0.49,60.8,-631.0,-6.7,593,0.528,0.031,1.07,18.5,0.44,20.3,771.0,6.2,0.15
60,stop,atr,1.0,240,1281,0.527,-0.024,0.95,-30.9,-0.37,59.7,-224.0,-5.5,709,0.525,0.021,1.04,15.0,0.33,25.0,773.0,5.0,0.15
60,stop,atr,2.0,60,195,0.344,-0.073,0.89,-14.3,-0.31,21.9,-408.0,-2.6,147,0.408,0.138,1.23,20.3,0.67,11.4,809.0,6.8,0.15
60,stop,atr,2.0,120,1062,0.377,-0.007,0.99,-7.7,-0.07,45.6,-278.0,-1.4,593,0.384,0.07,1.11,41.6,0.7,25.7,1814.0,13.9,0.15
60,stop,atr,2.0,240,1281,0.385,0.007,1.01,9.3,0.08,43.8,364.0,1.7,709,0.384,0.052,1.08,36.6,0.57,33.8,1868.0,12.2,0.15
60,stop,atr,3.0,60,195,0.287,-0.108,0.86,-21.1,-0.4,33.5,-511.0,-3.8,147,0.361,0.233,1.36,34.2,0.91,13.4,1371.0,11.4,0.15
60,stop,atr,3.0,120,1062,0.333,0.037,1.05,39.2,0.31,46.8,800.0,7.0,593,0.334,0.111,1.17,65.6,0.93,23.7,2657.0,21.9,0.15
60,stop,atr,3.0,240,1281,0.342,0.048,1.07,61.1,0.44,53.0,1227.0,11.0,709,0.336,0.084,1.13,59.5,0.78,32.7,2651.0,19.9,0.15
60,stop,atr,5.0,60,195,0.262,-0.171,0.78,-33.3,-0.59,40.4,-857.0,-6.0,147,0.333,0.304,1.45,44.6,0.98,14.2,1787.0,14.9,0.15
60,stop,atr,5.0,120,1062,0.306,0.05,1.07,52.9,0.36,52.7,991.0,9.5,593,0.312,0.151,1.22,89.7,1.08,26.0,3694.0,30.0,0.15
60,stop,atr,5.0,240,1281,0.315,0.051,1.07,65.7,0.41,56.2,1342.0,11.8,709,0.316,0.123,1.18,87.0,0.99,31.6,3820.0,29.1,0.15
60,stop,atr,10.0,60,195,0.262,-0.117,0.85,-22.8,-0.35,41.3,-644.0,-4.1,147,0.32,0.273,1.39,40.1,0.84,14.0,1680.0,13.4,0.15
60,stop,atr,10.0,120,1062,0.301,0.022,1.03,23.6,0.15,54.7,307.0,4.2,593,0.305,0.132,1.19,78.1,0.91,34.9,3245.0,26.1,0.15
60,stop,atr,10.0,240,1281,0.31,0.028,1.04,35.3,0.21,58.4,738.0,6.3,709,0.31,0.116,1.17,82.5,0.89,39.5,3643.0,27.6,0.15
60,stop,atr,,60,195,0.405,0.042,1.08,8.2,0.17,14.6,504.0,1.5,147,0.469,0.33,1.65,48.5,1.4,10.0,3577.0,16.2,0.25
60,stop,atr,,120,1062,0.414,0.033,1.06,34.8,0.3,26.6,779.0,6.2,593,0.442,0.176,1.34,104.3,1.66,16.6,7472.0,34.8,0.25
60,stop,atr,,240,1281,0.418,0.027,1.05,34.6,0.28,28.2,880.0,6.2,709,0.441,0.15,1.29,106.6,1.59,24.2,7897.0,35.6,0.25
60,stop,atr,1.0,60,195,0.538,0.04,1.09,7.9,0.25,9.9,642.0,1.4,147,0.558,0.088,1.2,12.9,0.62,13.0,1069.0,4.3,0.25
60,stop,atr,1.0,120,1062,0.535,0.017,1.04,17.7,0.24,39.1,1093.0,3.2,593,0.551,0.081,1.19,48.3,1.18,15.2,3554.0,16.1,0.25
60,stop,atr,1.0,240,1281,0.532,0.012,1.03,15.9,0.2,43.6,1189.0,2.9,709,0.547,0.065,1.15,46.1,1.05,20.2,3687.0,15.4,0.25
60,stop,atr,2.0,60,195,0.441,0.079,1.15,15.5,0.37,10.2,858.0,2.8,147,0.483,0.221,1.44,32.5,1.15,11.6,2407.0,10.9,0.25
60,stop,atr,2.0,120,1062,0.443,0.049,1.09,52.1,0.54,30.7,2204.0,9.3,593,0.457,0.131,1.26,77.7,1.45,18.0,5379.0,26.0,0.25
60,stop,atr,2.0,240,1281,0.445,0.047,1.09,60.4,0.58,34.2,2372.0,10.8,709,0.456,0.109,1.22,77.2,1.34,24.1,5649.0,25.8,0.25
60,stop,atr,3.0,60,195,0.41,0.034,1.06,6.7,0.15,13.7,462.0,1.2,147,0.476,0.333,1.66,48.9,1.47,10.6,3546.0,16.3,0.25
60,stop,atr,3.0,120,1062,0.42,0.047,1.09,50.2,0.47,30.0,1909.0,9.0,593,0.447,0.179,1.35,106.1,1.76,14.0,7487.0,35.5,0.25
60,stop,atr,3.0,240,1281,0.424,0.045,1.08,58.2,0.51,33.2,2192.0,10.4,709,0.446,0.147,1.29,104.2,1.63,21.5,7641.0,34.8,0.25
60,stop,atr,5.0,60,195,0.405,0.049,1.09,9.6,0.2,13.5,519.0,1.7,147,0.469,0.334,1.65,49.2,1.41,10.0,3652.0,16.4,0.25
60,stop,atr,5.0,120,1062,0.416,0.044,1.08,46.5,0.41,29.7,1520.0,8.3,593,0.442,0.183,1.35,108.3,1.7,16.6,7757.0,36.2,0.25
60,stop,atr,5.0,240,1281,0.419,0.038,1.07,48.5,0.4,31.7,1693.0,8.7,709,0.441,0.157,1.31,111.0,1.63,24.2,8201.0,37.1,0.25
60,stop,atr,10.0,60,195,0.405,0.042,1.08,8.2,0.17,14.6,504.0,1.5,147,0.469,0.33,1.65,48.5,1.4,10.0,3577.0,16.2,0.25
60,stop,atr,10.0,120,1062,0.414,0.028,1.05,29.4,0.26,26.6,729.0,5.3,593,0.442,0.176,1.34,104.3,1.66,16.6,7472.0,34.8,0.25
60,stop,atr,10.0,240,1281,0.418,0.023,1.04,29.2,0.24,28.2,830.0,5.2,709,0.441,0.15,1.29,106.6,1.59,24.2,7897.0,35.6,0.25
60,close,or,,60,89,0.539,0.037,1.1,3.3,0.15,7.3,119.0,0.6,77,0.571,0.15,1.51,11.5,0.83,4.7,1427.0,3.8,
60,close,or,,120,990,0.478,-0.016,0.95,-16.3,-0.25,33.9,-1658.0,-2.9,562,0.528,0.073,1.23,41.1,1.11,10.0,6349.0,13.7,
60,close,or,,240,1235,0.483,-0.014,0.96,-17.3,-0.24,36.7,-1749.0,-3.1,695,0.521,0.054,1.17,37.8,0.95,14.1,5705.0,12.6,
60,close,or,1.0,60,89,0.573,0.006,1.02,0.6,0.03,7.9,-35.0,0.1,77,0.571,0.1,1.34,7.7,0.65,6.5,1002.0,2.6,
60,close,or,1.0,120,990,0.503,-0.011,0.97,-11.3,-0.2,34.1,-782.0,-2.0,562,0.546,0.047,1.15,26.2,0.83,9.6,4328.0,8.8,
60,close,or,1.0,240,1235,0.506,-0.008,0.98,-9.6,-0.16,36.1,-990.0,-1.7,695,0.537,0.028,1.09,19.7,0.58,11.4,3165.0,6.6,
60,close,or,2.0,60,89,0.539,0.011,1.03,1.0,0.05,7.7,19.0,0.2,77,0.571,0.137,1.46,10.5,0.8,4.8,1371.0,3.5,
60,close,or,2.0,120,990,0.482,-0.012,0.97,-11.4,-0.18,30.5,-1033.0,-2.0,562,0.53,0.071,1.22,39.9,1.12,10.1,6541.0,13.3,
60,close,or,2.0,240,1235,0.487,-0.007,0.98,-8.2,-0.12,30.6,-1006.0,-1.5,695,0.522,0.052,1.16,36.2,0.94,14.4,5822.0,12.1,
60,close,or,3.0,60,89,0.539,0.027,1.08,2.4,0.12,7.3,60.0,0.4,77,0.571,0.142,1.48,11.0,0.81,4.7,1386.0,3.7,
60,close,or,3.0,120,990,0.478,-0.016,0.95,-16.1,-0.25,30.4,-1625.0,-2.9,562,0.528,0.073,1.22,40.8,1.12,10.0,6253.0,13.6,
60,close,or,3.0,240,1235,0.483,-0.012,0.96,-15.1,-0.22,37.6,-1598.0,-2.7,695,0.521,0.054,1.17,37.4,0.95,12.7,5609.0,12.5,
60,close,or,5.0,60,89,0.539,0.037,1.1,3.3,0.15,7.3,119.0,0.6,77,0.571,0.15,1.51,11.5,0.83,4.7,1427.0,3.8,
60,close,or,5.0,120,990,0.478,-0.011,0.97,-10.8,-0.16,29.1,-1269.0,-1.9,562,0.528,0.073,1.23,41.1,1.11,10.0,6348.0,13.7,
60,close,or,5.0,240,1235,0.483,-0.01,0.97,-11.8,-0.16,34.7,-1359.0,-2.1,695,0.521,0.054,1.17,37.8,0.95,14.1,5704.0,12.6,
60,close,or,10.0,60,89,0.539,0.037,1.1,3.3,0.15,7.3,119.0,0.6,77,0.571,0.15,1.51,11.5,0.83,4.7,1427.0,3.8,
60,close,or,10.0,120,990,0.478,-0.016,0.95,-16.3,-0.25,33.9,-1658.0,-2.9,562,0.528,0.073,1.23,41.1,1.11,10.0,6349.0,13.7,
60,close,or,10.0,240,1235,0.483,-0.014,0.96,-17.3,-0.24,36.7,-1749.0,-3.1,695,0.521,0.054,1.17,37.8,0.95,14.1,5705.0,12.6,
60,close,mid,,60,89,0.416,0.078,1.14,7.0,0.19,14.7,103.0,1.2,77,0.481,0.217,1.46,16.7,0.81,6.2,1386.0,5.6,
60,close,mid,,120,990,0.402,-0.003,0.99,-3.0,-0.03,34.8,-139.0,-0.5,562,0.423,0.079,1.15,44.3,0.77,19.7,4652.0,14.8,
60,close,mid,,240,1235,0.41,-0.009,0.98,-11.0,-0.09,38.5,-415.0,-2.0,695,0.427,0.066,1.12,45.6,0.72,25.3,4540.0,15.2,
60,close,mid,1.0,60,89,0.517,-0.024,0.95,-2.1,-0.1,11.6,-121.0,-0.4,77,0.584,0.16,1.43,12.3,0.86,4.0,1018.0,4.1,
60,close,mid,1.0,120,990,0.509,-0.023,0.95,-23.2,-0.32,50.4,375.0,-4.2,562,0.525,0.036,1.08,20.0,0.51,20.1,2334.0,6.7,
60,close,mid,1.0,240,1235,0.509,-0.023,0.95,-28.8,-0.36,64.8,156.0,-5.2,695,0.525,0.027,1.06,18.6,0.43,26.4,2431.0,6.2,
60,close,mid,2.0,60,89,0.438,-0.017,0.97,-1.5,-0.06,14.2,-117.0,-0.3,77,0.494,0.215,1.47,16.6,0.86,7.5,1318.0,5.5,
60,close,mid,2.0,120,990,0.425,0.004,1.01,4.5,0.05,34.1,898.0,0.8,562,0.443,0.059,1.11,33.4,0.66,20.2,3501.0,11.2,
60,close,mid,2.0,240,1235,0.431,0.001,1.0,1.2,0.01,41.1,539.0,0.2,695,0.443,0.036,1.07,25.1,0.46,24.2,2689.0,8.4,
60,close,mid,3.0,60,89,0.416,-0.031,0.95,-2.8,-0.1,15.2,-176.0,-0.5,77,0.481,0.215,1.46,16.6,0.8,6.2,1372.0,5.5,
60,close,mid,3.0,120,990,0.406,-0.005,0.99,-5.3,-0.05,30.3,202.0,-0.9,562,0.427,0.076,1.14,42.8,0.77,22.9,4482.0,14.3,
60,close,mid,3.0,240,1235,0.414,-0.007,0.99,-9.2,-0.09,41.6,-88.0,-1.7,695,0.43,0.059,1.11,41.2,0.68,28.6,4122.0,13.8,
60,close,mid,5.0,60,89,0.416,0.04,1.07,3.6,0.11,14.7,-7.0,0.6,77,0.481,0.217,1.46,16.7,0.81,6.2,1386.0,5.6,
60,close,mid,5.0,120,990,0.403,0.004,1.01,3.7,0.04,30.7,185.0,0.7,562,0.425,0.092,1.17,51.6,0.88,17.8,4887.0,17.2,
60,close,mid,5.0,240,1235,0.411,0.003,1.01,3.9,0.03,34.1,40.0,0.7,695,0.429,0.076,1.14,52.9,0.83,23.5,4775.0,17.7,
60,close,mid,10.0,60,89,0.416,0.078,1.14,7.0,0.19,14.7,103.0,1.2,77,0.481,0.217,1.46,16.7,0.81,6.2,1386.0,5.6,
60,close,mid,10.0,120,990,0.402,0.005,1.01,4.7,0.04,32.2,124.0,0.8,562,0.423,0.079,1.15,44.3,0.77,19.7,4652.0,14.8,
60,close,mid,10.0,240,1235,0.41,-0.003,1.0,-3.3,-0.03,38.1,-152.0,-0.6,695,0.427,0.066,1.12,45.6,0.72,25.3,4540.0,15.2,
60,close,atr,,60,89,0.101,-0.229,0.79,-20.4,-0.28,34.6,-119.0,-3.6,77,0.104,0.339,1.35,26.1,0.37,26.1,295.0,8.7,0.05
60,close,atr,,120,990,0.13,-0.034,0.97,-33.4,-0.1,171.5,-533.0,-6.0,562,0.126,0.213,1.23,119.9,0.73,43.1,1844.0,40.1,0.05
60,close,atr,,240,1235,0.139,0.019,1.02,23.7,0.07,134.2,-67.0,4.2,695,0.125,0.143,1.15,99.5,0.56,57.3,1761.0,33.2,0.05
60,close,atr,1.0,60,89,0.607,0.001,1.0,0.1,0.01,9.8,27.0,0.0,77,0.532,-0.013,0.97,-1.0,-0.06,10.3,-11.0,-0.3,0.05
60,close,atr,1.0,120,990,0.505,-0.222,0.64,-219.5,-2.86,227.4,-830.0,-39.4,562,0.498,-0.081,0.85,-45.7,-1.1,51.6,-591.0,-15.3,0.05
60,close,atr,1.0,240,1235,0.505,-0.219,0.64,-270.5,-3.17,276.2,-1008.0,-48.5,695,0.511,-0.057,0.89,-39.7,-0.86,58.9,-401.0,-13.3,0.05
60,close,atr,2.0,60,89,0.382,-0.066,0.91,-5.9,-0.18,15.3,-20.0,-1.1,77,0.351,-0.026,0.96,-2.0,-0.09,14.4,-9.0,-0.7,0.05
60,close,atr,2.0,120,990,0.352,-0.18,0.77,-178.1,-1.65,196.6,-720.0,-31.9,562,0.342,-0.056,0.92,-31.3,-0.53,46.7,-457.0,-10.5,0.05
60,close,atr,2.0,240,1235,0.351,-0.177,0.78,-219.1,-1.81,232.4,-781.0,-39.3,695,0.348,-0.038,0.95,-26.3,-0.4,57.1,-216.0,-8.8,0.05
60,close,atr,3.0,60,89,0.225,-0.297,0.68,-26.4,-0.69,33.1,-167.0,-4.7,77,0.312,0.169,1.23,13.0,0.46,13.4,161.0,4.3,0.05
60,close,atr,3.0,120,990,0.268,-0.169,0.81,-167.2,-1.26,205.8,-601.0,-30.0,562,0.269,-0.016,0.98,-8.9,-0.12,46.1,-134.0,-3.0,0.05
60,close,atr,3.0,240,1235,0.273,-0.147,0.84,-181.7,-1.22,224.2,-645.0,-32.6,695,0.263,-0.043,0.95,-29.6,-0.37,61.8,-258.0,-9.9,0.05
60,close,atr,5.0,60,89,0.157,-0.252,0.75,-22.4,-0.45,30.1,-118.0,-4.0,77,0.195,0.091,1.1,7.0,0.19,22.9,78.0,2.3,0.05
60,close,atr,5.0,120,990,0.192,-0.121,0.88,-119.6,-0.69,158.6,-452.0,-21.4,562,0.181,-0.019,0.98,-10.9,-0.12,65.9,-44.0,-3.7,0.05
60,close,atr,5.0,240,1235,0.199,-0.082,0.92,-101.2,-0.52,174.8,-161.0,-18.2,695,0.181,-0.037,0.96,-25.7,-0.25,92.0,27.0,-8.6,0.05
60,close,atr,10.0,60,89,0.112,-0.279,0.74,-24.8,-0.4,38.3,-130.0,-4.4,77,0.13,0.236,1.25,18.1,0.34,20.4,179.0,6.1,0.05
60,close,atr,10.0,120,990,0.143,0.008,1.01,8.0,0.03,136.8,441.0,1.4,562,0.133,0.118,1.13,66.5,0.5,72.2,1175.0,22.2,0.05
60,close,atr,10.0,240,1235,0.151,0.048,1.05,59.3,0.22,107.7,790.0,10.6,695,0.132,0.051,1.05,35.5,0.25,107.9,966.0,11.9,0.05
60,close,atr,,60,89,0.258,0.081,1.1,7.2,0.14,9.5,-14.0,1.3,77,0.234,0.566,1.72,43.6,0.85,13.6,992.0,14.6,0.1
60,close,atr,,120,990,0.23,0.036,1.04,35.9,0.17,68.5,161.0,6.4,562,0.214,0.132,1.16,74.2,0.68,39.0,2503.0,24.8,0.1
60,close,atr,,240,1235,0.236,0.029,1.03,35.5,0.16,81.9,321.0,6.4,695,0.213,0.087,1.11,60.3,0.51,58.2,2308.0,20.1,0.1
60,close,atr,1.0,60,89,0.539,-0.031,0.94,-2.8,-0.13,8.3,-86.0,-0.5,77,0.584,0.137,1.32,10.5,0.69,5.3,268.0,3.5,0.1
60,close,atr,1.0,120,990,0.519,-0.078,0.85,-77.6,-1.03,89.2,-518.0,-13.9,562,0.518,0.001,1.0,0.5,0.01,26.6,112.0,0.2,0.1
60,close,atr,1.0,240,1235,0.515,-0.085,0.84,-104.7,-1.25,121.9,-577.0,-18.8,695,0.515,-0.006,0.99,-4.0,-0.09,33.3,210.0,-1.3,0.1
60,close,atr,2.0,60,89,0.36,-0.029,0.96,-2.6,-0.08,11.7,-90.0,-0.5,77,0.442,0.292,1.51,22.5,0.97,8.1,627.0,7.5,0.1
60,close,atr,2.0,120,990,0.371,-0.016,0.98,-16.3,-0.15,63.4,151.0,-2.9,562,0.359,0.029,1.04,16.6,0.28,23.7,684.0,5.5,0.1
60,close,atr,2.0,240,1235,0.369,-0.024,0.97,-29.2,-0.24,100.1,123.0,-5.2,695,0.353,0.004,1.01,2.4,0.04,33.4,414.0,0.8,0.1
60,close,atr,3.0,60,89,0.292,0.012,1.02,1.0,0.03,12.9,38.0,0.2,77,0.312,0.193,1.27,14.9,0.53,9.8,343.0,5.0,0.1
60,close,atr,3.0,120,990,0.296,-0.009,0.99,-9.4,-0.07,67.9,135.0,-1.7,562,0.276,0.014,1.02,7.6,0.11,42.7,707.0,2.6,0.1
60,close,atr,3.0,240,1235,0.3,-0.001,1.0,-1.8,-0.01,89.5,372.0,-0.3,695,0.266,-0.039,0.95,-26.8,-0.34,66.2,-46.0,-9.0,0.1
60,close,atr,5.0,60,89,0.27,0.102,1.13,9.1,0.19,12.4,90.0,1.6,77,0.26,0.336,1.44,25.9,0.7,14.9,557.0,8.7,0.1
60,close,atr,5.0,120,990,0.248,0.049,1.06,48.1,0.29,80.3,1232.0,8.6,562,0.224,0.043,1.05,23.9,0.27,51.3,1052.0,8.0,0.1
60,close,atr,5.0,240,1235,0.253,0.04,1.05,50.0,0.28,91.1,1281.0,9.0,695,0.223,0.007,1.01,5.0,0.05,67.1,705.0,1.7,0.1
60,close,atr,10.0,60,89,0.258,0.081,1.1,7.2,0.14,9.5,-14.0,1.3,77,0.234,0.613,1.78,47.2,0.91,13.6,1122.0,15.8,0.1
60,close,atr,10.0,120,990,0.23,0.05,1.06,49.8,0.26,74.3,588.0,8.9,562,0.215,0.152,1.19,85.3,0.78,39.3,2738.0,28.5,0.1
60,close,atr,10.0,240,1235,0.236,0.047,1.06,57.8,0.28,87.7,826.0,10.4,695,0.214,0.103,1.13,71.4,0.6,58.6,2524.0,23.8,0.1
60,close,atr,,60,89,0.326,0.173,1.24,15.4,0.31,15.2,149.0,2.8,77,0.312,0.31,1.44,23.8,0.66,7.7,726.0,8.0,0.15
60,close,atr,,120,990,0.295,-0.004,0.99,-3.9,-0.03,49.7,-373.0,-0.7,562,0.301,0.113,1.16,63.2,0.76,29.2,3122.0,21.1,0.15
60,close,atr,,240,1235,0.305,-0.002,1.0,-2.6,-0.02,54.5,-202.0,-0.5,695,0.304,0.093,1.13,64.8,0.71,28.5,3142.0,21.6,0.15
60,close,atr,1.0,60,89,0.539,0.014,1.03,1.3,0.06,8.9,-37.0,0.2,77,0.623,0.23,1.61,17.7,1.17,3.7,713.0,5.9,0.15
60,close,atr,1.0,120,990,0.508,-0.058,0.89,-56.9,-0.77,80.0,-857.0,-10.2,562,0.521,0.024,1.05,13.5,0.33,21.2,783.0,4.5,0.15
60,close,atr,1.0,240,1235,0.514,-0.046,0.91,-56.4,-0.68,88.9,-574.0,-10.1,695,0.517,0.009,1.02,6.2,0.14,25.1,578.0,2.1,0.15
60,close,atr,2.0,60,89,0.393,0.079,1.12,7.0,0.22,12.2,114.0,1.3,77,0.403,0.157,1.26,12.1,0.55,6.9,338.0,4.1,0.15
60,close,atr,2.0,120,990,0.368,-0.032,0.95,-31.3,-0.3,67.9,-461.0,-5.6,562,0.367,0.027,1.04,15.2,0.27,36.0,1110.0,5.1,0.15
60,close,atr,2.0,240,1235,0.377,-0.013,0.98,-16.1,-0.14,79.3,91.0,-2.9,695,0.361,-0.007,0.99,-4.9,-0.08,47.9,424.0,-1.6,0.15
60,close,atr,3.0,60,89,0.348,0.099,1.14,8.8,0.24,17.3,118.0,1.6,77,0.351,0.249,1.38,19.2,0.7,7.4,570.0,6.4,0.15
60,close,atr,3.0,120,990,0.329,0.024,1.03,24.2,0.2,42.8,850.0,4.3,562,0.319,0.059,1.09,33.0,0.49,27.5,1765.0,11.0,0.15
60,close,atr,3.0,240,1235,0.338,0.031,1.05,38.9,0.29,51.2,1094.0,7.0,695,0.319,0.028,1.04,19.3,0.26,33.7,1243.0,6.4,0.15
60,close,atr,5.0,60,89,0.326,0.107,1.15,9.5,0.22,15.8,0.0,1.7,77,0.325,0.339,1.5,26.1,0.77,7.9,787.0,8.7,0.15
60,close,atr,5.0,120,990,0.3,0.022,1.03,21.6,0.15,45.8,345.0,3.9,562,0.306,0.129,1.19,72.7,0.91,26.5,3535.0,24.3,0.15
60,close,atr,5.0,240,1235,0.309,0.017,1.02,20.4,0.13,49.4,427.0,3.7,695,0.308,0.095,1.14,66.2,0.76,31.5,3256.0,22.1,0.15
60,close,atr,10.0,60,89,0.326,0.178,1.25,15.8,0.32,15.2,161.0,2.8,77,0.312,0.31,1.44,23.8,0.66,7.7,726.0,8.0,0.15
60,close,atr,10.0,120,990,0.295,0.002,1.0,2.1,0.01,56.9,60.0,0.4,562,0.301,0.113,1.16,63.2,0.76,29.2,3122.0,21.1,0.15
60,close,atr,10.0,240,1235,0.305,0.009,1.01,10.6,0.06,68.5,374.0,1.9,695,0.304,0.093,1.13,64.8,0.71,28.5,3142.0,21.6,0.15
60,close,atr,,60,89,0.438,0.093,1.17,8.3,0.25,10.7,505.0,1.5,77,0.481,0.413,1.85,31.8,1.2,5.8,1964.0,10.6,0.25
60,close,atr,,120,990,0.402,-0.002,1.0,-1.5,-0.01,29.2,114.0,-0.3,562,0.436,0.162,1.32,91.2,1.51,12.4,6745.0,30.5,0.25
60,close,atr,,240,1235,0.411,0.001,1.0,1.2,0.01,38.1,369.0,0.2,695,0.436,0.131,1.25,90.8,1.38,17.8,6705.0,30.3,0.25
60,close,atr,1.0,60,89,0.528,0.001,1.0,0.1,0.0,8.1,253.0,0.0,77,0.623,0.223,1.63,17.2,1.18,6.0,1113.0,5.7,0.25
60,close,atr,1.0,120,990,0.518,-0.01,0.98,-10.1,-0.14,50.7,592.0,-1.8,562,0.544,0.076,1.18,43.0,1.09,10.7,3190.0,14.4,0.25
60,close,atr,1.0,240,1235,0.52,-0.006,0.99,-7.0,-0.09,61.1,903.0,-1.2,695,0.538,0.049,1.11,33.8,0.78,13.6,2775.0,11.3,0.25
60,close,atr,2.0,60,89,0.461,0.054,1.1,4.8,0.17,11.4,437.0,0.9,77,0.519,0.324,1.72,24.9,1.21,5.1,1520.0,8.3,0.25
60,close,atr,2.0,120,990,0.429,0.018,1.03,18.2,0.2,44.4,1795.0,3.3,562,0.452,0.125,1.25,70.5,1.36,12.5,5010.0,23.6,0.25
60,close,atr,2.0,240,1235,0.436,0.021,1.04,25.6,0.25,50.3,2056.0,4.6,695,0.45,0.093,1.19,65.0,1.15,17.8,4689.0,21.7,0.25
60,close,atr,3.0,60,89,0.438,0.068,1.12,6.1,0.19,10.7,452.0,1.1,77,0.494,0.423,1.89,32.6,1.31,5.8,1985.0,10.9,0.25
60,close,atr,3.0,120,990,0.407,0.013,1.02,13.3,0.13,35.2,978.0,2.4,562,0.441,0.167,1.33,93.9,1.62,13.7,6877.0,31.4,0.25
60,close,atr,3.0,240,1235,0.415,0.014,1.03,17.4,0.16,41.8,1255.0,3.1,695,0.44,0.128,1.25,88.6,1.41,17.7,6540.0,29.6,0.25
60,close,atr,5.0,60,89,0.438,0.087,1.15,7.7,0.23,10.7,477.0,1.4,77,0.481,0.419,1.86,32.3,1.21,5.8,1992.0,10.8,0.25
60,close,atr,5.0,120,990,0.403,0.009,1.02,9.4,0.09,35.1,758.0,1.7,562,0.436,0.167,1.33,93.9,1.54,12.4,6946.0,31.4,0.25
60,close,atr,5.0,240,1235,0.411,0.012,1.02,14.4,0.12,40.8,1086.0,2.6,695,0.436,0.135,1.26,94.1,1.41,17.8,6935.0,31.4,0.25
60,close,atr,10.0,60,89,0.438,0.093,1.17,8.3,0.25,10.7,505.0,1.5,77,0.481,0.413,1.85,31.8,1.2,5.8,1964.0,10.6,0.25
60,close,atr,10.0,120,990,0.402,-0.007,0.99,-6.8,-0.06,31.2,65.0,-1.2,562,0.436,0.162,1.32,91.2,1.51,12.4,6745.0,30.5,0.25
60,close,atr,10.0,240,1235,0.411,-0.003,0.99,-4.1,-0.04,43.4,320.0,-0.7,695,0.436,0.131,1.25,90.8,1.38,17.8,6705.0,30.3,0.25
60,candle,or,,60,1415,0.427,-0.03,0.94,-42.8,-0.39,56.8,-54.0,-7.7,771,0.475,0.133,1.3,102.7,1.42,13.7,9925.0,34.3,
60,candle,or,1.0,60,1415,0.51,-0.022,0.95,-31.3,-0.4,52.3,-106.0,-5.6,771,0.571,0.103,1.29,79.4,1.89,9.1,7725.0,26.5,
60,candle,or,2.0,60,1415,0.443,-0.017,0.96,-24.7,-0.25,39.3,48.0,-4.4,771,0.498,0.122,1.29,94.3,1.74,9.1,10452.0,31.5,
60,candle,or,3.0,60,1415,0.434,-0.019,0.96,-27.4,-0.26,42.9,194.0,-4.9,771,0.484,0.118,1.27,90.8,1.56,12.4,9512.0,30.3,
60,candle,or,5.0,60,1415,0.43,-0.01,0.98,-14.8,-0.13,37.6,363.0,-2.7,771,0.475,0.103,1.23,79.4,1.3,13.7,9519.0,26.5,
60,candle,or,10.0,60,1415,0.428,-0.017,0.97,-24.4,-0.21,51.8,184.0,-4.4,771,0.475,0.119,1.27,92.0,1.41,13.7,9887.0,30.7,
60,candle,mid,,60,1218,0.276,-0.063,0.93,-77.1,-0.29,150.5,1878.0,-13.8,668,0.292,0.028,1.04,19.0,0.19,80.4,6655.0,6.3,
60,candle,mid,1.0,60,1218,0.495,-0.219,0.66,-266.7,-2.5,267.5,-348.0,-47.8,668,0.503,-0.049,0.91,-32.8,-0.71,42.0,1486.0,-11.0,
60,candle,mid,2.0,60,1218,0.362,-0.189,0.76,-230.6,-1.75,237.2,642.0,-41.4,668,0.389,0.033,1.05,22.1,0.35,34.8,4268.0,7.4,
60,candle,mid,3.0,60,1218,0.323,-0.147,0.82,-179.4,-1.2,186.5,1314.0,-32.2,668,0.335,0.016,1.02,10.6,0.15,68.8,4849.0,3.5,
60,candle,mid,5.0,60,1218,0.292,-0.146,0.83,-178.3,-1.05,203.3,1551.0,-32.0,668,0.31,0.069,1.1,46.1,0.53,69.3,6396.0,15.4,
60,candle,mid,10.0,60,1218,0.281,-0.112,0.87,-136.3,-0.69,171.2,1617.0,-24.4,668,0.298,0.074,1.1,49.7,0.51,77.5,6643.0,16.6,
60,candle,atr,,60,1415,0.121,-0.152,0.86,-215.0,-0.69,252.9,-772.0,-38.6,771,0.106,0.14,1.15,108.0,0.53,77.2,1822.0,36.1,0.05
60,candle,atr,1.0,60,1415,0.504,-0.233,0.62,-329.4,-3.56,331.6,-1476.0,-59.1,771,0.514,-0.05,0.9,-38.5,-0.79,44.0,-524.0,-12.9,0.05
60,candle,atr,2.0,60,1415,0.339,-0.227,0.72,-321.1,-2.49,323.0,-1346.0,-57.6,771,0.351,-0.025,0.96,-19.5,-0.28,50.1,-281.0,-6.5,0.05
60,candle,atr,3.0,60,1415,0.249,-0.257,0.72,-363.0,-2.34,367.5,-1730.0,-65.1,771,0.268,-0.008,0.99,-6.5,-0.08,57.9,-50.0,-2.2,0.05
60,candle,atr,5.0,60,1415,0.182,-0.189,0.81,-268.0,-1.31,289.1,-947.0,-48.1,771,0.189,0.037,1.04,28.7,0.25,58.9,654.0,9.6,0.05
60,candle,atr,10.0,60,1415,0.133,-0.079,0.93,-112.1,-0.39,226.9,193.0,-20.1,771,0.121,0.065,1.07,49.8,0.32,94.1,907.0,16.7,0.05
60,candle,atr,,60,1415,0.203,-0.067,0.92,-94.3,-0.41,131.1,-392.0,-16.9,771,0.224,0.237,1.3,182.8,1.33,43.0,4881.0,61.1,0.1
60,candle,atr,1.0,60,1415,0.509,-0.102,0.81,-144.6,-1.6,149.7,-1089.0,-25.9,771,0.541,0.047,1.1,36.0,0.75,14.2,1023.0,12.0,0.1
60,candle,atr,2.0,60,1415,0.345,-0.1,0.86,-141.6,-1.12,147.9,-1316.0,-25.4,771,0.372,0.068,1.11,52.4,0.75,23.2,1383.0,17.5,0.1
60,candle,atr,3.0,60,1415,0.28,-0.057,0.93,-80.0,-0.51,112.3,-93.0,-14.3,771,0.307,0.144,1.2,110.7,1.27,29.3,2932.0,37.0,0.1
60,candle,atr,5.0,60,1415,0.22,-0.058,0.93,-82.4,-0.43,123.3,91.0,-14.8,771,0.241,0.178,1.23,137.1,1.24,37.7,3547.0,45.8,0.1
60,candle,atr,10.0,60,1415,0.204,-0.061,0.93,-86.3,-0.39,137.1,-154.0,-15.5,771,0.226,0.256,1.32,197.6,1.45,43.0,5061.0,66.0,0.1
60,candle,atr,,60,1415,0.286,0.014,1.02,20.3,0.11,54.9,819.0,3.6,771,0.309,0.193,1.28,148.9,1.44,28.8,6002.0,49.8,0.15
60,candle,atr,1.0,60,1415,0.507,-0.066,0.87,-93.2,-1.05,98.7,-1720.0,-16.7,771,0.54,0.057,1.12,44.0,0.92,16.2,2172.0,14.7,0.15
60,candle,atr,2.0,60,1415,0.374,-0.005,0.99,-6.5,-0.05,54.6,251.0,-1.2,771,0.397,0.128,1.21,98.6,1.43,26.7,3882.0,32.9,0.15
60,candle,atr,3.0,60,1415,0.319,0.011,1.02,15.7,0.11,58.3,1052.0,2.8,771,0.335,0.159,1.24,122.3,1.47,20.0,4935.0,40.9,0.15
60,candle,atr,5.0,60,1415,0.293,0.015,1.02,21.1,0.12,59.2,1565.0,3.8,771,0.313,0.177,1.26,136.3,1.42,27.2,5397.0,45.6,0.15
60,candle,atr,10.0,60,1415,0.287,0.024,1.03,34.3,0.18,63.3,1305.0,6.1,771,0.309,0.195,1.28,150.2,1.45,28.8,6058.0,50.2,0.15
60,candle,atr,,60,1415,0.4,0.044,1.08,62.7,0.46,25.8,2307.0,11.2,771,0.42,0.173,1.32,133.4,1.76,17.1,9835.0,44.6,0.25
60,candle,atr,1.0,60,1415,0.519,-0.01,0.98,-14.1,-0.16,38.6,-236.0,-2.5,771,0.549,0.081,1.19,62.2,1.33,16.3,4916.0,20.8,0.25
60,candle,atr,2.0,60,1415,0.425,0.031,1.06,44.2,0.4,30.7,2218.0,7.9,771,0.438,0.121,1.23,93.5,1.5,16.9,6938.0,31.3,0.25
60,candle,atr,3.0,60,1415,0.408,0.039,1.07,54.8,0.45,34.9,3075.0,9.8,771,0.424,0.154,1.29,118.5,1.7,16.7,8838.0,39.6,0.25
60,candle,atr,5.0,60,1415,0.401,0.05,1.09,71.0,0.53,29.5,2687.0,12.7,771,0.42,0.172,1.32,132.3,1.77,17.1,9668.0,44.2,0.25
60,candle,atr,10.0,60,1415,0.4,0.052,1.09,73.7,0.53,25.8,2559.0,13.2,771,0.42,0.173,1.32,133.4,1.76,17.1,9835.0,44.6,0.25
