base,or_min,entry,stop,stop_x,target_r,side,rvol_min,min_or_atr,max_or_atr,gap_dir,be_r,train_n,train_win,train_avgR,train_pf,train_totR,train_sharpe,train_ddR,train_pts,train_rPerYr,val_n,val_win,val_avgR,val_pf,val_totR,val_sharpe,val_ddR,val_pts,val_rPerYr,cutoff
A_candle5,5,candle,atr,0.1,10.0,both,0.0,0.0,0.3,,,1206,0.187,0.103,1.11,123.9,0.52,55.3,1897.0,22.2,705,0.177,0.077,1.09,54.3,0.42,42.9,1247.0,18.1,
A_candle5,5,candle,atr,0.1,10.0,both,0.0,0.0,0.3,,1.0,1206,0.113,0.106,1.18,127.7,0.63,51.9,1990.0,22.9,705,0.088,-0.01,0.98,-6.9,-0.07,66.5,-402.0,-2.3,
A_candle5,5,candle,atr,0.1,10.0,both,0.0,0.0,0.3,,2.0,1206,0.138,0.082,1.11,98.8,0.45,74.8,2030.0,17.7,705,0.133,0.054,1.08,38.1,0.33,60.5,978.0,12.7,
A_candle5,5,candle,atr,0.1,10.0,both,0.0,0.0,0.3,with,,586,0.198,0.136,1.15,79.8,0.48,52.6,1685.0,14.3,340,0.212,0.33,1.41,112.1,1.15,27.9,2999.0,37.5,
A_candle5,5,candle,atr,0.1,10.0,both,0.0,0.0,0.3,with,1.0,586,0.133,0.195,1.34,114.3,0.79,35.7,1995.0,20.5,340,0.121,0.223,1.43,75.7,0.92,29.6,1917.0,25.3,
A_candle5,5,candle,atr,0.1,10.0,both,0.0,0.0,0.3,with,2.0,586,0.155,0.155,1.21,90.9,0.58,46.7,1849.0,16.3,340,0.182,0.397,1.6,134.9,1.43,32.5,3721.0,45.1,
A_candle5,5,candle,atr,0.1,10.0,both,0.0,0.0,0.3,against,,620,0.177,0.071,1.08,44.1,0.25,43.7,212.0,7.9,363,0.143,-0.162,0.82,-58.7,-0.72,87.9,-1775.0,-19.6,
A_candle5,5,candle,atr,0.1,10.0,both,0.0,0.0,0.3,against,1.0,620,0.094,0.022,1.04,13.5,0.09,43.0,-5.0,2.4,363,0.058,-0.225,0.61,-81.6,-1.38,96.2,-2282.0,-27.3,
A_candle5,5,candle,atr,0.1,10.0,both,0.0,0.0,0.3,against,2.0,620,0.123,0.013,1.02,7.8,0.05,38.4,181.0,1.4,363,0.085,-0.269,0.64,-97.7,-1.45,107.8,-2766.0,-32.6,
A_candle5,5,candle,atr,0.1,10.0,both,0.0,0.0,0.5,,,1378,0.187,0.154,1.17,212.8,0.8,49.2,2666.0,38.2,771,0.176,0.117,1.14,90.1,0.65,46.7,2489.0,30.1,
A_candle5,5,candle,atr,0.1,10.0,both,0.0,0.0,0.5,,1.0,1378,0.112,0.146,1.25,200.5,0.89,42.9,2502.0,36.0,771,0.088,0.011,1.02,8.2,0.08,65.7,349.0,2.7,
A_candle5,5,candle,atr,0.1,10.0,both,0.0,0.0,0.5,,2.0,1378,0.139,0.134,1.18,184.5,0.76,65.1,2805.0,33.1,771,0.131,0.07,1.1,54.2,0.44,70.4,1768.0,18.1,
A_candle5,5,candle,atr,0.1,10.0,both,0.0,0.0,0.5,with,,666,0.203,0.248,1.28,165.1,0.87,37.9,2524.0,29.6,370,0.208,0.336,1.41,124.3,1.21,30.0,3397.0,41.5,
A_candle5,5,candle,atr,0.1,10.0,both,0.0,0.0,0.5,with,1.0,666,0.138,0.287,1.49,191.0,1.15,29.5,2662.0,34.2,370,0.119,0.209,1.4,77.3,0.91,30.8,2034.0,25.8,
A_candle5,5,candle,atr,0.1,10.0,both,0.0,0.0,0.5,with,2.0,666,0.162,0.263,1.36,175.0,0.98,44.5,2742.0,31.4,370,0.178,0.385,1.58,142.4,1.44,34.6,3991.0,47.6,
A_candle5,5,candle,atr,0.1,10.0,both,0.0,0.0,0.5,against,,712,0.171,0.067,1.07,47.7,0.25,47.9,142.0,8.5,399,0.145,-0.088,0.9,-35.0,-0.38,63.0,-932.0,-11.7,
A_candle5,5,candle,atr,0.1,10.0,both,0.0,0.0,0.5,against,1.0,712,0.088,0.013,1.02,9.6,0.06,47.5,-160.0,1.7,399,0.06,-0.171,0.7,-68.0,-1.02,89.5,-1648.0,-22.7,
A_candle5,5,candle,atr,0.1,10.0,both,0.0,0.0,0.5,against,2.0,712,0.118,0.013,1.02,9.5,0.06,42.8,62.0,1.7,399,0.085,-0.223,0.69,-89.1,-1.2,105.8,-2246.0,-29.8,
A_candle5,5,candle,atr,0.1,10.0,both,0.0,0.0,9.0,,,1401,0.188,0.175,1.19,244.5,0.9,49.2,2838.0,43.8,771,0.176,0.117,1.14,90.1,0.65,46.7,2489.0,30.1,
A_candle5,5,candle,atr,0.1,10.0,both,0.0,0.0,9.0,,1.0,1401,0.114,0.163,1.28,228.2,0.99,44.6,2667.0,40.9,771,0.088,0.011,1.02,8.2,0.08,65.7,349.0,2.7,
A_candle5,5,candle,atr,0.1,10.0,both,0.0,0.0,9.0,,2.0,1401,0.141,0.151,1.21,211.1,0.85,56.8,2964.0,37.9,771,0.131,0.07,1.1,54.2,0.44,70.4,1768.0,18.1,
A_candle5,5,candle,atr,0.1,10.0,both,0.0,0.0,9.0,with,,672,0.204,0.256,1.29,172.3,0.9,39.1,2558.0,30.9,370,0.208,0.336,1.41,124.3,1.21,30.0,3397.0,41.5,
A_candle5,5,candle,atr,0.1,10.0,both,0.0,0.0,9.0,with,1.0,672,0.14,0.298,1.52,200.1,1.19,30.7,2728.0,35.9,370,0.119,0.209,1.4,77.3,0.91,30.8,2034.0,25.8,
A_candle5,5,candle,atr,0.1,10.0,both,0.0,0.0,9.0,with,2.0,672,0.164,0.274,1.38,184.1,1.02,44.8,2808.0,33.0,370,0.178,0.385,1.58,142.4,1.44,34.6,3991.0,47.6,
A_candle5,5,candle,atr,0.1,10.0,both,0.0,0.0,9.0,against,,729,0.173,0.099,1.11,72.2,0.37,41.3,280.0,12.9,399,0.145,-0.088,0.9,-35.0,-0.38,63.0,-932.0,-11.7,
A_candle5,5,candle,atr,0.1,10.0,both,0.0,0.0,9.0,against,1.0,729,0.091,0.039,1.07,28.1,0.18,54.5,-60.0,5.0,399,0.06,-0.171,0.7,-68.0,-1.02,89.5,-1648.0,-22.7,
A_candle5,5,candle,atr,0.1,10.0,both,0.0,0.0,9.0,against,2.0,729,0.119,0.037,1.05,27.1,0.16,42.9,156.0,4.9,399,0.085,-0.223,0.69,-89.1,-1.2,105.8,-2246.0,-29.8,
A_candle5,5,candle,atr,0.1,10.0,both,0.0,0.1,0.3,,,1124,0.183,0.107,1.12,120.0,0.51,55.6,1945.0,21.5,671,0.174,0.101,1.12,67.7,0.53,38.5,1550.0,22.6,
A_candle5,5,candle,atr,0.1,10.0,both,0.0,0.1,0.3,,1.0,1124,0.107,0.106,1.18,118.9,0.6,60.3,2040.0,21.3,671,0.083,0.005,1.01,3.4,0.03,63.6,-157.0,1.2,
A_candle5,5,candle,atr,0.1,10.0,both,0.0,0.1,0.3,,2.0,1124,0.133,0.084,1.11,94.2,0.44,73.8,2073.0,16.9,671,0.128,0.074,1.11,49.5,0.43,57.6,1239.0,16.6,
A_candle5,5,candle,atr,0.1,10.0,both,0.0,0.1,0.3,with,,542,0.19,0.121,1.13,65.6,0.41,45.8,1458.0,11.8,326,0.206,0.345,1.42,112.4,1.15,27.9,2913.0,37.6,
A_candle5,5,candle,atr,0.1,10.0,both,0.0,0.1,0.3,with,1.0,542,0.124,0.176,1.3,95.1,0.69,34.3,1712.0,17.1,326,0.11,0.23,1.44,75.0,0.92,28.9,1810.0,25.1,
A_candle5,5,candle,atr,0.1,10.0,both,0.0,0.1,0.3,with,2.0,542,0.148,0.144,1.19,77.8,0.52,45.5,1651.0,14.0,326,0.175,0.411,1.61,134.1,1.43,31.8,3615.0,44.8,
A_candle5,5,candle,atr,0.1,10.0,both,0.0,0.1,0.3,against,,582,0.177,0.093,1.1,54.4,0.32,41.9,486.0,9.8,343,0.143,-0.133,0.85,-45.5,-0.56,73.5,-1385.0,-15.2,
A_candle5,5,candle,atr,0.1,10.0,both,0.0,0.1,0.3,against,1.0,582,0.091,0.041,1.07,23.8,0.17,42.2,328.0,4.3,343,0.058,-0.205,0.64,-70.5,-1.2,89.2,-1931.0,-23.6,
A_candle5,5,candle,atr,0.1,10.0,both,0.0,0.1,0.3,against,2.0,582,0.12,0.028,1.04,16.4,0.11,49.1,422.0,2.9,343,0.082,-0.249,0.66,-85.5,-1.27,98.1,-2399.0,-28.6,
A_candle5,5,candle,atr,0.1,10.0,both,0.0,0.1,0.5,,,1296,0.183,0.161,1.18,208.9,0.8,50.1,2714.0,37.5,737,0.174,0.141,1.16,103.6,0.75,42.5,2792.0,34.6,
A_candle5,5,candle,atr,0.1,10.0,both,0.0,0.1,0.5,,1.0,1296,0.107,0.148,1.25,191.7,0.87,49.4,2552.0,34.4,737,0.084,0.025,1.05,18.5,0.17,62.6,593.0,6.2,
A_candle5,5,candle,atr,0.1,10.0,both,0.0,0.1,0.5,,2.0,1296,0.135,0.139,1.19,179.9,0.75,66.7,2848.0,32.3,737,0.126,0.089,1.13,65.6,0.53,67.3,2029.0,21.9,
A_candle5,5,candle,atr,0.1,10.0,both,0.0,0.1,0.5,with,,622,0.196,0.243,1.27,151.0,0.82,36.0,2298.0,27.1,356,0.202,0.35,1.42,124.5,1.21,30.0,3311.0,41.6,
A_candle5,5,candle,atr,0.1,10.0,both,0.0,0.1,0.5,with,1.0,622,0.13,0.276,1.47,171.8,1.06,29.2,2378.0,30.8,356,0.11,0.215,1.41,76.5,0.9,30.1,1927.0,25.6,
A_candle5,5,candle,atr,0.1,10.0,both,0.0,0.1,0.5,with,2.0,622,0.156,0.26,1.35,161.8,0.93,43.3,2544.0,29.0,356,0.171,0.398,1.59,141.7,1.44,34.0,3885.0,47.3,
A_candle5,5,candle,atr,0.1,10.0,both,0.0,0.1,0.5,against,,674,0.171,0.086,1.09,58.0,0.31,43.2,416.0,10.4,379,0.145,-0.058,0.93,-21.8,-0.24,53.7,-541.0,-7.3,
A_candle5,5,candle,atr,0.1,10.0,both,0.0,0.1,0.5,against,1.0,674,0.086,0.03,1.05,19.9,0.13,41.2,174.0,3.6,379,0.061,-0.15,0.73,-56.9,-0.86,82.5,-1298.0,-19.0,
A_candle5,5,candle,atr,0.1,10.0,both,0.0,0.1,0.5,against,2.0,674,0.116,0.027,1.04,18.0,0.11,40.8,304.0,3.2,379,0.082,-0.203,0.72,-76.9,-1.04,96.4,-1879.0,-25.7,
A_candle5,5,candle,atr,0.1,10.0,both,0.0,0.1,9.0,,,1319,0.184,0.182,1.2,240.6,0.9,52.5,2886.0,43.1,737,0.174,0.141,1.16,103.6,0.75,42.5,2792.0,34.6,
A_candle5,5,candle,atr,0.1,10.0,both,0.0,0.1,9.0,,1.0,1319,0.109,0.166,1.28,219.4,0.98,51.9,2717.0,39.3,737,0.084,0.025,1.05,18.5,0.17,62.6,593.0,6.2,
A_candle5,5,candle,atr,0.1,10.0,both,0.0,0.1,9.0,,2.0,1319,0.136,0.157,1.21,206.5,0.85,60.6,3008.0,37.0,737,0.126,0.089,1.13,65.6,0.53,67.3,2029.0,21.9,
A_candle5,5,candle,atr,0.1,10.0,both,0.0,0.1,9.0,with,,628,0.197,0.252,1.28,158.1,0.85,36.0,2332.0,28.3,356,0.202,0.35,1.42,124.5,1.21,30.0,3311.0,41.6,
A_candle5,5,candle,atr,0.1,10.0,both,0.0,0.1,9.0,with,1.0,628,0.132,0.288,1.49,181.0,1.11,30.4,2444.0,32.4,356,0.11,0.215,1.41,76.5,0.9,30.1,1927.0,25.6,
A_candle5,5,candle,atr,0.1,10.0,both,0.0,0.1,9.0,with,2.0,628,0.158,0.272,1.37,171.0,0.98,43.5,2610.0,30.7,356,0.171,0.398,1.59,141.7,1.44,34.0,3885.0,47.3,
A_candle5,5,candle,atr,0.1,10.0,both,0.0,0.1,9.0,against,,691,0.172,0.119,1.13,82.5,0.43,41.2,554.0,14.8,379,0.145,-0.058,0.93,-21.8,-0.24,53.7,-541.0,-7.3,
A_candle5,5,candle,atr,0.1,10.0,both,0.0,0.1,9.0,against,1.0,691,0.088,0.056,1.09,38.4,0.25,43.9,273.0,6.9,379,0.061,-0.15,0.73,-56.9,-0.86,82.5,-1298.0,-19.0,
A_candle5,5,candle,atr,0.1,10.0,both,0.0,0.1,9.0,against,2.0,691,0.117,0.051,1.07,35.6,0.21,40.7,398.0,6.4,379,0.082,-0.203,0.72,-76.9,-1.04,96.4,-1879.0,-25.7,
A_candle5,5,candle,atr,0.1,10.0,both,0.0,0.2,0.3,,,436,0.174,0.187,1.2,81.7,0.51,41.4,824.0,14.6,256,0.176,0.176,1.21,45.2,0.53,44.4,1239.0,15.1,
A_candle5,5,candle,atr,0.1,10.0,both,0.0,0.2,0.3,,1.0,436,0.11,0.245,1.44,107.0,0.79,35.5,1646.0,19.2,256,0.078,0.001,1.0,0.2,0.0,38.3,-16.0,0.1,
A_candle5,5,candle,atr,0.1,10.0,both,0.0,0.2,0.3,,2.0,436,0.126,0.207,1.29,90.2,0.62,45.4,1346.0,16.2,256,0.129,0.14,1.2,35.8,0.46,28.9,1042.0,12.0,
A_candle5,5,candle,atr,0.1,10.0,both,0.0,0.2,0.3,with,,216,0.153,-0.01,0.99,-2.3,-0.02,38.2,3.0,-0.4,134,0.194,0.447,1.53,59.9,0.88,28.1,1608.0,20.0,
A_candle5,5,candle,atr,0.1,10.0,both,0.0,0.2,0.3,with,1.0,216,0.106,0.205,1.35,44.3,0.48,23.5,802.0,8.0,134,0.097,0.233,1.43,31.2,0.55,17.9,756.0,10.4,
A_candle5,5,candle,atr,0.1,10.0,both,0.0,0.2,0.3,with,2.0,216,0.12,0.129,1.17,27.9,0.28,27.7,498.0,5.0,134,0.172,0.51,1.76,68.3,1.05,18.1,1915.0,22.8,
A_candle5,5,candle,atr,0.1,10.0,both,0.0,0.2,0.3,against,,220,0.195,0.382,1.42,83.9,0.69,29.8,821.0,15.1,121,0.157,-0.113,0.87,-13.7,-0.28,33.4,-334.0,-4.6,
A_candle5,5,candle,atr,0.1,10.0,both,0.0,0.2,0.3,against,1.0,220,0.114,0.285,1.53,62.7,0.64,22.6,844.0,11.2,121,0.058,-0.247,0.6,-29.9,-0.82,39.4,-737.0,-10.0,
A_candle5,5,candle,atr,0.1,10.0,both,0.0,0.2,0.3,against,2.0,220,0.132,0.283,1.41,62.3,0.58,26.7,847.0,11.2,121,0.083,-0.261,0.65,-31.5,-0.77,37.8,-839.0,-10.5,
A_candle5,5,candle,atr,0.1,10.0,both,0.0,0.2,0.5,,,608,0.176,0.281,1.3,170.6,0.87,36.1,1593.0,30.6,322,0.174,0.252,1.29,81.0,0.82,33.2,2481.0,27.1,
A_candle5,5,candle,atr,0.1,10.0,both,0.0,0.2,0.5,,1.0,608,0.11,0.296,1.53,179.8,1.08,28.8,2159.0,32.2,322,0.081,0.048,1.08,15.3,0.2,43.2,735.0,5.1,
A_candle5,5,candle,atr,0.1,10.0,both,0.0,0.2,0.5,,2.0,608,0.132,0.289,1.41,175.9,0.98,41.4,2121.0,31.5,322,0.124,0.161,1.23,51.9,0.59,35.6,1831.0,17.3,
A_candle5,5,candle,atr,0.1,10.0,both,0.0,0.2,0.5,with,,296,0.176,0.281,1.3,83.1,0.61,22.8,842.0,14.9,164,0.189,0.439,1.52,72.1,0.95,32.1,2006.0,24.1,
A_candle5,5,candle,atr,0.1,10.0,both,0.0,0.2,0.5,with,1.0,296,0.125,0.409,1.69,121.0,0.97,19.3,1469.0,21.7,164,0.098,0.199,1.36,32.7,0.54,25.7,873.0,10.9,
A_candle5,5,candle,atr,0.1,10.0,both,0.0,0.2,0.5,with,2.0,296,0.145,0.378,1.52,111.9,0.85,26.5,1391.0,20.1,164,0.165,0.463,1.67,75.9,1.06,29.7,2185.0,25.4,
A_candle5,5,candle,atr,0.1,10.0,both,0.0,0.2,0.5,against,,312,0.176,0.28,1.3,87.5,0.62,32.9,751.0,15.7,157,0.159,0.064,1.07,10.0,0.16,25.9,510.0,3.3,
A_candle5,5,candle,atr,0.1,10.0,both,0.0,0.2,0.5,against,1.0,312,0.096,0.188,1.35,58.8,0.53,22.2,690.0,10.5,157,0.064,-0.104,0.82,-16.4,-0.34,38.4,-103.0,-5.5,
A_candle5,5,candle,atr,0.1,10.0,both,0.0,0.2,0.5,against,2.0,312,0.119,0.205,1.3,64.0,0.52,25.9,729.0,11.5,157,0.083,-0.146,0.79,-23.0,-0.45,41.1,-319.0,-7.7,
A_candle5,5,candle,atr,0.1,10.0,both,0.0,0.2,9.0,,,631,0.179,0.321,1.35,202.3,0.99,38.5,1765.0,36.3,322,0.174,0.252,1.29,81.0,0.82,33.2,2481.0,27.1,
A_candle5,5,candle,atr,0.1,10.0,both,0.0,0.2,9.0,,1.0,631,0.114,0.329,1.58,207.5,1.2,25.4,2324.0,37.2,322,0.081,0.048,1.08,15.3,0.2,43.2,735.0,5.1,
A_candle5,5,candle,atr,0.1,10.0,both,0.0,0.2,9.0,,2.0,631,0.135,0.321,1.45,202.6,1.09,35.3,2280.0,36.3,322,0.124,0.161,1.23,51.9,0.59,35.6,1831.0,17.3,
A_candle5,5,candle,atr,0.1,10.0,both,0.0,0.2,9.0,with,,302,0.179,0.299,1.32,90.3,0.65,22.8,876.0,16.2,164,0.189,0.439,1.52,72.1,0.95,32.1,2006.0,24.1,
A_candle5,5,candle,atr,0.1,10.0,both,0.0,0.2,9.0,with,1.0,302,0.129,0.431,1.73,130.2,1.02,19.3,1535.0,23.3,164,0.098,0.199,1.36,32.7,0.54,25.7,873.0,10.9,
A_candle5,5,candle,atr,0.1,10.0,both,0.0,0.2,9.0,with,2.0,302,0.149,0.401,1.55,121.1,0.9,26.5,1458.0,21.7,164,0.165,0.463,1.67,75.9,1.06,29.7,2185.0,25.4,
A_candle5,5,candle,atr,0.1,10.0,both,0.0,0.2,9.0,against,,329,0.179,0.341,1.37,112.1,0.75,31.4,889.0,20.1,157,0.159,0.064,1.07,10.0,0.16,25.9,510.0,3.3,
A_candle5,5,candle,atr,0.1,10.0,both,0.0,0.2,9.0,against,1.0,329,0.1,0.235,1.43,77.3,0.65,22.2,789.0,13.9,157,0.064,-0.104,0.82,-16.4,-0.34,38.4,-103.0,-5.5,
A_candle5,5,candle,atr,0.1,10.0,both,0.0,0.2,9.0,against,2.0,329,0.122,0.248,1.36,81.6,0.63,26.0,823.0,14.6,157,0.083,-0.146,0.79,-23.0,-0.45,41.1,-319.0,-7.7,
A_candle5,5,candle,atr,0.1,10.0,both,1.0,0.0,0.3,,,486,0.185,0.236,1.26,114.6,0.69,45.4,1693.0,20.5,333,0.174,0.21,1.24,69.8,0.71,35.8,1907.0,23.3,
A_candle5,5,candle,atr,0.1,10.0,both,1.0,0.0,0.3,,1.0,486,0.113,0.246,1.43,119.7,0.84,26.7,1662.0,21.5,333,0.09,0.112,1.21,37.2,0.48,33.4,1162.0,12.4,
A_candle5,5,candle,atr,0.1,10.0,both,1.0,0.0,0.3,,2.0,486,0.138,0.261,1.37,126.6,0.82,38.1,2170.0,22.7,333,0.126,0.177,1.26,58.8,0.67,34.6,1747.0,19.6,
A_candle5,5,candle,atr,0.1,10.0,both,1.0,0.0,0.3,with,,240,0.188,0.199,1.22,47.7,0.42,31.9,935.0,8.6,166,0.205,0.493,1.6,81.9,1.07,17.1,2185.0,27.4,
A_candle5,5,candle,atr,0.1,10.0,both,1.0,0.0,0.3,with,1.0,240,0.129,0.317,1.54,76.1,0.73,24.6,1233.0,13.6,166,0.12,0.409,1.85,67.8,1.04,12.0,1911.0,22.7,
A_candle5,5,candle,atr,0.1,10.0,both,1.0,0.0,0.3,with,2.0,240,0.142,0.259,1.35,62.1,0.57,31.6,1253.0,11.1,166,0.175,0.562,1.89,93.2,1.27,15.5,2560.0,31.2,
A_candle5,5,candle,atr,0.1,10.0,both,1.0,0.0,0.3,against,,246,0.183,0.272,1.3,66.9,0.55,35.3,759.0,12.0,167,0.144,-0.072,0.92,-12.1,-0.2,51.3,-278.0,-4.0,
A_candle5,5,candle,atr,0.1,10.0,both,1.0,0.0,0.3,against,1.0,246,0.098,0.177,1.32,43.7,0.45,18.5,429.0,7.8,167,0.06,-0.183,0.69,-30.6,-0.71,44.5,-749.0,-10.2,
A_candle5,5,candle,atr,0.1,10.0,both,1.0,0.0,0.3,against,2.0,246,0.134,0.262,1.38,64.5,0.59,23.9,917.0,11.6,167,0.078,-0.206,0.72,-34.4,-0.7,51.3,-812.0,-11.5,
A_candle5,5,candle,atr,0.1,10.0,both,1.0,0.0,0.5,,,645,0.181,0.276,1.3,177.8,0.9,44.2,2385.0,31.9,390,0.174,0.267,1.31,104.0,0.95,44.6,2900.0,34.7,
A_candle5,5,candle,atr,0.1,10.0,both,1.0,0.0,0.5,,1.0,645,0.109,0.251,1.44,161.8,0.97,25.6,1987.0,29.0,390,0.09,0.122,1.23,47.7,0.56,35.6,1574.0,15.9,
A_candle5,5,candle,atr,0.1,10.0,both,1.0,0.0,0.5,,2.0,645,0.136,0.285,1.4,183.6,1.0,40.4,2794.0,32.9,390,0.123,0.18,1.26,70.2,0.73,39.9,2198.0,23.5,
A_candle5,5,candle,atr,0.1,10.0,both,1.0,0.0,0.5,with,,316,0.196,0.378,1.42,119.5,0.83,27.3,1711.0,21.4,193,0.202,0.503,1.61,97.2,1.17,24.4,2652.0,32.5,
A_candle5,5,candle,atr,0.1,10.0,both,1.0,0.0,0.5,with,1.0,316,0.136,0.44,1.74,139.2,1.07,24.2,1836.0,25.0,193,0.119,0.37,1.74,71.5,1.03,15.9,2076.0,23.9,
A_candle5,5,candle,atr,0.1,10.0,both,1.0,0.0,0.5,with,2.0,316,0.155,0.419,1.58,132.5,0.97,31.2,2083.0,23.8,193,0.171,0.533,1.81,102.9,1.3,16.5,2876.0,34.4,
A_candle5,5,candle,atr,0.1,10.0,both,1.0,0.0,0.5,against,,329,0.167,0.177,1.19,58.3,0.43,38.8,674.0,10.5,197,0.147,0.034,1.04,6.8,0.1,43.4,248.0,2.3,
A_candle5,5,candle,atr,0.1,10.0,both,1.0,0.0,0.5,against,1.0,329,0.082,0.069,1.12,22.6,0.21,21.8,151.0,4.1,197,0.061,-0.121,0.79,-23.8,-0.48,44.7,-501.0,-8.0,
A_candle5,5,candle,atr,0.1,10.0,both,1.0,0.0,0.5,against,2.0,329,0.119,0.155,1.22,51.1,0.42,26.6,710.0,9.2,197,0.076,-0.166,0.77,-32.7,-0.59,56.6,-678.0,-10.9,
A_candle5,5,candle,atr,0.1,10.0,both,1.0,0.0,9.0,,,667,0.184,0.316,1.35,210.5,1.03,34.3,2580.0,37.7,390,0.174,0.267,1.31,104.0,0.95,44.6,2900.0,34.7,
A_candle5,5,candle,atr,0.1,10.0,both,1.0,0.0,9.0,,1.0,667,0.112,0.286,1.5,190.5,1.09,25.4,2177.0,34.2,390,0.09,0.122,1.23,47.7,0.56,35.6,1574.0,15.9,
A_candle5,5,candle,atr,0.1,10.0,both,1.0,0.0,9.0,,2.0,667,0.139,0.317,1.44,211.3,1.12,34.3,2977.0,37.9,390,0.123,0.18,1.26,70.2,0.73,39.9,2198.0,23.5,
A_candle5,5,candle,atr,0.1,10.0,both,1.0,0.0,9.0,with,,321,0.199,0.398,1.44,127.7,0.88,28.5,1768.0,22.9,193,0.202,0.503,1.61,97.2,1.17,24.4,2652.0,32.5,
A_candle5,5,candle,atr,0.1,10.0,both,1.0,0.0,9.0,with,1.0,321,0.14,0.465,1.79,149.3,1.13,25.4,1926.0,26.8,193,0.119,0.37,1.74,71.5,1.03,15.9,2076.0,23.9,
A_candle5,5,candle,atr,0.1,10.0,both,1.0,0.0,9.0,with,2.0,321,0.159,0.445,1.62,142.7,1.02,32.4,2173.0,25.6,193,0.171,0.533,1.81,102.9,1.3,16.5,2876.0,34.4,
A_candle5,5,candle,atr,0.1,10.0,both,1.0,0.0,9.0,against,,346,0.171,0.239,1.26,82.8,0.57,25.5,812.0,14.9,197,0.147,0.034,1.04,6.8,0.1,43.4,248.0,2.3,
A_candle5,5,candle,atr,0.1,10.0,both,1.0,0.0,9.0,against,1.0,346,0.087,0.119,1.21,41.2,0.36,25.5,250.0,7.4,197,0.061,-0.121,0.79,-23.8,-0.48,44.7,-501.0,-8.0,
A_candle5,5,candle,atr,0.1,10.0,both,1.0,0.0,9.0,against,2.0,346,0.121,0.198,1.28,68.6,0.53,20.8,804.0,12.3,197,0.076,-0.166,0.77,-32.7,-0.59,56.6,-678.0,-10.9,
A_candle5,5,candle,atr,0.1,10.0,both,1.0,0.1,0.3,,,483,0.186,0.244,1.27,117.9,0.71,44.2,1733.0,21.1,332,0.175,0.213,1.25,70.8,0.73,34.7,1927.0,23.7,
A_candle5,5,candle,atr,0.1,10.0,both,1.0,0.1,0.3,,1.0,483,0.114,0.253,1.45,122.1,0.86,25.7,1695.0,21.9,332,0.09,0.112,1.21,37.3,0.48,33.4,1163.0,12.5,
A_candle5,5,candle,atr,0.1,10.0,both,1.0,0.1,0.3,,2.0,483,0.139,0.267,1.37,129.0,0.83,36.9,2203.0,23.1,332,0.127,0.18,1.27,59.9,0.68,34.6,1768.0,20.0,
A_candle5,5,candle,atr,0.1,10.0,both,1.0,0.1,0.3,with,,237,0.19,0.215,1.24,51.0,0.45,31.9,974.0,9.1,166,0.205,0.493,1.6,81.9,1.07,17.1,2185.0,27.4,
A_candle5,5,candle,atr,0.1,10.0,both,1.0,0.1,0.3,with,1.0,237,0.131,0.331,1.57,78.4,0.76,24.6,1265.0,14.1,166,0.12,0.409,1.85,67.8,1.04,12.0,1911.0,22.7,
A_candle5,5,candle,atr,0.1,10.0,both,1.0,0.1,0.3,with,2.0,237,0.143,0.272,1.37,64.4,0.59,31.6,1286.0,11.6,166,0.175,0.562,1.89,93.2,1.27,15.5,2560.0,31.2,
A_candle5,5,candle,atr,0.1,10.0,both,1.0,0.1,0.3,against,,246,0.183,0.272,1.3,66.9,0.55,35.3,759.0,12.0,166,0.145,-0.067,0.93,-11.1,-0.18,50.2,-258.0,-3.7,
A_candle5,5,candle,atr,0.1,10.0,both,1.0,0.1,0.3,against,1.0,246,0.098,0.177,1.32,43.7,0.45,18.5,429.0,7.8,166,0.06,-0.184,0.69,-30.5,-0.71,44.5,-748.0,-10.2,
A_candle5,5,candle,atr,0.1,10.0,both,1.0,0.1,0.3,against,2.0,246,0.134,0.262,1.38,64.5,0.59,23.9,917.0,11.6,166,0.078,-0.201,0.72,-33.4,-0.68,50.2,-792.0,-11.2,
A_candle5,5,candle,atr,0.1,10.0,both,1.0,0.1,0.5,,,642,0.182,0.282,1.31,181.1,0.92,43.2,2424.0,32.5,389,0.175,0.27,1.31,105.0,0.96,43.5,2920.0,35.1,
A_candle5,5,candle,atr,0.1,10.0,both,1.0,0.1,0.5,,1.0,642,0.109,0.256,1.45,164.1,0.98,24.7,2020.0,29.4,389,0.09,0.123,1.23,47.7,0.56,35.6,1575.0,16.0,
A_candle5,5,candle,atr,0.1,10.0,both,1.0,0.1,0.5,,2.0,642,0.137,0.29,1.4,185.9,1.01,39.2,2826.0,33.3,389,0.123,0.183,1.27,71.3,0.74,38.8,2218.0,23.8,
A_candle5,5,candle,atr,0.1,10.0,both,1.0,0.1,0.5,with,,313,0.198,0.392,1.43,122.8,0.86,27.3,1750.0,22.0,193,0.202,0.503,1.61,97.2,1.17,24.4,2652.0,32.5,
A_candle5,5,candle,atr,0.1,10.0,both,1.0,0.1,0.5,with,1.0,313,0.137,0.452,1.76,141.5,1.09,24.2,1869.0,25.4,193,0.119,0.37,1.74,71.5,1.03,15.9,2076.0,23.9,
A_candle5,5,candle,atr,0.1,10.0,both,1.0,0.1,0.5,with,2.0,313,0.157,0.431,1.59,134.8,0.98,31.2,2116.0,24.2,193,0.171,0.533,1.81,102.9,1.3,16.5,2876.0,34.4,
A_candle5,5,candle,atr,0.1,10.0,both,1.0,0.1,0.5,against,,329,0.167,0.177,1.19,58.3,0.43,38.8,674.0,10.5,196,0.148,0.04,1.05,7.8,0.11,42.3,268.0,2.6,
A_candle5,5,candle,atr,0.1,10.0,both,1.0,0.1,0.5,against,1.0,329,0.082,0.069,1.12,22.6,0.21,21.8,151.0,4.1,196,0.061,-0.121,0.79,-23.8,-0.47,44.6,-500.0,-7.9,
A_candle5,5,candle,atr,0.1,10.0,both,1.0,0.1,0.5,against,2.0,329,0.119,0.155,1.22,51.1,0.42,26.6,710.0,9.2,196,0.077,-0.161,0.77,-31.6,-0.57,55.6,-658.0,-10.6,
A_candle5,5,candle,atr,0.1,10.0,both,1.0,0.1,9.0,,,664,0.185,0.322,1.35,213.8,1.04,33.3,2620.0,38.3,389,0.175,0.27,1.31,105.0,0.96,43.5,2920.0,35.1,
A_candle5,5,candle,atr,0.1,10.0,both,1.0,0.1,9.0,,1.0,664,0.113,0.29,1.51,192.8,1.11,25.4,2209.0,34.6,389,0.09,0.123,1.23,47.7,0.56,35.6,1575.0,16.0,
A_candle5,5,candle,atr,0.1,10.0,both,1.0,0.1,9.0,,2.0,664,0.14,0.322,1.45,213.6,1.13,33.1,3010.0,38.3,389,0.123,0.183,1.27,71.3,0.74,38.8,2218.0,23.8,
A_candle5,5,candle,atr,0.1,10.0,both,1.0,0.1,9.0,with,,318,0.201,0.412,1.46,131.0,0.9,28.5,1808.0,23.5,193,0.202,0.503,1.61,97.2,1.17,24.4,2652.0,32.5,
A_candle5,5,candle,atr,0.1,10.0,both,1.0,0.1,9.0,with,1.0,318,0.142,0.477,1.81,151.7,1.15,25.4,1959.0,27.2,193,0.119,0.37,1.74,71.5,1.03,15.9,2076.0,23.9,
A_candle5,5,candle,atr,0.1,10.0,both,1.0,0.1,9.0,with,2.0,318,0.16,0.456,1.63,145.0,1.04,32.4,2206.0,26.0,193,0.171,0.533,1.81,102.9,1.3,16.5,2876.0,34.4,
A_candle5,5,candle,atr,0.1,10.0,both,1.0,0.1,9.0,against,,346,0.171,0.239,1.26,82.8,0.57,25.5,812.0,14.9,196,0.148,0.04,1.05,7.8,0.11,42.3,268.0,2.6,
A_candle5,5,candle,atr,0.1,10.0,both,1.0,0.1,9.0,against,1.0,346,0.087,0.119,1.21,41.2,0.36,25.5,250.0,7.4,196,0.061,-0.121,0.79,-23.8,-0.47,44.6,-500.0,-7.9,
A_candle5,5,candle,atr,0.1,10.0,both,1.0,0.1,9.0,against,2.0,346,0.121,0.198,1.28,68.6,0.53,20.8,804.0,12.3,196,0.077,-0.161,0.77,-31.6,-0.57,55.6,-658.0,-10.6,
A_candle5,5,candle,atr,0.1,10.0,both,1.0,0.2,0.3,,,282,0.199,0.406,1.45,114.4,0.84,20.4,1072.0,20.5,183,0.169,0.189,1.22,34.5,0.47,40.7,922.0,11.5,
A_candle5,5,candle,atr,0.1,10.0,both,1.0,0.2,0.3,,1.0,282,0.128,0.388,1.72,109.4,0.94,14.2,1317.0,19.6,183,0.077,0.015,1.03,2.7,0.05,33.2,104.0,0.9,
A_candle5,5,candle,atr,0.1,10.0,both,1.0,0.2,0.3,,2.0,282,0.145,0.4,1.59,112.8,0.9,14.9,1262.0,20.2,183,0.12,0.112,1.16,20.6,0.32,26.7,615.0,6.9,
A_candle5,5,candle,atr,0.1,10.0,both,1.0,0.2,0.3,with,,144,0.188,0.256,1.28,36.8,0.4,19.0,295.0,6.6,96,0.198,0.553,1.66,53.1,0.87,18.2,1357.0,17.8,
A_candle5,5,candle,atr,0.1,10.0,both,1.0,0.2,0.3,with,1.0,144,0.132,0.399,1.71,57.4,0.69,15.3,712.0,10.3,96,0.104,0.331,1.62,31.8,0.62,14.3,849.0,10.6,
A_candle5,5,candle,atr,0.1,10.0,both,1.0,0.2,0.3,with,2.0,144,0.146,0.376,1.54,54.2,0.61,17.4,601.0,9.7,96,0.177,0.6,1.91,57.6,1.0,10.8,1564.0,19.3,
A_candle5,5,candle,atr,0.1,10.0,both,1.0,0.2,0.3,against,,138,0.21,0.562,1.64,77.6,0.76,16.5,776.0,13.9,87,0.138,-0.214,0.76,-18.6,-0.46,37.5,-435.0,-6.2,
A_candle5,5,candle,atr,0.1,10.0,both,1.0,0.2,0.3,against,1.0,138,0.123,0.377,1.73,52.0,0.64,10.9,605.0,9.3,87,0.046,-0.334,0.48,-29.1,-1.02,33.8,-746.0,-9.7,
A_candle5,5,candle,atr,0.1,10.0,both,1.0,0.2,0.3,against,2.0,138,0.145,0.425,1.64,58.7,0.65,14.9,661.0,10.5,87,0.057,-0.426,0.44,-37.1,-1.27,40.6,-949.0,-12.4,
A_candle5,5,candle,atr,0.1,10.0,both,1.0,0.2,0.5,,,441,0.188,0.403,1.44,177.6,1.02,23.9,1763.0,31.8,240,0.171,0.286,1.33,68.7,0.78,40.4,1915.0,23.0,
A_candle5,5,candle,atr,0.1,10.0,both,1.0,0.2,0.5,,1.0,441,0.116,0.343,1.62,151.5,1.04,14.8,1642.0,27.2,240,0.079,0.055,1.1,13.2,0.19,42.3,516.0,4.4,
A_candle5,5,candle,atr,0.1,10.0,both,1.0,0.2,0.5,,2.0,441,0.141,0.385,1.55,169.8,1.06,20.8,1886.0,30.4,240,0.117,0.133,1.19,32.0,0.42,36.9,1066.0,10.7,
A_candle5,5,candle,atr,0.1,10.0,both,1.0,0.2,0.5,with,,220,0.2,0.494,1.55,108.6,0.86,17.0,1071.0,19.5,123,0.195,0.556,1.66,68.4,0.99,25.1,1824.0,22.9,
A_candle5,5,candle,atr,0.1,10.0,both,1.0,0.2,0.5,with,1.0,220,0.141,0.548,1.94,120.5,1.05,13.8,1315.0,21.6,123,0.106,0.289,1.52,35.5,0.63,18.3,1014.0,11.9,
A_candle5,5,candle,atr,0.1,10.0,both,1.0,0.2,0.5,with,2.0,220,0.164,0.566,1.8,124.6,1.03,17.0,1431.0,22.3,123,0.171,0.547,1.8,67.3,1.04,18.1,1881.0,22.5,
A_candle5,5,candle,atr,0.1,10.0,both,1.0,0.2,0.5,against,,221,0.176,0.312,1.34,69.0,0.58,19.2,691.0,12.4,117,0.145,0.003,1.0,0.3,0.01,25.0,91.0,0.1,
A_candle5,5,candle,atr,0.1,10.0,both,1.0,0.2,0.5,against,1.0,221,0.09,0.14,1.26,30.9,0.34,14.8,327.0,5.5,117,0.051,-0.191,0.68,-22.3,-0.58,34.8,-498.0,-7.5,
A_candle5,5,candle,atr,0.1,10.0,both,1.0,0.2,0.5,against,2.0,221,0.118,0.205,1.3,45.2,0.44,16.0,455.0,8.1,117,0.06,-0.302,0.58,-35.3,-0.91,46.7,-815.0,-11.8,
A_candle5,5,candle,atr,0.1,10.0,both,1.0,0.2,9.0,,,463,0.192,0.454,1.5,210.3,1.16,20.2,1959.0,37.7,240,0.171,0.286,1.33,68.7,0.78,40.4,1915.0,23.0,
A_candle5,5,candle,atr,0.1,10.0,both,1.0,0.2,9.0,,1.0,463,0.121,0.389,1.7,180.2,1.18,15.9,1831.0,32.3,240,0.079,0.055,1.1,13.2,0.19,42.3,516.0,4.4,
A_candle5,5,candle,atr,0.1,10.0,both,1.0,0.2,9.0,,2.0,463,0.145,0.427,1.62,197.5,1.19,16.9,2069.0,35.4,240,0.117,0.133,1.19,32.0,0.42,36.9,1066.0,10.7,
A_candle5,5,candle,atr,0.1,10.0,both,1.0,0.2,9.0,with,,225,0.204,0.519,1.58,116.8,0.91,17.0,1129.0,20.9,123,0.195,0.556,1.66,68.4,0.99,25.1,1824.0,22.9,
A_candle5,5,candle,atr,0.1,10.0,both,1.0,0.2,9.0,with,1.0,225,0.147,0.581,2.0,130.7,1.12,15.0,1405.0,23.4,123,0.106,0.289,1.52,35.5,0.63,18.3,1014.0,11.9,
A_candle5,5,candle,atr,0.1,10.0,both,1.0,0.2,9.0,with,2.0,225,0.169,0.599,1.86,134.7,1.09,18.2,1521.0,24.2,123,0.171,0.547,1.8,67.3,1.04,18.1,1881.0,22.5,
A_candle5,5,candle,atr,0.1,10.0,both,1.0,0.2,9.0,against,,238,0.181,0.393,1.43,93.5,0.73,22.8,829.0,16.8,117,0.145,0.003,1.0,0.3,0.01,25.0,91.0,0.1,
A_candle5,5,candle,atr,0.1,10.0,both,1.0,0.2,9.0,against,1.0,238,0.097,0.208,1.39,49.5,0.5,19.4,426.0,8.9,117,0.051,-0.191,0.68,-22.3,-0.58,34.8,-498.0,-7.5,
A_candle5,5,candle,atr,0.1,10.0,both,1.0,0.2,9.0,against,2.0,238,0.122,0.264,1.38,62.8,0.56,17.8,549.0,11.3,117,0.06,-0.302,0.58,-35.3,-0.91,46.7,-815.0,-11.8,
A_candle5,5,candle,atr,0.1,10.0,both,1.25,0.0,0.3,,,126,0.222,0.468,1.53,59.0,0.65,21.2,535.0,10.6,66,0.121,0.012,1.01,0.8,0.02,36.1,-54.0,0.3,
A_candle5,5,candle,atr,0.1,10.0,both,1.25,0.0,0.3,,1.0,126,0.103,0.153,1.27,19.3,0.28,18.5,53.0,3.5,66,0.076,-0.163,0.77,-10.8,-0.32,28.4,-301.0,-3.6,
A_candle5,5,candle,atr,0.1,10.0,both,1.25,0.0,0.3,,2.0,126,0.143,0.317,1.47,40.0,0.5,19.9,456.0,7.2,66,0.091,-0.102,0.87,-6.8,-0.18,31.4,-224.0,-2.3,
A_candle5,5,candle,atr,0.1,10.0,both,1.25,0.0,0.3,with,,60,0.25,0.463,1.54,27.8,0.46,16.6,267.0,5.0,35,0.143,0.319,1.36,11.1,0.31,21.8,175.0,3.7,
A_candle5,5,candle,atr,0.1,10.0,both,1.25,0.0,0.3,with,1.0,60,0.133,0.333,1.6,20.0,0.4,11.0,187.0,3.6,35,0.114,0.261,1.39,9.1,0.29,15.8,176.0,3.1,
A_candle5,5,candle,atr,0.1,10.0,both,1.25,0.0,0.3,with,2.0,60,0.15,0.4,1.61,24.0,0.43,14.0,258.0,4.3,35,0.114,0.204,1.28,7.1,0.23,16.8,131.0,2.4,
A_candle5,5,candle,atr,0.1,10.0,both,1.25,0.0,0.3,against,,66,0.197,0.473,1.53,31.2,0.46,11.9,269.0,5.6,31,0.097,-0.334,0.65,-10.3,-0.45,23.0,-229.0,-3.5,
A_candle5,5,candle,atr,0.1,10.0,both,1.25,0.0,0.3,against,1.0,66,0.076,-0.011,0.98,-0.7,-0.02,18.0,-135.0,-0.1,31,0.032,-0.642,0.15,-19.9,-1.92,20.2,-477.0,-6.7,
A_candle5,5,candle,atr,0.1,10.0,both,1.25,0.0,0.3,against,2.0,66,0.136,0.243,1.34,16.0,0.28,13.1,198.0,2.9,31,0.065,-0.448,0.49,-13.9,-0.67,21.0,-354.0,-4.6,
A_candle5,5,candle,atr,0.1,10.0,both,1.25,0.0,0.5,,,230,0.2,0.482,1.53,110.9,0.86,25.4,1173.0,19.9,99,0.172,0.502,1.58,49.7,0.79,26.8,1249.0,16.6,
A_candle5,5,candle,atr,0.1,10.0,both,1.25,0.0,0.5,,1.0,230,0.1,0.242,1.43,55.6,0.55,21.3,433.0,10.0,99,0.101,0.138,1.22,13.7,0.29,22.7,480.0,4.6,
A_candle5,5,candle,atr,0.1,10.0,both,1.25,0.0,0.5,,2.0,230,0.139,0.383,1.55,88.1,0.76,20.8,1062.0,15.8,99,0.121,0.249,1.34,24.7,0.46,26.7,735.0,8.2,
A_candle5,5,candle,atr,0.1,10.0,both,1.25,0.0,0.5,with,,111,0.225,0.631,1.71,70.0,0.74,24.6,808.0,12.6,51,0.196,0.743,1.89,37.9,0.78,21.2,927.0,12.7,
A_candle5,5,candle,atr,0.1,10.0,both,1.25,0.0,0.5,with,1.0,111,0.135,0.51,1.86,56.6,0.7,16.7,589.0,10.2,51,0.137,0.418,1.67,21.3,0.55,16.1,552.0,7.1,
A_candle5,5,candle,atr,0.1,10.0,both,1.25,0.0,0.5,with,2.0,111,0.162,0.579,1.82,64.2,0.73,18.6,819.0,11.5,51,0.157,0.555,1.81,28.3,0.66,18.1,732.0,9.5,
A_candle5,5,candle,atr,0.1,10.0,both,1.25,0.0,0.5,against,,119,0.176,0.344,1.37,40.9,0.47,12.6,365.0,7.3,48,0.146,0.247,1.28,11.8,0.3,14.6,322.0,4.0,
A_candle5,5,candle,atr,0.1,10.0,both,1.25,0.0,0.5,against,1.0,119,0.067,-0.008,0.98,-1.0,-0.02,28.3,-157.0,-0.2,48,0.062,-0.159,0.75,-7.6,-0.28,15.7,-71.0,-2.6,
A_candle5,5,candle,atr,0.1,10.0,both,1.25,0.0,0.5,against,2.0,119,0.118,0.2,1.29,23.8,0.32,14.0,243.0,4.3,48,0.083,-0.076,0.9,-3.6,-0.11,18.6,2.0,-1.2,
A_candle5,5,candle,atr,0.1,10.0,both,1.25,0.0,9.0,,,251,0.207,0.577,1.64,144.7,1.04,27.9,1383.0,26.0,99,0.172,0.502,1.58,49.7,0.79,26.8,1249.0,16.6,
A_candle5,5,candle,atr,0.1,10.0,both,1.25,0.0,9.0,,1.0,251,0.112,0.336,1.6,84.4,0.76,23.6,623.0,15.1,99,0.101,0.138,1.22,13.7,0.29,22.7,480.0,4.6,
A_candle5,5,candle,atr,0.1,10.0,both,1.25,0.0,9.0,,2.0,251,0.147,0.462,1.67,115.9,0.92,22.8,1247.0,20.8,99,0.121,0.249,1.34,24.7,0.46,26.7,735.0,8.2,
A_candle5,5,candle,atr,0.1,10.0,both,1.25,0.0,9.0,with,,115,0.235,0.689,1.79,79.3,0.81,23.1,880.0,14.2,51,0.196,0.743,1.89,37.9,0.78,21.2,927.0,12.7,
A_candle5,5,candle,atr,0.1,10.0,both,1.25,0.0,9.0,with,1.0,115,0.148,0.582,2.0,66.9,0.79,17.8,680.0,12.0,51,0.137,0.418,1.67,21.3,0.55,16.1,552.0,7.1,
A_candle5,5,candle,atr,0.1,10.0,both,1.25,0.0,9.0,with,2.0,115,0.174,0.648,1.94,74.5,0.81,18.8,910.0,13.4,51,0.157,0.555,1.81,28.3,0.66,18.1,732.0,9.5,
A_candle5,5,candle,atr,0.1,10.0,both,1.25,0.0,9.0,against,,136,0.184,0.481,1.53,65.5,0.66,11.9,503.0,11.7,48,0.146,0.247,1.28,11.8,0.3,14.6,322.0,4.0,
A_candle5,5,candle,atr,0.1,10.0,both,1.25,0.0,9.0,against,1.0,136,0.081,0.129,1.23,17.5,0.24,35.4,-57.0,3.1,48,0.062,-0.159,0.75,-7.6,-0.28,15.7,-71.0,-2.6,
A_candle5,5,candle,atr,0.1,10.0,both,1.25,0.0,9.0,against,2.0,136,0.125,0.304,1.44,41.4,0.48,14.1,337.0,7.4,48,0.083,-0.076,0.9,-3.6,-0.11,18.6,2.0,-1.2,
A_candle5,5,candle,atr,0.1,10.0,both,1.25,0.1,0.3,,,126,0.222,0.468,1.53,59.0,0.65,21.2,535.0,10.6,66,0.121,0.012,1.01,0.8,0.02,36.1,-54.0,0.3,
A_candle5,5,candle,atr,0.1,10.0,both,1.25,0.1,0.3,,1.0,126,0.103,0.153,1.27,19.3,0.28,18.5,53.0,3.5,66,0.076,-0.163,0.77,-10.8,-0.32,28.4,-301.0,-3.6,
A_candle5,5,candle,atr,0.1,10.0,both,1.25,0.1,0.3,,2.0,126,0.143,0.317,1.47,40.0,0.5,19.9,456.0,7.2,66,0.091,-0.102,0.87,-6.8,-0.18,31.4,-224.0,-2.3,
A_candle5,5,candle,atr,0.1,10.0,both,1.25,0.1,0.3,with,,60,0.25,0.463,1.54,27.8,0.46,16.6,267.0,5.0,35,0.143,0.319,1.36,11.1,0.31,21.8,175.0,3.7,
A_candle5,5,candle,atr,0.1,10.0,both,1.25,0.1,0.3,with,1.0,60,0.133,0.333,1.6,20.0,0.4,11.0,187.0,3.6,35,0.114,0.261,1.39,9.1,0.29,15.8,176.0,3.1,
A_candle5,5,candle,atr,0.1,10.0,both,1.25,0.1,0.3,with,2.0,60,0.15,0.4,1.61,24.0,0.43,14.0,258.0,4.3,35,0.114,0.204,1.28,7.1,0.23,16.8,131.0,2.4,
A_candle5,5,candle,atr,0.1,10.0,both,1.25,0.1,0.3,against,,66,0.197,0.473,1.53,31.2,0.46,11.9,269.0,5.6,31,0.097,-0.334,0.65,-10.3,-0.45,23.0,-229.0,-3.5,
A_candle5,5,candle,atr,0.1,10.0,both,1.25,0.1,0.3,against,1.0,66,0.076,-0.011,0.98,-0.7,-0.02,18.0,-135.0,-0.1,31,0.032,-0.642,0.15,-19.9,-1.92,20.2,-477.0,-6.7,
A_candle5,5,candle,atr,0.1,10.0,both,1.25,0.1,0.3,against,2.0,66,0.136,0.243,1.34,16.0,0.28,13.1,198.0,2.9,31,0.065,-0.448,0.49,-13.9,-0.67,21.0,-354.0,-4.6,
A_candle5,5,candle,atr,0.1,10.0,both,1.25,0.1,0.5,,,230,0.2,0.482,1.53,110.9,0.86,25.4,1173.0,19.9,99,0.172,0.502,1.58,49.7,0.79,26.8,1249.0,16.6,
A_candle5,5,candle,atr,0.1,10.0,both,1.25,0.1,0.5,,1.0,230,0.1,0.242,1.43,55.6,0.55,21.3,433.0,10.0,99,0.101,0.138,1.22,13.7,0.29,22.7,480.0,4.6,
A_candle5,5,candle,atr,0.1,10.0,both,1.25,0.1,0.5,,2.0,230,0.139,0.383,1.55,88.1,0.76,20.8,1062.0,15.8,99,0.121,0.249,1.34,24.7,0.46,26.7,735.0,8.2,
A_candle5,5,candle,atr,0.1,10.0,both,1.25,0.1,0.5,with,,111,0.225,0.631,1.71,70.0,0.74,24.6,808.0,12.6,51,0.196,0.743,1.89,37.9,0.78,21.2,927.0,12.7,
A_candle5,5,candle,atr,0.1,10.0,both,1.25,0.1,0.5,with,1.0,111,0.135,0.51,1.86,56.6,0.7,16.7,589.0,10.2,51,0.137,0.418,1.67,21.3,0.55,16.1,552.0,7.1,
A_candle5,5,candle,atr,0.1,10.0,both,1.25,0.1,0.5,with,2.0,111,0.162,0.579,1.82,64.2,0.73,18.6,819.0,11.5,51,0.157,0.555,1.81,28.3,0.66,18.1,732.0,9.5,
A_candle5,5,candle,atr,0.1,10.0,both,1.25,0.1,0.5,against,,119,0.176,0.344,1.37,40.9,0.47,12.6,365.0,7.3,48,0.146,0.247,1.28,11.8,0.3,14.6,322.0,4.0,
A_candle5,5,candle,atr,0.1,10.0,both,1.25,0.1,0.5,against,1.0,119,0.067,-0.008,0.98,-1.0,-0.02,28.3,-157.0,-0.2,48,0.062,-0.159,0.75,-7.6,-0.28,15.7,-71.0,-2.6,
A_candle5,5,candle,atr,0.1,10.0,both,1.25,0.1,0.5,against,2.0,119,0.118,0.2,1.29,23.8,0.32,14.0,243.0,4.3,48,0.083,-0.076,0.9,-3.6,-0.11,18.6,2.0,-1.2,
A_candle5,5,candle,atr,0.1,10.0,both,1.25,0.1,9.0,,,251,0.207,0.577,1.64,144.7,1.04,27.9,1383.0,26.0,99,0.172,0.502,1.58,49.7,0.79,26.8,1249.0,16.6,
A_candle5,5,candle,atr,0.1,10.0,both,1.25,0.1,9.0,,1.0,251,0.112,0.336,1.6,84.4,0.76,23.6,623.0,15.1,99,0.101,0.138,1.22,13.7,0.29,22.7,480.0,4.6,
A_candle5,5,candle,atr,0.1,10.0,both,1.25,0.1,9.0,,2.0,251,0.147,0.462,1.67,115.9,0.92,22.8,1247.0,20.8,99,0.121,0.249,1.34,24.7,0.46,26.7,735.0,8.2,
A_candle5,5,candle,atr,0.1,10.0,both,1.25,0.1,9.0,with,,115,0.235,0.689,1.79,79.3,0.81,23.1,880.0,14.2,51,0.196,0.743,1.89,37.9,0.78,21.2,927.0,12.7,
A_candle5,5,candle,atr,0.1,10.0,both,1.25,0.1,9.0,with,1.0,115,0.148,0.582,2.0,66.9,0.79,17.8,680.0,12.0,51,0.137,0.418,1.67,21.3,0.55,16.1,552.0,7.1,
A_candle5,5,candle,atr,0.1,10.0,both,1.25,0.1,9.0,with,2.0,115,0.174,0.648,1.94,74.5,0.81,18.8,910.0,13.4,51,0.157,0.555,1.81,28.3,0.66,18.1,732.0,9.5,
A_candle5,5,candle,atr,0.1,10.0,both,1.25,0.1,9.0,against,,136,0.184,0.481,1.53,65.5,0.66,11.9,503.0,11.7,48,0.146,0.247,1.28,11.8,0.3,14.6,322.0,4.0,
A_candle5,5,candle,atr,0.1,10.0,both,1.25,0.1,9.0,against,1.0,136,0.081,0.129,1.23,17.5,0.24,35.4,-57.0,3.1,48,0.062,-0.159,0.75,-7.6,-0.28,15.7,-71.0,-2.6,
A_candle5,5,candle,atr,0.1,10.0,both,1.25,0.1,9.0,against,2.0,136,0.125,0.304,1.44,41.4,0.48,14.1,337.0,7.4,48,0.083,-0.076,0.9,-3.6,-0.11,18.6,2.0,-1.2,
A_candle5,5,candle,atr,0.1,10.0,both,1.25,0.2,0.3,,,84,0.238,0.712,1.82,59.8,0.73,15.1,433.0,10.7,48,0.125,0.104,1.11,5.0,0.13,29.2,145.0,1.7,
A_candle5,5,candle,atr,0.1,10.0,both,1.25,0.2,0.3,,1.0,84,0.131,0.327,1.57,27.5,0.45,13.8,99.0,4.9,48,0.083,-0.032,0.96,-1.5,-0.05,24.3,-7.0,-0.5,
A_candle5,5,candle,atr,0.1,10.0,both,1.25,0.2,0.3,,2.0,84,0.167,0.562,1.85,47.2,0.65,15.8,367.0,8.5,48,0.083,-0.095,0.88,-4.5,-0.14,26.3,-71.0,-1.5,
A_candle5,5,candle,atr,0.1,10.0,both,1.25,0.2,0.3,with,,41,0.244,0.591,1.69,24.2,0.45,11.6,128.0,4.3,24,0.167,0.794,1.92,19.1,0.53,17.6,415.0,6.4,
A_candle5,5,candle,atr,0.1,10.0,both,1.25,0.2,0.3,with,1.0,41,0.171,0.605,2.08,24.8,0.52,8.0,120.0,4.5,24,0.125,0.586,1.89,14.1,0.45,13.6,347.0,4.7,
A_candle5,5,candle,atr,0.1,10.0,both,1.25,0.2,0.3,with,2.0,41,0.195,0.776,2.23,31.8,0.59,10.0,213.0,5.7,24,0.125,0.544,1.78,13.1,0.42,14.6,324.0,4.4,
A_candle5,5,candle,atr,0.1,10.0,both,1.25,0.2,0.3,against,,43,0.233,0.827,1.96,35.5,0.58,7.2,305.0,6.4,24,0.083,-0.586,0.39,-14.1,-0.99,19.9,-270.0,-4.7,
A_candle5,5,candle,atr,0.1,10.0,both,1.25,0.2,0.3,against,1.0,43,0.093,0.062,1.11,2.7,0.07,10.3,-21.0,0.5,24,0.042,-0.65,0.18,-15.6,-1.61,15.9,-354.0,-5.2,
A_candle5,5,candle,atr,0.1,10.0,both,1.25,0.2,0.3,against,2.0,43,0.14,0.357,1.52,15.4,0.31,9.4,155.0,2.8,24,0.042,-0.734,0.16,-17.6,-1.75,17.9,-395.0,-5.9,
A_candle5,5,candle,atr,0.1,10.0,both,1.25,0.2,0.5,,,188,0.202,0.594,1.66,111.7,0.91,21.8,1070.0,20.0,81,0.185,0.666,1.78,53.9,0.91,20.2,1448.0,18.0,
A_candle5,5,candle,atr,0.1,10.0,both,1.25,0.2,0.5,,1.0,188,0.112,0.339,1.6,63.8,0.66,16.8,479.0,11.4,81,0.111,0.282,1.45,22.9,0.49,16.5,774.0,7.6,
A_candle5,5,candle,atr,0.1,10.0,both,1.25,0.2,0.5,,2.0,188,0.149,0.507,1.73,95.3,0.86,18.6,973.0,17.1,81,0.123,0.332,1.47,26.9,0.53,20.5,887.0,9.0,
A_candle5,5,candle,atr,0.1,10.0,both,1.25,0.2,0.5,with,,92,0.217,0.723,1.81,66.5,0.73,18.9,669.0,11.9,40,0.225,1.146,2.42,45.8,0.96,14.9,1167.0,15.3,
A_candle5,5,candle,atr,0.1,10.0,both,1.25,0.2,0.5,with,1.0,92,0.152,0.668,2.11,61.5,0.77,13.8,522.0,11.0,40,0.15,0.655,2.07,26.2,0.68,14.3,723.0,8.8,
A_candle5,5,candle,atr,0.1,10.0,both,1.25,0.2,0.5,with,2.0,92,0.185,0.783,2.11,72.1,0.83,15.1,774.0,12.9,40,0.175,0.855,2.3,34.2,0.81,16.3,926.0,11.4,
A_candle5,5,candle,atr,0.1,10.0,both,1.25,0.2,0.5,against,,96,0.188,0.471,1.52,45.3,0.55,10.0,401.0,8.1,41,0.146,0.198,1.22,8.1,0.23,12.5,281.0,2.7,
A_candle5,5,candle,atr,0.1,10.0,both,1.25,0.2,0.5,against,1.0,96,0.073,0.024,1.05,2.3,0.04,20.6,-43.0,0.4,41,0.073,-0.081,0.87,-3.3,-0.12,11.8,51.0,-1.1,
A_candle5,5,candle,atr,0.1,10.0,both,1.25,0.2,0.5,against,2.0,96,0.115,0.241,1.35,23.2,0.33,10.6,199.0,4.2,41,0.073,-0.179,0.76,-7.3,-0.27,15.4,-39.0,-2.5,
A_candle5,5,candle,atr,0.1,10.0,both,1.25,0.2,9.0,,,209,0.211,0.696,1.78,145.5,1.09,24.2,1280.0,26.1,81,0.185,0.666,1.78,53.9,0.91,20.2,1448.0,18.0,
A_candle5,5,candle,atr,0.1,10.0,both,1.25,0.2,9.0,,1.0,209,0.124,0.443,1.79,92.6,0.86,19.3,669.0,16.6,81,0.111,0.282,1.45,22.9,0.49,16.5,774.0,7.6,
A_candle5,5,candle,atr,0.1,10.0,both,1.25,0.2,9.0,,2.0,209,0.158,0.589,1.86,123.1,1.02,20.8,1158.0,22.1,81,0.123,0.332,1.47,26.9,0.53,20.5,887.0,9.0,
A_candle5,5,candle,atr,0.1,10.0,both,1.25,0.2,9.0,with,,96,0.229,0.789,1.9,75.8,0.81,19.2,741.0,13.6,40,0.225,1.146,2.42,45.8,0.96,14.9,1167.0,15.3,
A_candle5,5,candle,atr,0.1,10.0,both,1.25,0.2,9.0,with,1.0,96,0.167,0.747,2.27,71.7,0.86,15.0,613.0,12.9,40,0.15,0.655,2.07,26.2,0.68,14.3,723.0,8.8,
A_candle5,5,candle,atr,0.1,10.0,both,1.25,0.2,9.0,with,2.0,96,0.198,0.858,2.25,82.3,0.91,15.0,865.0,14.8,40,0.175,0.855,2.3,34.2,0.81,16.3,926.0,11.4,
A_candle5,5,candle,atr,0.1,10.0,both,1.25,0.2,9.0,against,,113,0.195,0.618,1.68,69.8,0.73,11.6,539.0,12.5,41,0.146,0.198,1.22,8.1,0.23,12.5,281.0,2.7,
A_candle5,5,candle,atr,0.1,10.0,both,1.25,0.2,9.0,against,1.0,113,0.088,0.185,1.34,20.9,0.31,27.6,56.0,3.7,41,0.073,-0.081,0.87,-3.3,-0.12,11.8,51.0,-1.1,
A_candle5,5,candle,atr,0.1,10.0,both,1.25,0.2,9.0,against,2.0,113,0.124,0.36,1.53,40.7,0.5,11.0,293.0,7.3,41,0.073,-0.179,0.76,-7.3,-0.27,15.4,-39.0,-2.5,
A_candle5,5,candle,atr,0.1,10.0,long,0.0,0.0,0.3,,,620,0.205,0.13,1.15,80.8,0.49,30.8,866.0,14.5,363,0.171,0.026,1.03,9.6,0.11,38.6,353.0,3.2,
A_candle5,5,candle,atr,0.1,10.0,long,0.0,0.0,0.3,,1.0,620,0.126,0.134,1.23,83.0,0.58,43.1,1113.0,14.9,363,0.072,-0.107,0.81,-38.9,-0.59,49.6,-1236.0,-13.0,
A_candle5,5,candle,atr,0.1,10.0,long,0.0,0.0,0.3,,2.0,620,0.153,0.111,1.15,68.7,0.45,50.9,1094.0,12.3,363,0.121,-0.016,0.98,-5.8,-0.07,51.0,-51.0,-1.9,
A_candle5,5,candle,atr,0.1,10.0,long,0.0,0.0,0.3,with,,377,0.223,0.157,1.18,59.0,0.48,26.7,1014.0,10.6,186,0.21,0.345,1.43,64.2,0.91,20.6,1867.0,21.5,
A_candle5,5,candle,atr,0.1,10.0,long,0.0,0.0,0.3,with,1.0,377,0.138,0.129,1.23,48.8,0.47,22.9,830.0,8.8,186,0.108,0.163,1.33,30.4,0.54,23.3,649.0,10.2,
A_candle5,5,candle,atr,0.1,10.0,long,0.0,0.0,0.3,with,2.0,377,0.167,0.105,1.14,39.4,0.35,23.3,861.0,7.1,186,0.188,0.431,1.65,80.1,1.16,23.1,2305.0,26.8,
A_candle5,5,candle,atr,0.1,10.0,long,0.0,0.0,0.3,against,,243,0.177,0.089,1.1,21.7,0.2,37.2,-149.0,3.9,177,0.13,-0.309,0.66,-54.6,-1.08,68.9,-1513.0,-18.3,
A_candle5,5,candle,atr,0.1,10.0,long,0.0,0.0,0.3,against,1.0,243,0.107,0.141,1.23,34.2,0.35,29.5,284.0,6.1,177,0.034,-0.391,0.35,-69.2,-2.06,69.2,-1885.0,-23.1,
A_candle5,5,candle,atr,0.1,10.0,long,0.0,0.0,0.3,against,2.0,243,0.132,0.12,1.16,29.3,0.28,39.4,233.0,5.3,177,0.051,-0.485,0.38,-85.9,-2.18,85.9,-2356.0,-28.7,
A_candle5,5,candle,atr,0.1,10.0,long,0.0,0.0,0.5,,,700,0.201,0.139,1.16,97.2,0.55,27.0,991.0,17.4,395,0.167,0.034,1.04,13.5,0.15,42.4,859.0,4.5,
A_candle5,5,candle,atr,0.1,10.0,long,0.0,0.0,0.5,,1.0,700,0.123,0.155,1.27,108.7,0.71,45.1,1354.0,19.5,395,0.073,-0.089,0.84,-35.2,-0.5,54.8,-825.0,-11.8,
A_candle5,5,candle,atr,0.1,10.0,long,0.0,0.0,0.5,,2.0,700,0.153,0.139,1.19,97.5,0.59,45.8,1382.0,17.5,395,0.119,-0.018,0.98,-7.1,-0.08,55.9,249.0,-2.4,
A_candle5,5,candle,atr,0.1,10.0,long,0.0,0.0,0.5,with,,410,0.222,0.175,1.2,71.9,0.55,26.8,1193.0,12.9,198,0.202,0.286,1.35,56.7,0.8,22.4,1698.0,18.9,
A_candle5,5,candle,atr,0.1,10.0,long,0.0,0.0,0.5,with,1.0,410,0.139,0.172,1.3,70.5,0.62,21.5,1036.0,12.6,198,0.106,0.125,1.24,24.8,0.44,24.4,522.0,8.3,
A_candle5,5,candle,atr,0.1,10.0,long,0.0,0.0,0.5,with,2.0,410,0.171,0.15,1.21,61.4,0.5,30.2,1109.0,11.0,198,0.182,0.371,1.55,73.5,1.06,23.1,2158.0,24.6,
A_candle5,5,candle,atr,0.1,10.0,long,0.0,0.0,0.5,against,,290,0.172,0.087,1.09,25.3,0.21,29.1,-202.0,4.5,197,0.132,-0.219,0.76,-43.1,-0.73,65.9,-839.0,-14.4,
A_candle5,5,candle,atr,0.1,10.0,long,0.0,0.0,0.5,against,1.0,290,0.1,0.132,1.23,38.2,0.37,31.4,318.0,6.9,197,0.041,-0.304,0.49,-60.0,-1.42,66.0,-1347.0,-20.0,
A_candle5,5,candle,atr,0.1,10.0,long,0.0,0.0,0.5,against,2.0,290,0.128,0.125,1.17,36.2,0.32,33.8,274.0,6.5,197,0.056,-0.409,0.47,-80.6,-1.72,85.3,-1909.0,-26.9,
A_candle5,5,candle,atr,0.1,10.0,long,0.0,0.0,9.0,,,719,0.204,0.185,1.21,133.3,0.72,27.0,1227.0,23.9,395,0.167,0.034,1.04,13.5,0.15,42.4,859.0,4.5,
A_candle5,5,candle,atr,0.1,10.0,long,0.0,0.0,9.0,,1.0,719,0.127,0.193,1.34,138.8,0.86,46.4,1551.0,24.9,395,0.073,-0.089,0.84,-35.2,-0.5,54.8,-825.0,-11.8,
A_candle5,5,candle,atr,0.1,10.0,long,0.0,0.0,9.0,,2.0,719,0.156,0.176,1.24,126.6,0.73,43.7,1574.0,22.7,395,0.119,-0.018,0.98,-7.1,-0.08,55.9,249.0,-2.4,
A_candle5,5,candle,atr,0.1,10.0,long,0.0,0.0,9.0,with,,412,0.226,0.203,1.24,83.4,0.63,26.8,1291.0,15.0,198,0.202,0.286,1.35,56.7,0.8,22.4,1698.0,18.9,
A_candle5,5,candle,atr,0.1,10.0,long,0.0,0.0,9.0,with,1.0,412,0.143,0.199,1.35,82.0,0.71,21.5,1134.0,14.7,198,0.106,0.125,1.24,24.8,0.44,24.4,522.0,8.3,
A_candle5,5,candle,atr,0.1,10.0,long,0.0,0.0,9.0,with,2.0,412,0.175,0.177,1.25,72.9,0.59,30.2,1207.0,13.1,198,0.182,0.371,1.55,73.5,1.06,23.1,2158.0,24.6,
A_candle5,5,candle,atr,0.1,10.0,long,0.0,0.0,9.0,against,,307,0.176,0.162,1.18,49.8,0.38,36.4,-64.0,8.9,197,0.132,-0.219,0.76,-43.1,-0.73,65.9,-839.0,-14.4,
A_candle5,5,candle,atr,0.1,10.0,long,0.0,0.0,9.0,against,1.0,307,0.104,0.185,1.32,56.8,0.51,32.1,417.0,10.2,197,0.041,-0.304,0.49,-60.0,-1.42,66.0,-1347.0,-20.0,
A_candle5,5,candle,atr,0.1,10.0,long,0.0,0.0,9.0,against,2.0,307,0.13,0.175,1.24,53.7,0.45,33.5,367.0,9.6,197,0.056,-0.409,0.47,-80.6,-1.72,85.3,-1909.0,-26.9,
A_candle5,5,candle,atr,0.1,10.0,long,0.0,0.1,0.3,,,586,0.201,0.129,1.15,75.8,0.47,25.3,768.0,13.6,342,0.173,0.053,1.06,18.2,0.21,36.5,499.0,6.1,
A_candle5,5,candle,atr,0.1,10.0,long,0.0,0.1,0.3,,1.0,586,0.119,0.127,1.22,74.6,0.54,40.3,955.0,13.4,342,0.07,-0.095,0.83,-32.5,-0.5,47.7,-1113.0,-10.9,
A_candle5,5,candle,atr,0.1,10.0,long,0.0,0.1,0.3,,2.0,586,0.148,0.11,1.15,64.3,0.43,47.4,1043.0,11.5,342,0.12,0.005,1.01,1.9,0.02,49.7,72.0,0.6,
A_candle5,5,candle,atr,0.1,10.0,long,0.0,0.1,0.3,with,,353,0.218,0.136,1.16,47.9,0.4,25.7,708.0,8.6,176,0.21,0.365,1.44,64.2,0.92,21.6,1778.0,21.4,
A_candle5,5,candle,atr,0.1,10.0,long,0.0,0.1,0.3,with,1.0,353,0.13,0.105,1.18,37.2,0.37,21.8,566.0,6.7,176,0.102,0.172,1.35,30.3,0.55,24.6,561.0,10.1,
A_candle5,5,candle,atr,0.1,10.0,long,0.0,0.1,0.3,with,2.0,353,0.161,0.084,1.11,29.8,0.27,22.2,618.0,5.3,176,0.188,0.455,1.68,80.1,1.17,22.0,2216.0,26.8,
A_candle5,5,candle,atr,0.1,10.0,long,0.0,0.1,0.3,against,,233,0.176,0.12,1.13,27.9,0.25,36.7,60.0,5.0,166,0.133,-0.277,0.69,-45.9,-0.92,60.5,-1279.0,-15.4,
A_candle5,5,candle,atr,0.1,10.0,long,0.0,0.1,0.3,against,1.0,233,0.103,0.161,1.27,37.4,0.39,30.0,389.0,6.7,166,0.036,-0.379,0.37,-62.8,-1.89,66.1,-1674.0,-21.0,
A_candle5,5,candle,atr,0.1,10.0,long,0.0,0.1,0.3,against,2.0,233,0.129,0.148,1.2,34.5,0.33,39.9,425.0,6.2,166,0.048,-0.471,0.39,-78.2,-2.01,78.2,-2145.0,-26.1,
A_candle5,5,candle,atr,0.1,10.0,long,0.0,0.1,0.5,,,666,0.198,0.139,1.16,92.3,0.53,27.0,893.0,16.5,374,0.168,0.059,1.07,22.2,0.24,36.8,1004.0,7.4,
A_candle5,5,candle,atr,0.1,10.0,long,0.0,0.1,0.5,,1.0,666,0.117,0.151,1.26,100.3,0.67,43.3,1196.0,18.0,374,0.072,-0.077,0.86,-28.8,-0.41,51.5,-702.0,-9.6,
A_candle5,5,candle,atr,0.1,10.0,long,0.0,0.1,0.5,,2.0,666,0.149,0.14,1.19,93.1,0.57,41.3,1331.0,16.7,374,0.118,0.001,1.0,0.5,0.01,51.3,371.0,0.2,
A_candle5,5,candle,atr,0.1,10.0,long,0.0,0.1,0.5,with,,386,0.218,0.158,1.18,60.8,0.48,26.5,887.0,10.9,188,0.202,0.301,1.36,56.6,0.8,23.6,1610.0,18.9,
A_candle5,5,candle,atr,0.1,10.0,long,0.0,0.1,0.5,with,1.0,386,0.132,0.153,1.27,58.9,0.54,21.5,772.0,10.6,188,0.101,0.132,1.26,24.8,0.44,25.7,433.0,8.3,
A_candle5,5,candle,atr,0.1,10.0,long,0.0,0.1,0.5,with,2.0,386,0.166,0.134,1.18,51.7,0.44,29.0,866.0,9.3,188,0.181,0.391,1.57,73.5,1.06,23.1,2069.0,24.6,
A_candle5,5,candle,atr,0.1,10.0,long,0.0,0.1,0.5,against,,280,0.171,0.112,1.12,31.5,0.26,27.1,6.0,5.6,186,0.134,-0.185,0.79,-34.5,-0.59,59.7,-605.0,-11.5,
A_candle5,5,candle,atr,0.1,10.0,long,0.0,0.1,0.5,against,1.0,280,0.096,0.148,1.26,41.4,0.4,31.9,423.0,7.4,186,0.043,-0.288,0.52,-53.6,-1.28,63.7,-1135.0,-17.9,
A_candle5,5,candle,atr,0.1,10.0,long,0.0,0.1,0.5,against,2.0,280,0.125,0.148,1.2,41.4,0.37,34.3,465.0,7.4,186,0.054,-0.392,0.49,-73.0,-1.56,79.7,-1698.0,-24.4,
A_candle5,5,candle,atr,0.1,10.0,long,0.0,0.1,9.0,,,685,0.201,0.187,1.21,128.3,0.7,27.0,1129.0,23.0,374,0.168,0.059,1.07,22.2,0.24,36.8,1004.0,7.4,
A_candle5,5,candle,atr,0.1,10.0,long,0.0,0.1,9.0,,1.0,685,0.121,0.19,1.33,130.3,0.83,44.5,1393.0,23.4,374,0.072,-0.077,0.86,-28.8,-0.41,51.5,-702.0,-9.6,
A_candle5,5,candle,atr,0.1,10.0,long,0.0,0.1,9.0,,2.0,685,0.152,0.178,1.25,122.1,0.72,41.8,1523.0,21.9,374,0.118,0.001,1.0,0.5,0.01,51.3,371.0,0.2,
A_candle5,5,candle,atr,0.1,10.0,long,0.0,0.1,9.0,with,,388,0.222,0.186,1.22,72.3,0.56,26.5,985.0,13.0,188,0.202,0.301,1.36,56.6,0.8,23.6,1610.0,18.9,
A_candle5,5,candle,atr,0.1,10.0,long,0.0,0.1,9.0,with,1.0,388,0.137,0.181,1.32,70.4,0.63,21.5,870.0,12.6,188,0.101,0.132,1.26,24.8,0.44,25.7,433.0,8.3,
A_candle5,5,candle,atr,0.1,10.0,long,0.0,0.1,9.0,with,2.0,388,0.17,0.163,1.23,63.2,0.53,29.0,964.0,11.3,188,0.181,0.391,1.57,73.5,1.06,23.1,2069.0,24.6,
A_candle5,5,candle,atr,0.1,10.0,long,0.0,0.1,9.0,against,,297,0.175,0.189,1.21,56.0,0.43,33.9,144.0,10.0,186,0.134,-0.185,0.79,-34.5,-0.59,59.7,-605.0,-11.5,
A_candle5,5,candle,atr,0.1,10.0,long,0.0,0.1,9.0,against,1.0,297,0.101,0.202,1.35,59.9,0.54,32.6,523.0,10.7,186,0.043,-0.288,0.52,-53.6,-1.28,63.7,-1135.0,-17.9,
A_candle5,5,candle,atr,0.1,10.0,long,0.0,0.1,9.0,against,2.0,297,0.128,0.198,1.28,58.9,0.49,34.0,559.0,10.6,186,0.054,-0.392,0.49,-73.0,-1.56,79.7,-1698.0,-24.4,
A_candle5,5,candle,atr,0.1,10.0,long,0.0,0.2,0.3,,,226,0.164,-0.0,1.0,-0.0,-0.0,37.1,-307.0,-0.0,135,0.17,0.086,1.1,11.6,0.2,37.8,428.0,3.9,
A_candle5,5,candle,atr,0.1,10.0,long,0.0,0.2,0.3,,1.0,226,0.097,0.128,1.23,28.9,0.32,34.0,355.0,5.2,135,0.059,-0.14,0.75,-18.9,-0.47,29.3,-513.0,-6.3,
A_candle5,5,candle,atr,0.1,10.0,long,0.0,0.2,0.3,,2.0,226,0.115,0.044,1.06,10.0,0.11,39.9,33.0,1.8,135,0.119,0.072,1.1,9.7,0.18,27.9,407.0,3.2,
A_candle5,5,candle,atr,0.1,10.0,long,0.0,0.2,0.3,with,,124,0.161,-0.16,0.83,-19.8,-0.3,29.1,-352.0,-3.6,70,0.186,0.232,1.27,16.2,0.38,28.3,536.0,5.4,
A_candle5,5,candle,atr,0.1,10.0,long,0.0,0.2,0.3,with,1.0,124,0.097,0.025,1.04,3.1,0.05,17.4,106.0,0.6,70,0.071,-0.064,0.88,-4.5,-0.15,17.3,-207.0,-1.5,
A_candle5,5,candle,atr,0.1,10.0,long,0.0,0.2,0.3,with,2.0,124,0.113,-0.109,0.86,-13.5,-0.22,26.8,-184.0,-2.4,70,0.171,0.353,1.51,24.7,0.59,23.3,767.0,8.3,
A_candle5,5,candle,atr,0.1,10.0,long,0.0,0.2,0.3,against,,102,0.167,0.194,1.21,19.8,0.25,26.1,45.0,3.6,65,0.154,-0.071,0.92,-4.6,-0.12,18.7,-107.0,-1.5,
A_candle5,5,candle,atr,0.1,10.0,long,0.0,0.2,0.3,against,1.0,102,0.098,0.253,1.47,25.8,0.38,21.6,249.0,4.6,65,0.046,-0.223,0.63,-14.5,-0.53,19.6,-306.0,-4.8,
A_candle5,5,candle,atr,0.1,10.0,long,0.0,0.2,0.3,against,2.0,102,0.118,0.23,1.33,23.5,0.32,22.9,217.0,4.2,65,0.062,-0.232,0.69,-15.1,-0.47,18.8,-360.0,-5.0,
A_candle5,5,candle,atr,0.1,10.0,long,0.0,0.2,0.5,,,306,0.167,0.054,1.06,16.4,0.13,47.2,-182.0,2.9,167,0.162,0.093,1.11,15.5,0.24,45.3,934.0,5.2,
A_candle5,5,candle,atr,0.1,10.0,long,0.0,0.2,0.5,,1.0,306,0.098,0.178,1.34,54.6,0.52,39.5,596.0,9.8,167,0.066,-0.091,0.84,-15.3,-0.31,39.1,-102.0,-5.1,
A_candle5,5,candle,atr,0.1,10.0,long,0.0,0.2,0.5,,2.0,306,0.124,0.127,1.18,38.8,0.34,40.3,320.0,7.0,167,0.114,0.05,1.07,8.4,0.14,41.4,706.0,2.8,
A_candle5,5,candle,atr,0.1,10.0,long,0.0,0.2,0.5,with,,157,0.172,-0.044,0.95,-6.9,-0.09,34.2,-173.0,-1.2,82,0.171,0.105,1.12,8.7,0.2,35.6,367.0,2.9,
A_candle5,5,candle,atr,0.1,10.0,long,0.0,0.2,0.5,with,1.0,157,0.108,0.158,1.28,24.8,0.34,21.6,312.0,4.5,82,0.073,-0.122,0.78,-10.0,-0.32,25.8,-334.0,-3.4,
A_candle5,5,candle,atr,0.1,10.0,long,0.0,0.2,0.5,with,2.0,157,0.134,0.054,1.07,8.4,0.11,30.0,64.0,1.5,82,0.159,0.222,1.31,18.2,0.42,30.6,620.0,6.1,
A_candle5,5,candle,atr,0.1,10.0,long,0.0,0.2,0.5,against,,149,0.161,0.157,1.17,23.4,0.25,21.1,-9.0,4.2,85,0.153,0.081,1.09,6.8,0.14,23.1,567.0,2.3,
A_candle5,5,candle,atr,0.1,10.0,long,0.0,0.2,0.5,against,1.0,149,0.087,0.2,1.39,29.8,0.39,21.2,283.0,5.3,85,0.059,-0.061,0.89,-5.2,-0.14,24.7,232.0,-1.7,
A_candle5,5,candle,atr,0.1,10.0,long,0.0,0.2,0.5,against,2.0,149,0.114,0.204,1.3,30.4,0.36,15.8,257.0,5.5,85,0.071,-0.115,0.85,-9.8,-0.24,27.3,86.0,-3.3,
A_candle5,5,candle,atr,0.1,10.0,long,0.0,0.2,9.0,,,325,0.175,0.161,1.17,52.5,0.39,30.7,54.0,9.4,167,0.162,0.093,1.11,15.5,0.24,45.3,934.0,5.2,
A_candle5,5,candle,atr,0.1,10.0,long,0.0,0.2,9.0,,1.0,325,0.108,0.26,1.49,84.6,0.73,34.8,793.0,15.2,167,0.066,-0.091,0.84,-15.3,-0.31,39.1,-102.0,-5.1,
A_candle5,5,candle,atr,0.1,10.0,long,0.0,0.2,9.0,,2.0,325,0.132,0.209,1.3,67.9,0.55,32.8,512.0,12.2,167,0.114,0.05,1.07,8.4,0.14,41.4,706.0,2.8,
A_candle5,5,candle,atr,0.1,10.0,long,0.0,0.2,9.0,with,,159,0.182,0.029,1.03,4.6,0.06,32.6,-75.0,0.8,82,0.171,0.105,1.12,8.7,0.2,35.6,367.0,2.9,
A_candle5,5,candle,atr,0.1,10.0,long,0.0,0.2,9.0,with,1.0,159,0.119,0.228,1.42,36.3,0.48,21.6,410.0,6.5,82,0.073,-0.122,0.78,-10.0,-0.32,25.8,-334.0,-3.4,
A_candle5,5,candle,atr,0.1,10.0,long,0.0,0.2,9.0,with,2.0,159,0.145,0.125,1.17,19.9,0.25,28.4,162.0,3.6,82,0.159,0.222,1.31,18.2,0.42,30.6,620.0,6.1,
A_candle5,5,candle,atr,0.1,10.0,long,0.0,0.2,9.0,against,,166,0.169,0.289,1.31,47.9,0.46,21.1,129.0,8.6,85,0.153,0.081,1.09,6.8,0.14,23.1,567.0,2.3,
A_candle5,5,candle,atr,0.1,10.0,long,0.0,0.2,9.0,against,1.0,166,0.096,0.291,1.56,48.3,0.55,18.7,383.0,8.7,85,0.059,-0.061,0.89,-5.2,-0.14,24.7,232.0,-1.7,
A_candle5,5,candle,atr,0.1,10.0,long,0.0,0.2,9.0,against,2.0,166,0.12,0.289,1.42,48.0,0.51,12.8,351.0,8.6,85,0.071,-0.115,0.85,-9.8,-0.24,27.3,86.0,-3.3,
A_candle5,5,candle,atr,0.1,10.0,long,1.0,0.0,0.3,,,236,0.195,0.175,1.2,41.3,0.38,23.6,331.0,7.4,165,0.127,-0.258,0.72,-42.5,-0.81,63.3,-1135.0,-14.2,
A_candle5,5,candle,atr,0.1,10.0,long,1.0,0.0,0.3,,1.0,236,0.114,0.194,1.34,45.8,0.49,18.4,392.0,8.2,165,0.048,-0.229,0.58,-37.8,-0.97,46.2,-980.0,-12.6,
A_candle5,5,candle,atr,0.1,10.0,long,1.0,0.0,0.3,,2.0,236,0.136,0.178,1.25,42.1,0.41,27.7,548.0,7.6,165,0.073,-0.271,0.63,-44.7,-0.98,65.1,-1114.0,-14.9,
A_candle5,5,candle,atr,0.1,10.0,long,1.0,0.0,0.3,with,,139,0.216,0.102,1.12,14.2,0.19,21.7,225.0,2.5,83,0.145,-0.087,0.9,-7.2,-0.17,30.2,-148.0,-2.4,
A_candle5,5,candle,atr,0.1,10.0,long,1.0,0.0,0.3,with,1.0,139,0.122,0.128,1.23,17.8,0.28,15.9,218.0,3.2,83,0.072,-0.031,0.94,-2.6,-0.08,15.7,-98.0,-0.9,
A_candle5,5,candle,atr,0.1,10.0,long,1.0,0.0,0.3,with,2.0,139,0.137,0.026,1.04,3.6,0.05,20.4,221.0,0.6,83,0.12,0.064,1.09,5.3,0.13,24.1,170.0,1.8,
A_candle5,5,candle,atr,0.1,10.0,long,1.0,0.0,0.3,against,,97,0.165,0.28,1.31,27.2,0.35,22.4,107.0,4.9,82,0.11,-0.43,0.54,-35.3,-1.09,48.2,-987.0,-11.8,
A_candle5,5,candle,atr,0.1,10.0,long,1.0,0.0,0.3,against,1.0,97,0.103,0.289,1.51,28.1,0.41,16.7,174.0,5.0,82,0.024,-0.429,0.27,-35.2,-1.72,35.2,-882.0,-11.8,
A_candle5,5,candle,atr,0.1,10.0,long,1.0,0.0,0.3,against,2.0,97,0.134,0.397,1.58,38.5,0.51,20.7,327.0,6.9,82,0.024,-0.609,0.21,-50.0,-2.32,50.0,-1285.0,-16.7,
A_candle5,5,candle,atr,0.1,10.0,long,1.0,0.0,0.5,,,308,0.185,0.122,1.13,37.5,0.31,34.3,436.0,6.7,194,0.124,-0.24,0.74,-46.5,-0.79,75.0,-1042.0,-15.5,
A_candle5,5,candle,atr,0.1,10.0,long,1.0,0.0,0.5,,1.0,308,0.104,0.153,1.28,47.2,0.46,29.9,507.0,8.5,194,0.052,-0.222,0.6,-43.0,-0.98,60.0,-1003.0,-14.4,
A_candle5,5,candle,atr,0.1,10.0,long,1.0,0.0,0.5,,2.0,308,0.133,0.158,1.22,48.6,0.43,40.9,746.0,8.7,194,0.072,-0.283,0.62,-54.9,-1.09,82.0,-1249.0,-18.3,
A_candle5,5,candle,atr,0.1,10.0,long,1.0,0.0,0.5,with,,169,0.207,0.074,1.08,12.4,0.15,31.5,323.0,2.2,94,0.138,-0.146,0.84,-13.7,-0.32,38.6,-294.0,-4.6,
A_candle5,5,candle,atr,0.1,10.0,long,1.0,0.0,0.5,with,1.0,169,0.118,0.147,1.27,24.8,0.34,18.7,344.0,4.4,94,0.074,-0.086,0.84,-8.1,-0.24,22.0,-225.0,-2.7,
A_candle5,5,candle,atr,0.1,10.0,long,1.0,0.0,0.5,with,2.0,169,0.142,0.064,1.09,10.9,0.14,32.9,388.0,1.9,94,0.117,-0.013,0.98,-1.2,-0.03,31.5,24.0,-0.4,
A_candle5,5,candle,atr,0.1,10.0,long,1.0,0.0,0.5,against,,139,0.158,0.18,1.19,25.1,0.28,24.8,113.0,4.5,100,0.11,-0.328,0.65,-32.8,-0.8,49.6,-748.0,-10.9,
A_candle5,5,candle,atr,0.1,10.0,long,1.0,0.0,0.5,against,1.0,139,0.086,0.161,1.29,22.4,0.3,23.8,163.0,4.0,100,0.03,-0.349,0.4,-34.9,-1.27,42.7,-778.0,-11.7,
A_candle5,5,candle,atr,0.1,10.0,long,1.0,0.0,0.5,against,2.0,139,0.122,0.272,1.4,37.8,0.45,23.3,358.0,6.8,100,0.03,-0.537,0.3,-53.7,-1.89,61.5,-1273.0,-17.9,
A_candle5,5,candle,atr,0.1,10.0,long,1.0,0.0,9.0,,,327,0.193,0.225,1.25,73.6,0.56,31.6,672.0,13.2,194,0.124,-0.24,0.74,-46.5,-0.79,75.0,-1042.0,-15.5,
A_candle5,5,candle,atr,0.1,10.0,long,1.0,0.0,9.0,,1.0,327,0.113,0.236,1.43,77.3,0.68,27.0,704.0,13.9,194,0.052,-0.222,0.6,-43.0,-0.98,60.0,-1003.0,-14.4,
A_candle5,5,candle,atr,0.1,10.0,long,1.0,0.0,9.0,,2.0,327,0.141,0.238,1.34,77.7,0.63,37.0,938.0,13.9,194,0.072,-0.283,0.62,-54.9,-1.09,82.0,-1249.0,-18.3,
A_candle5,5,candle,atr,0.1,10.0,long,1.0,0.0,9.0,with,,171,0.216,0.14,1.16,23.9,0.28,27.4,421.0,4.3,94,0.138,-0.146,0.84,-13.7,-0.32,38.6,-294.0,-4.6,
A_candle5,5,candle,atr,0.1,10.0,long,1.0,0.0,9.0,with,1.0,171,0.129,0.212,1.39,36.3,0.48,17.8,442.0,6.5,94,0.074,-0.086,0.84,-8.1,-0.24,22.0,-225.0,-2.7,
A_candle5,5,candle,atr,0.1,10.0,long,1.0,0.0,9.0,with,2.0,171,0.152,0.131,1.18,22.4,0.28,28.5,485.0,4.0,94,0.117,-0.013,0.98,-1.2,-0.03,31.5,24.0,-0.4,
A_candle5,5,candle,atr,0.1,10.0,long,1.0,0.0,9.0,against,,156,0.167,0.318,1.34,49.6,0.49,19.8,251.0,8.9,100,0.11,-0.328,0.65,-32.8,-0.8,49.6,-748.0,-10.9,
A_candle5,5,candle,atr,0.1,10.0,long,1.0,0.0,9.0,against,1.0,156,0.096,0.263,1.47,41.0,0.49,18.5,262.0,7.3,100,0.03,-0.349,0.4,-34.9,-1.27,42.7,-778.0,-11.7,
A_candle5,5,candle,atr,0.1,10.0,long,1.0,0.0,9.0,against,2.0,156,0.128,0.355,1.52,55.3,0.59,16.8,452.0,9.9,100,0.03,-0.537,0.3,-53.7,-1.89,61.5,-1273.0,-17.9,
A_candle5,5,candle,atr,0.1,10.0,long,1.0,0.1,0.3,,,233,0.197,0.192,1.22,44.7,0.42,22.5,371.0,8.0,164,0.128,-0.253,0.72,-41.5,-0.79,62.3,-1115.0,-13.9,
A_candle5,5,candle,atr,0.1,10.0,long,1.0,0.1,0.3,,1.0,233,0.116,0.207,1.37,48.1,0.52,18.4,425.0,8.6,164,0.049,-0.23,0.58,-37.8,-0.97,46.1,-979.0,-12.6,
A_candle5,5,candle,atr,0.1,10.0,long,1.0,0.1,0.3,,2.0,233,0.137,0.191,1.27,44.4,0.44,26.5,581.0,8.0,164,0.073,-0.266,0.63,-43.6,-0.95,64.1,-1094.0,-14.6,
A_candle5,5,candle,atr,0.1,10.0,long,1.0,0.1,0.3,with,,136,0.221,0.129,1.15,17.5,0.24,20.7,264.0,3.1,83,0.145,-0.087,0.9,-7.2,-0.17,30.2,-148.0,-2.4,
A_candle5,5,candle,atr,0.1,10.0,long,1.0,0.1,0.3,with,1.0,136,0.125,0.148,1.27,20.1,0.31,14.7,251.0,3.6,83,0.072,-0.031,0.94,-2.6,-0.08,15.7,-98.0,-0.9,
A_candle5,5,candle,atr,0.1,10.0,long,1.0,0.1,0.3,with,2.0,136,0.14,0.044,1.06,5.9,0.09,19.3,253.0,1.1,83,0.12,0.064,1.09,5.3,0.13,24.1,170.0,1.8,
A_candle5,5,candle,atr,0.1,10.0,long,1.0,0.1,0.3,against,,97,0.165,0.28,1.31,27.2,0.35,22.4,107.0,4.9,81,0.111,-0.423,0.54,-34.2,-1.06,47.1,-967.0,-11.4,
A_candle5,5,candle,atr,0.1,10.0,long,1.0,0.1,0.3,against,1.0,97,0.103,0.289,1.51,28.1,0.41,16.7,174.0,5.0,81,0.025,-0.434,0.27,-35.2,-1.72,35.2,-881.0,-11.7,
A_candle5,5,candle,atr,0.1,10.0,long,1.0,0.1,0.3,against,2.0,97,0.134,0.397,1.58,38.5,0.51,20.7,327.0,6.9,81,0.025,-0.604,0.21,-48.9,-2.28,48.9,-1264.0,-16.3,
A_candle5,5,candle,atr,0.1,10.0,long,1.0,0.1,0.5,,,305,0.187,0.134,1.15,40.9,0.34,33.1,475.0,7.3,193,0.124,-0.235,0.74,-45.4,-0.77,74.0,-1022.0,-15.2,
A_candle5,5,candle,atr,0.1,10.0,long,1.0,0.1,0.5,,1.0,305,0.105,0.163,1.3,49.6,0.48,29.9,539.0,8.9,193,0.052,-0.223,0.6,-43.0,-0.98,60.0,-1002.0,-14.4,
A_candle5,5,candle,atr,0.1,10.0,long,1.0,0.1,0.5,,2.0,305,0.134,0.167,1.24,51.0,0.45,39.8,778.0,9.1,193,0.073,-0.279,0.62,-53.8,-1.07,80.9,-1229.0,-18.0,
A_candle5,5,candle,atr,0.1,10.0,long,1.0,0.1,0.5,with,,166,0.211,0.095,1.11,15.8,0.19,29.2,362.0,2.8,94,0.138,-0.146,0.84,-13.7,-0.32,38.6,-294.0,-4.6,
A_candle5,5,candle,atr,0.1,10.0,long,1.0,0.1,0.5,with,1.0,166,0.12,0.163,1.3,27.1,0.38,17.8,376.0,4.9,94,0.074,-0.086,0.84,-8.1,-0.24,22.0,-225.0,-2.7,
A_candle5,5,candle,atr,0.1,10.0,long,1.0,0.1,0.5,with,2.0,166,0.145,0.079,1.11,13.2,0.17,31.5,420.0,2.4,94,0.117,-0.013,0.98,-1.2,-0.03,31.5,24.0,-0.4,
A_candle5,5,candle,atr,0.1,10.0,long,1.0,0.1,0.5,against,,139,0.158,0.18,1.19,25.1,0.28,24.8,113.0,4.5,99,0.111,-0.32,0.65,-31.7,-0.78,48.6,-728.0,-10.6,
A_candle5,5,candle,atr,0.1,10.0,long,1.0,0.1,0.5,against,1.0,139,0.086,0.161,1.29,22.4,0.3,23.8,163.0,4.0,99,0.03,-0.352,0.4,-34.8,-1.27,42.7,-777.0,-11.6,
A_candle5,5,candle,atr,0.1,10.0,long,1.0,0.1,0.5,against,2.0,139,0.122,0.272,1.4,37.8,0.45,23.3,358.0,6.8,99,0.03,-0.531,0.31,-52.6,-1.85,60.4,-1253.0,-17.6,
A_candle5,5,candle,atr,0.1,10.0,long,1.0,0.1,9.0,,,324,0.194,0.237,1.26,76.9,0.58,31.6,711.0,13.8,193,0.124,-0.235,0.74,-45.4,-0.77,74.0,-1022.0,-15.2,
A_candle5,5,candle,atr,0.1,10.0,long,1.0,0.1,9.0,,1.0,324,0.114,0.246,1.45,79.6,0.7,27.0,736.0,14.3,193,0.052,-0.223,0.6,-43.0,-0.98,60.0,-1002.0,-14.4,
A_candle5,5,candle,atr,0.1,10.0,long,1.0,0.1,9.0,,2.0,324,0.142,0.247,1.35,80.0,0.65,37.0,970.0,14.3,193,0.073,-0.279,0.62,-53.8,-1.07,80.9,-1229.0,-18.0,
A_candle5,5,candle,atr,0.1,10.0,long,1.0,0.1,9.0,with,,168,0.22,0.162,1.19,27.3,0.32,25.2,460.0,4.9,94,0.138,-0.146,0.84,-13.7,-0.32,38.6,-294.0,-4.6,
A_candle5,5,candle,atr,0.1,10.0,long,1.0,0.1,9.0,with,1.0,168,0.131,0.23,1.43,38.6,0.51,17.8,474.0,6.9,94,0.074,-0.086,0.84,-8.1,-0.24,22.0,-225.0,-2.7,
A_candle5,5,candle,atr,0.1,10.0,long,1.0,0.1,9.0,with,2.0,168,0.155,0.147,1.21,24.7,0.31,27.1,518.0,4.4,94,0.117,-0.013,0.98,-1.2,-0.03,31.5,24.0,-0.4,
A_candle5,5,candle,atr,0.1,10.0,long,1.0,0.1,9.0,against,,156,0.167,0.318,1.34,49.6,0.49,19.8,251.0,8.9,99,0.111,-0.32,0.65,-31.7,-0.78,48.6,-728.0,-10.6,
A_candle5,5,candle,atr,0.1,10.0,long,1.0,0.1,9.0,against,1.0,156,0.096,0.263,1.47,41.0,0.49,18.5,262.0,7.3,99,0.03,-0.352,0.4,-34.8,-1.27,42.7,-777.0,-11.6,
A_candle5,5,candle,atr,0.1,10.0,long,1.0,0.1,9.0,against,2.0,156,0.128,0.355,1.52,55.3,0.59,16.8,452.0,9.9,99,0.03,-0.531,0.31,-52.6,-1.85,60.4,-1253.0,-17.6,
A_candle5,5,candle,atr,0.1,10.0,long,1.0,0.2,0.3,,,129,0.194,0.204,1.23,26.3,0.32,17.3,-30.0,4.7,92,0.141,-0.207,0.77,-19.0,-0.47,43.0,-475.0,-6.4,
A_candle5,5,candle,atr,0.1,10.0,long,1.0,0.2,0.3,,1.0,129,0.116,0.28,1.54,36.2,0.51,14.3,280.0,6.5,92,0.033,-0.38,0.35,-35.0,-1.38,35.1,-928.0,-11.7,
A_candle5,5,candle,atr,0.1,10.0,long,1.0,0.2,0.3,,2.0,129,0.132,0.23,1.34,29.7,0.39,20.3,105.0,5.3,92,0.076,-0.273,0.63,-25.1,-0.73,35.4,-604.0,-8.4,
A_candle5,5,candle,atr,0.1,10.0,long,1.0,0.2,0.3,with,,71,0.225,0.155,1.18,11.0,0.2,9.5,-70.0,2.0,45,0.156,-0.044,0.95,-2.0,-0.06,22.0,-20.0,-0.7,
A_candle5,5,candle,atr,0.1,10.0,long,1.0,0.2,0.3,with,1.0,71,0.127,0.237,1.47,16.8,0.36,8.4,141.0,3.0,45,0.044,-0.296,0.46,-13.3,-0.68,15.8,-359.0,-4.5,
A_candle5,5,candle,atr,0.1,10.0,long,1.0,0.2,0.3,with,2.0,71,0.141,0.132,1.19,9.4,0.19,11.1,-26.0,1.7,45,0.133,0.057,1.08,2.5,0.09,18.0,114.0,0.9,
A_candle5,5,candle,atr,0.1,10.0,long,1.0,0.2,0.3,against,,58,0.155,0.264,1.28,15.3,0.25,16.8,40.0,2.7,47,0.128,-0.362,0.6,-17.0,-0.64,31.4,-455.0,-5.7,
A_candle5,5,candle,atr,0.1,10.0,long,1.0,0.2,0.3,against,1.0,58,0.103,0.334,1.63,19.4,0.37,12.0,138.0,3.5,47,0.021,-0.461,0.25,-21.6,-1.36,22.5,-569.0,-7.2,
A_candle5,5,candle,atr,0.1,10.0,long,1.0,0.2,0.3,against,2.0,58,0.121,0.351,1.51,20.4,0.35,15.0,131.0,3.6,47,0.021,-0.588,0.21,-27.6,-1.67,27.6,-718.0,-9.2,
A_candle5,5,candle,atr,0.1,10.0,long,1.0,0.2,0.5,,,201,0.179,0.112,1.12,22.5,0.23,33.3,74.0,4.0,121,0.132,-0.19,0.79,-23.0,-0.48,54.6,-383.0,-7.7,
A_candle5,5,candle,atr,0.1,10.0,long,1.0,0.2,0.5,,1.0,201,0.1,0.187,1.37,37.6,0.45,25.6,394.0,6.7,121,0.041,-0.332,0.45,-40.2,-1.24,51.9,-951.0,-13.4,
A_candle5,5,candle,atr,0.1,10.0,long,1.0,0.2,0.5,,2.0,201,0.129,0.18,1.27,36.3,0.39,30.6,303.0,6.5,121,0.074,-0.292,0.62,-35.3,-0.88,54.4,-738.0,-11.8,
A_candle5,5,candle,atr,0.1,10.0,long,1.0,0.2,0.5,with,,101,0.208,0.092,1.1,9.3,0.14,20.8,28.0,1.7,56,0.143,-0.152,0.83,-8.5,-0.27,29.3,-166.0,-2.8,
A_candle5,5,candle,atr,0.1,10.0,long,1.0,0.2,0.5,with,1.0,101,0.119,0.236,1.47,23.9,0.41,14.3,266.0,4.3,56,0.054,-0.337,0.45,-18.9,-0.88,24.2,-485.0,-6.3,
A_candle5,5,candle,atr,0.1,10.0,long,1.0,0.2,0.5,with,2.0,101,0.149,0.164,1.24,16.6,0.27,20.3,141.0,3.0,56,0.125,-0.071,0.91,-4.0,-0.13,25.3,-32.0,-1.3,
A_candle5,5,candle,atr,0.1,10.0,long,1.0,0.2,0.5,against,,100,0.15,0.132,1.14,13.2,0.18,20.3,47.0,2.4,65,0.123,-0.223,0.76,-14.5,-0.4,33.7,-216.0,-4.8,
A_candle5,5,candle,atr,0.1,10.0,long,1.0,0.2,0.5,against,1.0,100,0.08,0.137,1.27,13.7,0.23,19.2,128.0,2.5,65,0.031,-0.328,0.45,-21.3,-0.88,29.2,-466.0,-7.1,
A_candle5,5,candle,atr,0.1,10.0,long,1.0,0.2,0.5,against,2.0,100,0.11,0.196,1.29,19.6,0.28,17.8,162.0,3.5,65,0.031,-0.482,0.36,-31.3,-1.26,39.2,-707.0,-10.5,
A_candle5,5,candle,atr,0.1,10.0,long,1.0,0.2,9.0,,,220,0.191,0.266,1.29,58.6,0.52,22.8,311.0,10.5,121,0.132,-0.19,0.79,-23.0,-0.48,54.6,-383.0,-7.7,
A_candle5,5,candle,atr,0.1,10.0,long,1.0,0.2,9.0,,1.0,220,0.114,0.307,1.6,67.6,0.7,23.2,591.0,12.1,121,0.041,-0.332,0.45,-40.2,-1.24,51.9,-951.0,-13.4,
A_candle5,5,candle,atr,0.1,10.0,long,1.0,0.2,9.0,,2.0,220,0.141,0.297,1.44,65.3,0.63,25.3,494.0,11.7,121,0.074,-0.292,0.62,-35.3,-0.88,54.4,-738.0,-11.8,
A_candle5,5,candle,atr,0.1,10.0,long,1.0,0.2,9.0,with,,103,0.223,0.202,1.23,20.8,0.3,18.6,126.0,3.7,56,0.143,-0.152,0.83,-8.5,-0.27,29.3,-166.0,-2.8,
A_candle5,5,candle,atr,0.1,10.0,long,1.0,0.2,9.0,with,1.0,103,0.136,0.343,1.69,35.4,0.57,14.3,364.0,6.3,56,0.054,-0.337,0.45,-18.9,-0.88,24.2,-485.0,-6.3,
A_candle5,5,candle,atr,0.1,10.0,long,1.0,0.2,9.0,with,2.0,103,0.165,0.273,1.41,28.1,0.43,20.3,239.0,5.0,56,0.125,-0.071,0.91,-4.0,-0.13,25.3,-32.0,-1.3,
A_candle5,5,candle,atr,0.1,10.0,long,1.0,0.2,9.0,against,,117,0.162,0.323,1.34,37.8,0.42,17.7,185.0,6.8,65,0.123,-0.223,0.76,-14.5,-0.4,33.7,-216.0,-4.8,
A_candle5,5,candle,atr,0.1,10.0,long,1.0,0.2,9.0,against,1.0,117,0.094,0.276,1.52,32.3,0.44,13.0,227.0,5.8,65,0.031,-0.328,0.45,-21.3,-0.88,29.2,-466.0,-7.1,
A_candle5,5,candle,atr,0.1,10.0,long,1.0,0.2,9.0,against,2.0,117,0.12,0.318,1.47,37.2,0.46,14.7,256.0,6.7,65,0.031,-0.482,0.36,-31.3,-1.26,39.2,-707.0,-10.5,
A_candle5,5,candle,atr,0.1,10.0,long,1.25,0.0,0.3,,,67,0.209,0.016,1.02,1.1,0.02,19.5,-134.0,0.2,31,0.097,-0.363,0.61,-11.3,-0.5,20.5,-294.0,-3.8,
A_candle5,5,candle,atr,0.1,10.0,long,1.25,0.0,0.3,,1.0,67,0.104,0.031,1.05,2.1,0.05,11.6,-56.0,0.4,31,0.065,-0.188,0.68,-5.8,-0.3,12.8,-210.0,-1.9,
A_candle5,5,candle,atr,0.1,10.0,long,1.25,0.0,0.3,,2.0,67,0.104,-0.074,0.89,-4.9,-0.11,16.0,-96.0,-0.9,31,0.065,-0.349,0.53,-10.8,-0.55,15.8,-317.0,-3.6,
A_candle5,5,candle,atr,0.1,10.0,long,1.25,0.0,0.3,with,,33,0.303,0.243,1.31,8.0,0.24,12.1,143.0,1.4,15,0.133,-0.076,0.92,-1.1,-0.06,8.3,-79.0,-0.4,
A_candle5,5,candle,atr,0.1,10.0,long,1.25,0.0,0.3,with,1.0,33,0.121,0.037,1.07,1.2,0.05,9.5,65.0,0.2,15,0.133,0.324,1.64,4.9,0.26,4.3,69.0,1.6,
A_candle5,5,candle,atr,0.1,10.0,long,1.25,0.0,0.3,with,2.0,33,0.121,-0.084,0.87,-2.8,-0.11,11.8,43.0,-0.5,15,0.133,0.19,1.3,2.9,0.15,5.3,23.0,1.0,
A_candle5,5,candle,atr,0.1,10.0,long,1.25,0.0,0.3,against,,34,0.118,-0.204,0.79,-6.9,-0.18,15.6,-277.0,-1.2,16,0.062,-0.633,0.35,-10.1,-0.85,15.6,-215.0,-3.4,
A_candle5,5,candle,atr,0.1,10.0,long,1.25,0.0,0.3,against,1.0,34,0.088,0.024,1.04,0.8,0.02,10.6,-121.0,0.1,16,0.0,-0.668,0.0,-10.7,-1.87,10.7,-279.0,-3.6,
A_candle5,5,candle,atr,0.1,10.0,long,1.25,0.0,0.3,against,2.0,34,0.088,-0.064,0.91,-2.2,-0.06,11.1,-140.0,-0.4,16,0.0,-0.855,0.0,-13.7,-2.1,13.7,-340.0,-4.6,
A_candle5,5,candle,atr,0.1,10.0,long,1.25,0.0,0.5,,,115,0.174,-0.099,0.89,-11.4,-0.17,38.4,-146.0,-2.0,48,0.104,-0.271,0.71,-13.0,-0.43,31.0,-204.0,-4.3,
A_candle5,5,candle,atr,0.1,10.0,long,1.25,0.0,0.5,,1.0,115,0.078,-0.07,0.87,-8.0,-0.15,24.1,-48.0,-1.4,48,0.083,-0.095,0.85,-4.6,-0.16,21.0,-51.0,-1.5,
A_candle5,5,candle,atr,0.1,10.0,long,1.25,0.0,0.5,,2.0,115,0.096,-0.131,0.81,-15.0,-0.26,31.2,-96.0,-2.7,48,0.083,-0.241,0.69,-11.6,-0.41,26.0,-205.0,-3.9,
A_candle5,5,candle,atr,0.1,10.0,long,1.25,0.0,0.5,with,,52,0.212,-0.241,0.73,-12.5,-0.36,29.3,2.0,-2.2,23,0.13,-0.198,0.78,-4.5,-0.22,14.3,-144.0,-1.5,
A_candle5,5,candle,atr,0.1,10.0,long,1.25,0.0,0.5,with,1.0,52,0.077,-0.189,0.65,-9.8,-0.38,18.8,-7.0,-1.8,23,0.13,0.107,1.18,2.5,0.12,9.3,23.0,0.8,
A_candle5,5,candle,atr,0.1,10.0,long,1.25,0.0,0.5,with,2.0,52,0.096,-0.333,0.52,-17.3,-0.64,26.3,-54.0,-3.1,23,0.13,-0.024,0.97,-0.5,-0.03,11.3,-42.0,-0.2,
A_candle5,5,candle,atr,0.1,10.0,long,1.25,0.0,0.5,against,,63,0.143,0.018,1.02,1.1,0.02,22.2,-148.0,0.2,25,0.08,-0.339,0.65,-8.5,-0.39,21.9,-59.0,-2.8,
A_candle5,5,candle,atr,0.1,10.0,long,1.25,0.0,0.5,against,1.0,63,0.079,0.029,1.05,1.8,0.04,16.4,-41.0,0.3,25,0.04,-0.281,0.59,-7.0,-0.37,14.9,-74.0,-2.3,
A_candle5,5,candle,atr,0.1,10.0,long,1.25,0.0,0.5,against,2.0,63,0.095,0.036,1.05,2.3,0.05,17.4,-42.0,0.4,25,0.04,-0.441,0.48,-11.0,-0.57,18.9,-163.0,-3.7,
A_candle5,5,candle,atr,0.1,10.0,long,1.25,0.0,9.0,,,134,0.194,0.184,1.2,24.7,0.29,22.1,90.0,4.4,48,0.104,-0.271,0.71,-13.0,-0.43,31.0,-204.0,-4.3,
A_candle5,5,candle,atr,0.1,10.0,long,1.25,0.0,9.0,,1.0,134,0.104,0.165,1.29,22.0,0.31,17.6,149.0,4.0,48,0.083,-0.095,0.85,-4.6,-0.16,21.0,-51.0,-1.5,
A_candle5,5,candle,atr,0.1,10.0,long,1.25,0.0,9.0,,2.0,134,0.119,0.105,1.15,14.0,0.19,20.6,96.0,2.5,48,0.083,-0.241,0.69,-11.6,-0.41,26.0,-205.0,-3.9,
A_candle5,5,candle,atr,0.1,10.0,long,1.25,0.0,9.0,with,,54,0.241,-0.019,0.98,-1.0,-0.02,22.1,100.0,-0.2,23,0.13,-0.198,0.78,-4.5,-0.22,14.3,-144.0,-1.5,
A_candle5,5,candle,atr,0.1,10.0,long,1.25,0.0,9.0,with,1.0,54,0.111,0.031,1.06,1.7,0.05,13.6,91.0,0.3,23,0.13,0.107,1.18,2.5,0.12,9.3,23.0,0.8,
A_candle5,5,candle,atr,0.1,10.0,long,1.25,0.0,9.0,with,2.0,54,0.13,-0.108,0.84,-5.8,-0.16,20.1,44.0,-1.0,23,0.13,-0.024,0.97,-0.5,-0.03,11.3,-42.0,-0.2,
A_candle5,5,candle,atr,0.1,10.0,long,1.25,0.0,9.0,against,,80,0.163,0.321,1.34,25.7,0.35,21.2,-10.0,4.6,25,0.08,-0.339,0.65,-8.5,-0.39,21.9,-59.0,-2.8,
A_candle5,5,candle,atr,0.1,10.0,long,1.25,0.0,9.0,against,1.0,80,0.1,0.254,1.44,20.4,0.33,23.4,59.0,3.6,25,0.04,-0.281,0.59,-7.0,-0.37,14.9,-74.0,-2.3,
A_candle5,5,candle,atr,0.1,10.0,long,1.25,0.0,9.0,against,2.0,80,0.113,0.248,1.36,19.8,0.3,24.4,52.0,3.6,25,0.04,-0.441,0.48,-11.0,-0.57,18.9,-163.0,-3.7,
A_candle5,5,candle,atr,0.1,10.0,long,1.25,0.1,0.3,,,67,0.209,0.016,1.02,1.1,0.02,19.5,-134.0,0.2,31,0.097,-0.363,0.61,-11.3,-0.5,20.5,-294.0,-3.8,
A_candle5,5,candle,atr,0.1,10.0,long,1.25,0.1,0.3,,1.0,67,0.104,0.031,1.05,2.1,0.05,11.6,-56.0,0.4,31,0.065,-0.188,0.68,-5.8,-0.3,12.8,-210.0,-1.9,
A_candle5,5,candle,atr,0.1,10.0,long,1.25,0.1,0.3,,2.0,67,0.104,-0.074,0.89,-4.9,-0.11,16.0,-96.0,-0.9,31,0.065,-0.349,0.53,-10.8,-0.55,15.8,-317.0,-3.6,
A_candle5,5,candle,atr,0.1,10.0,long,1.25,0.1,0.3,with,,33,0.303,0.243,1.31,8.0,0.24,12.1,143.0,1.4,15,0.133,-0.076,0.92,-1.1,-0.06,8.3,-79.0,-0.4,
A_candle5,5,candle,atr,0.1,10.0,long,1.25,0.1,0.3,with,1.0,33,0.121,0.037,1.07,1.2,0.05,9.5,65.0,0.2,15,0.133,0.324,1.64,4.9,0.26,4.3,69.0,1.6,
A_candle5,5,candle,atr,0.1,10.0,long,1.25,0.1,0.3,with,2.0,33,0.121,-0.084,0.87,-2.8,-0.11,11.8,43.0,-0.5,15,0.133,0.19,1.3,2.9,0.15,5.3,23.0,1.0,
A_candle5,5,candle,atr,0.1,10.0,long,1.25,0.1,0.3,against,,34,0.118,-0.204,0.79,-6.9,-0.18,15.6,-277.0,-1.2,16,0.062,-0.633,0.35,-10.1,-0.85,15.6,-215.0,-3.4,
A_candle5,5,candle,atr,0.1,10.0,long,1.25,0.1,0.3,against,1.0,34,0.088,0.024,1.04,0.8,0.02,10.6,-121.0,0.1,16,0.0,-0.668,0.0,-10.7,-1.87,10.7,-279.0,-3.6,
A_candle5,5,candle,atr,0.1,10.0,long,1.25,0.1,0.3,against,2.0,34,0.088,-0.064,0.91,-2.2,-0.06,11.1,-140.0,-0.4,16,0.0,-0.855,0.0,-13.7,-2.1,13.7,-340.0,-4.6,
A_candle5,5,candle,atr,0.1,10.0,long,1.25,0.1,0.5,,,115,0.174,-0.099,0.89,-11.4,-0.17,38.4,-146.0,-2.0,48,0.104,-0.271,0.71,-13.0,-0.43,31.0,-204.0,-4.3,
A_candle5,5,candle,atr,0.1,10.0,long,1.25,0.1,0.5,,1.0,115,0.078,-0.07,0.87,-8.0,-0.15,24.1,-48.0,-1.4,48,0.083,-0.095,0.85,-4.6,-0.16,21.0,-51.0,-1.5,
A_candle5,5,candle,atr,0.1,10.0,long,1.25,0.1,0.5,,2.0,115,0.096,-0.131,0.81,-15.0,-0.26,31.2,-96.0,-2.7,48,0.083,-0.241,0.69,-11.6,-0.41,26.0,-205.0,-3.9,
A_candle5,5,candle,atr,0.1,10.0,long,1.25,0.1,0.5,with,,52,0.212,-0.241,0.73,-12.5,-0.36,29.3,2.0,-2.2,23,0.13,-0.198,0.78,-4.5,-0.22,14.3,-144.0,-1.5,
A_candle5,5,candle,atr,0.1,10.0,long,1.25,0.1,0.5,with,1.0,52,0.077,-0.189,0.65,-9.8,-0.38,18.8,-7.0,-1.8,23,0.13,0.107,1.18,2.5,0.12,9.3,23.0,0.8,
A_candle5,5,candle,atr,0.1,10.0,long,1.25,0.1,0.5,with,2.0,52,0.096,-0.333,0.52,-17.3,-0.64,26.3,-54.0,-3.1,23,0.13,-0.024,0.97,-0.5,-0.03,11.3,-42.0,-0.2,
A_candle5,5,candle,atr,0.1,10.0,long,1.25,0.1,0.5,against,,63,0.143,0.018,1.02,1.1,0.02,22.2,-148.0,0.2,25,0.08,-0.339,0.65,-8.5,-0.39,21.9,-59.0,-2.8,
A_candle5,5,candle,atr,0.1,10.0,long,1.25,0.1,0.5,against,1.0,63,0.079,0.029,1.05,1.8,0.04,16.4,-41.0,0.3,25,0.04,-0.281,0.59,-7.0,-0.37,14.9,-74.0,-2.3,
A_candle5,5,candle,atr,0.1,10.0,long,1.25,0.1,0.5,against,2.0,63,0.095,0.036,1.05,2.3,0.05,17.4,-42.0,0.4,25,0.04,-0.441,0.48,-11.0,-0.57,18.9,-163.0,-3.7,
A_candle5,5,candle,atr,0.1,10.0,long,1.25,0.1,9.0,,,134,0.194,0.184,1.2,24.7,0.29,22.1,90.0,4.4,48,0.104,-0.271,0.71,-13.0,-0.43,31.0,-204.0,-4.3,
A_candle5,5,candle,atr,0.1,10.0,long,1.25,0.1,9.0,,1.0,134,0.104,0.165,1.29,22.0,0.31,17.6,149.0,4.0,48,0.083,-0.095,0.85,-4.6,-0.16,21.0,-51.0,-1.5,
A_candle5,5,candle,atr,0.1,10.0,long,1.25,0.1,9.0,,2.0,134,0.119,0.105,1.15,14.0,0.19,20.6,96.0,2.5,48,0.083,-0.241,0.69,-11.6,-0.41,26.0,-205.0,-3.9,
A_candle5,5,candle,atr,0.1,10.0,long,1.25,0.1,9.0,with,,54,0.241,-0.019,0.98,-1.0,-0.02,22.1,100.0,-0.2,23,0.13,-0.198,0.78,-4.5,-0.22,14.3,-144.0,-1.5,
A_candle5,5,candle,atr,0.1,10.0,long,1.25,0.1,9.0,with,1.0,54,0.111,0.031,1.06,1.7,0.05,13.6,91.0,0.3,23,0.13,0.107,1.18,2.5,0.12,9.3,23.0,0.8,
A_candle5,5,candle,atr,0.1,10.0,long,1.25,0.1,9.0,with,2.0,54,0.13,-0.108,0.84,-5.8,-0.16,20.1,44.0,-1.0,23,0.13,-0.024,0.97,-0.5,-0.03,11.3,-42.0,-0.2,
A_candle5,5,candle,atr,0.1,10.0,long,1.25,0.1,9.0,against,,80,0.163,0.321,1.34,25.7,0.35,21.2,-10.0,4.6,25,0.08,-0.339,0.65,-8.5,-0.39,21.9,-59.0,-2.8,
A_candle5,5,candle,atr,0.1,10.0,long,1.25,0.1,9.0,against,1.0,80,0.1,0.254,1.44,20.4,0.33,23.4,59.0,3.6,25,0.04,-0.281,0.59,-7.0,-0.37,14.9,-74.0,-2.3,
A_candle5,5,candle,atr,0.1,10.0,long,1.25,0.1,9.0,against,2.0,80,0.113,0.248,1.36,19.8,0.3,24.4,52.0,3.6,25,0.04,-0.441,0.48,-11.0,-0.57,18.9,-163.0,-3.7,
A_candle5,5,candle,atr,0.1,10.0,long,1.25,0.2,0.3,,,42,0.19,-0.175,0.81,-7.4,-0.21,12.0,-213.0,-1.3,22,0.091,-0.246,0.74,-5.4,-0.25,17.8,-122.0,-1.8,
A_candle5,5,candle,atr,0.1,10.0,long,1.25,0.2,0.3,,1.0,42,0.119,0.023,1.04,1.0,0.03,7.3,-92.0,0.2,22,0.045,-0.135,0.77,-3.0,-0.16,11.8,-101.0,-1.0,
A_candle5,5,candle,atr,0.1,10.0,long,1.25,0.2,0.3,,2.0,42,0.119,-0.072,0.89,-3.0,-0.09,10.3,-114.0,-0.5,22,0.045,-0.271,0.63,-6.0,-0.32,13.8,-165.0,-2.0,
A_candle5,5,candle,atr,0.1,10.0,long,1.25,0.2,0.3,with,,19,0.263,-0.065,0.92,-1.2,-0.06,6.0,-64.0,-0.2,10,0.1,0.056,1.06,0.6,0.03,8.3,-24.0,0.2,
A_candle5,5,candle,atr,0.1,10.0,long,1.25,0.2,0.3,with,1.0,19,0.158,0.176,1.35,3.3,0.17,4.0,-32.0,0.6,10,0.1,0.456,1.85,4.6,0.26,5.3,81.0,1.5,
A_candle5,5,candle,atr,0.1,10.0,long,1.25,0.2,0.3,with,2.0,19,0.158,0.07,1.12,1.3,0.07,4.9,-42.0,0.2,10,0.1,0.356,1.56,3.6,0.2,6.3,58.0,1.2,
A_candle5,5,candle,atr,0.1,10.0,long,1.25,0.2,0.3,against,,23,0.13,-0.266,0.73,-6.1,-0.21,8.3,-150.0,-1.1,12,0.083,-0.498,0.48,-6.0,-0.52,11.5,-98.0,-2.0,
A_candle5,5,candle,atr,0.1,10.0,long,1.25,0.2,0.3,against,1.0,23,0.087,-0.103,0.84,-2.4,-0.09,7.0,-59.0,-0.4,12,0.0,-0.627,0.0,-7.5,-1.57,7.5,-182.0,-2.5,
A_candle5,5,candle,atr,0.1,10.0,long,1.25,0.2,0.3,against,2.0,23,0.087,-0.189,0.74,-4.4,-0.17,9.0,-72.0,-0.8,12,0.0,-0.794,0.0,-9.5,-1.75,9.5,-223.0,-3.2,
A_candle5,5,candle,atr,0.1,10.0,long,1.25,0.2,0.5,,,90,0.156,-0.22,0.77,-19.8,-0.36,39.4,-225.0,-3.6,39,0.103,-0.183,0.8,-7.2,-0.24,28.2,-31.0,-2.4,
A_candle5,5,candle,atr,0.1,10.0,long,1.25,0.2,0.5,,1.0,90,0.078,-0.101,0.82,-9.1,-0.21,25.4,-83.0,-1.6,39,0.077,-0.044,0.93,-1.7,-0.06,20.2,57.0,-0.6,
A_candle5,5,candle,atr,0.1,10.0,long,1.25,0.2,0.5,,2.0,90,0.1,-0.146,0.79,-13.1,-0.27,29.5,-114.0,-2.4,39,0.077,-0.172,0.78,-6.7,-0.24,24.2,-53.0,-2.2,
A_candle5,5,candle,atr,0.1,10.0,long,1.25,0.2,0.5,with,,38,0.158,-0.574,0.41,-21.8,-0.89,26.1,-205.0,-3.9,18,0.111,-0.158,0.83,-2.8,-0.14,14.6,-89.0,-0.9,
A_candle5,5,candle,atr,0.1,10.0,long,1.25,0.2,0.5,with,1.0,38,0.079,-0.203,0.63,-7.7,-0.36,12.0,-104.0,-1.4,18,0.111,0.12,1.18,2.2,0.11,10.6,35.0,0.7,
A_candle5,5,candle,atr,0.1,10.0,long,1.25,0.2,0.5,with,2.0,38,0.105,-0.348,0.5,-13.2,-0.59,17.5,-140.0,-2.4,18,0.111,0.009,1.01,0.2,0.01,12.6,-8.0,0.1,
A_candle5,5,candle,atr,0.1,10.0,long,1.25,0.2,0.5,against,,52,0.154,0.038,1.04,2.0,0.04,19.5,-20.0,0.4,21,0.095,-0.205,0.78,-4.3,-0.2,17.7,58.0,-1.4,
A_candle5,5,candle,atr,0.1,10.0,long,1.25,0.2,0.5,against,1.0,52,0.077,-0.026,0.95,-1.4,-0.04,13.5,21.0,-0.2,21,0.048,-0.184,0.72,-3.9,-0.21,11.7,23.0,-1.3,
A_candle5,5,candle,atr,0.1,10.0,long,1.25,0.2,0.5,against,2.0,52,0.096,0.002,1.0,0.1,0.0,14.3,26.0,0.0,21,0.048,-0.327,0.59,-6.9,-0.36,14.7,-45.0,-2.3,
A_candle5,5,candle,atr,0.1,10.0,long,1.25,0.2,9.0,,,109,0.183,0.149,1.16,16.2,0.21,22.2,11.0,2.9,39,0.103,-0.183,0.8,-7.2,-0.24,28.2,-31.0,-2.4,
A_candle5,5,candle,atr,0.1,10.0,long,1.25,0.2,9.0,,1.0,109,0.11,0.192,1.35,21.0,0.32,16.0,114.0,3.8,39,0.077,-0.044,0.93,-1.7,-0.06,20.2,57.0,-0.6,
A_candle5,5,candle,atr,0.1,10.0,long,1.25,0.2,9.0,,2.0,109,0.128,0.146,1.21,15.9,0.23,17.0,78.0,2.9,39,0.077,-0.172,0.78,-6.7,-0.24,24.2,-53.0,-2.2,
A_candle5,5,candle,atr,0.1,10.0,long,1.25,0.2,9.0,with,,40,0.2,-0.257,0.72,-10.3,-0.3,19.7,-107.0,-1.8,18,0.111,-0.158,0.83,-2.8,-0.14,14.6,-89.0,-0.9,
A_candle5,5,candle,atr,0.1,10.0,long,1.25,0.2,9.0,with,1.0,40,0.125,0.095,1.18,3.8,0.12,9.5,-6.0,0.7,18,0.111,0.12,1.18,2.2,0.11,10.6,35.0,0.7,
A_candle5,5,candle,atr,0.1,10.0,long,1.25,0.2,9.0,with,2.0,40,0.15,-0.043,0.94,-1.7,-0.05,13.8,-42.0,-0.3,18,0.111,0.009,1.01,0.2,0.01,12.6,-8.0,0.1,
A_candle5,5,candle,atr,0.1,10.0,long,1.25,0.2,9.0,against,,69,0.174,0.384,1.41,26.5,0.38,17.4,118.0,4.8,21,0.095,-0.205,0.78,-4.3,-0.2,17.7,58.0,-1.4,
A_candle5,5,candle,atr,0.1,10.0,long,1.25,0.2,9.0,against,1.0,69,0.101,0.249,1.43,17.2,0.3,18.0,120.0,3.1,21,0.048,-0.184,0.72,-3.9,-0.21,11.7,23.0,-1.3,
A_candle5,5,candle,atr,0.1,10.0,long,1.25,0.2,9.0,against,2.0,69,0.116,0.256,1.37,17.6,0.29,19.0,120.0,3.2,21,0.048,-0.327,0.59,-6.9,-0.36,14.7,-45.0,-2.3,
B_stop1,1,stop,or,,,both,0.0,0.0,0.3,,,1318,0.192,0.168,1.19,220.8,0.81,70.7,2370.0,39.6,708,0.165,0.224,1.26,158.6,1.01,35.9,3433.0,53.0,120.0
B_stop1,1,stop,or,,,both,0.0,0.0,0.3,,1.0,1318,0.108,0.135,1.24,177.7,0.77,76.7,2506.0,31.9,708,0.102,0.232,1.43,164.6,1.23,40.4,4233.0,55.0,120.0
B_stop1,1,stop,or,,,both,0.0,0.0,0.3,,2.0,1318,0.141,0.161,1.22,212.7,0.83,78.0,2930.0,38.1,708,0.131,0.283,1.41,200.5,1.33,41.6,4839.0,67.0,120.0
B_stop1,1,stop,or,,,both,0.0,0.0,0.3,with,,588,0.209,0.291,1.33,171.1,0.88,39.3,2151.0,30.7,353,0.178,0.336,1.39,118.5,1.05,26.3,2491.0,39.6,120.0
B_stop1,1,stop,or,,,both,0.0,0.0,0.3,with,1.0,588,0.122,0.21,1.37,123.7,0.75,50.4,1886.0,22.2,353,0.113,0.288,1.51,101.6,1.07,18.9,2257.0,34.0,120.0
B_stop1,1,stop,or,,,both,0.0,0.0,0.3,with,2.0,588,0.16,0.284,1.4,167.2,0.91,41.1,2389.0,30.0,353,0.147,0.384,1.56,135.6,1.25,30.1,3078.0,45.3,120.0
B_stop1,1,stop,or,,,both,0.0,0.0,0.3,against,,730,0.178,0.068,1.08,49.8,0.26,47.0,219.0,8.9,354,0.153,0.116,1.13,41.1,0.38,37.7,959.0,13.8,120.0
B_stop1,1,stop,or,,,both,0.0,0.0,0.3,against,1.0,730,0.097,0.074,1.13,54.0,0.34,39.1,621.0,9.7,354,0.09,0.178,1.34,63.0,0.67,25.9,1976.0,21.1,120.0
B_stop1,1,stop,or,,,both,0.0,0.0,0.3,against,2.0,730,0.126,0.062,1.08,45.4,0.26,49.8,541.0,8.1,354,0.116,0.184,1.26,65.0,0.62,34.5,1762.0,21.7,120.0
B_stop1,1,stop,or,,,both,0.0,0.0,0.5,,,1328,0.195,0.173,1.19,230.4,0.84,70.7,2802.0,41.3,708,0.165,0.224,1.26,158.6,1.01,35.9,3433.0,53.0,120.0
B_stop1,1,stop,or,,,both,0.0,0.0,0.5,,1.0,1328,0.109,0.136,1.24,181.1,0.78,76.7,2630.0,32.5,708,0.102,0.232,1.43,164.6,1.23,40.4,4233.0,55.0,120.0
B_stop1,1,stop,or,,,both,0.0,0.0,0.5,,2.0,1328,0.144,0.165,1.23,219.4,0.86,78.0,3163.0,39.3,708,0.131,0.283,1.41,200.5,1.33,41.6,4839.0,67.0,120.0
B_stop1,1,stop,or,,,both,0.0,0.0,0.5,with,,591,0.21,0.291,1.33,171.8,0.88,39.3,2273.0,30.8,353,0.178,0.336,1.39,118.5,1.05,26.3,2491.0,39.6,120.0
B_stop1,1,stop,or,,,both,0.0,0.0,0.5,with,1.0,591,0.122,0.206,1.36,121.6,0.74,50.4,1808.0,21.8,353,0.113,0.288,1.51,101.6,1.07,18.9,2257.0,34.0,120.0
B_stop1,1,stop,or,,,both,0.0,0.0,0.5,with,2.0,591,0.159,0.279,1.39,165.2,0.89,41.1,2312.0,29.6,353,0.147,0.384,1.56,135.6,1.25,30.1,3078.0,45.3,120.0
B_stop1,1,stop,or,,,both,0.0,0.0,0.5,against,,737,0.183,0.079,1.09,58.6,0.31,47.0,529.0,10.5,354,0.153,0.116,1.13,41.1,0.38,37.7,959.0,13.8,120.0
B_stop1,1,stop,or,,,both,0.0,0.0,0.5,against,1.0,737,0.099,0.081,1.14,59.4,0.37,39.1,821.0,10.7,354,0.09,0.178,1.34,63.0,0.67,25.9,1976.0,21.1,120.0
B_stop1,1,stop,or,,,both,0.0,0.0,0.5,against,2.0,737,0.132,0.074,1.1,54.2,0.31,49.8,851.0,9.7,354,0.116,0.184,1.26,65.0,0.62,34.5,1762.0,21.7,120.0
B_stop1,1,stop,or,,,both,0.0,0.0,9.0,,,1329,0.195,0.173,1.19,230.0,0.84,70.7,2779.0,41.2,708,0.165,0.224,1.26,158.6,1.01,35.9,3433.0,53.0,120.0
B_stop1,1,stop,or,,,both,0.0,0.0,9.0,,1.0,1329,0.109,0.136,1.24,181.1,0.78,76.7,2629.0,32.5,708,0.102,0.232,1.43,164.6,1.23,40.4,4233.0,55.0,120.0
B_stop1,1,stop,or,,,both,0.0,0.0,9.0,,2.0,1329,0.144,0.165,1.23,219.0,0.86,78.0,3140.0,39.3,708,0.131,0.283,1.41,200.5,1.33,41.6,4839.0,67.0,120.0
B_stop1,1,stop,or,,,both,0.0,0.0,9.0,with,,591,0.21,0.291,1.33,171.8,0.88,39.3,2273.0,30.8,353,0.178,0.336,1.39,118.5,1.05,26.3,2491.0,39.6,120.0
B_stop1,1,stop,or,,,both,0.0,0.0,9.0,with,1.0,591,0.122,0.206,1.36,121.6,0.74,50.4,1808.0,21.8,353,0.113,0.288,1.51,101.6,1.07,18.9,2257.0,34.0,120.0
B_stop1,1,stop,or,,,both,0.0,0.0,9.0,with,2.0,591,0.159,0.279,1.39,165.2,0.89,41.1,2312.0,29.6,353,0.147,0.384,1.56,135.6,1.25,30.1,3078.0,45.3,120.0
B_stop1,1,stop,or,,,both,0.0,0.0,9.0,against,,738,0.183,0.079,1.09,58.2,0.3,47.0,506.0,10.4,354,0.153,0.116,1.13,41.1,0.38,37.7,959.0,13.8,120.0
B_stop1,1,stop,or,,,both,0.0,0.0,9.0,against,1.0,738,0.099,0.081,1.14,59.4,0.37,39.1,820.0,10.7,354,0.09,0.178,1.34,63.0,0.67,25.9,1976.0,21.1,120.0
B_stop1,1,stop,or,,,both,0.0,0.0,9.0,against,2.0,738,0.131,0.073,1.1,53.9,0.3,49.8,828.0,9.7,354,0.116,0.184,1.26,65.0,0.62,34.5,1762.0,21.7,120.0
B_stop1,1,stop,or,,,both,0.0,0.1,0.3,,,649,0.214,0.167,1.2,108.2,0.63,51.0,1122.0,19.4,325,0.172,0.12,1.14,39.2,0.41,57.9,1287.0,13.1,120.0
B_stop1,1,stop,or,,,both,0.0,0.1,0.3,,1.0,649,0.129,0.156,1.28,101.0,0.7,40.0,1789.0,18.1,325,0.102,0.154,1.28,50.0,0.62,35.1,2047.0,16.7,120.0
B_stop1,1,stop,or,,,both,0.0,0.1,0.3,,2.0,649,0.163,0.142,1.2,92.2,0.57,55.3,1443.0,16.5,325,0.132,0.188,1.27,61.0,0.67,38.8,2169.0,20.4,120.0
B_stop1,1,stop,or,,,both,0.0,0.1,0.3,with,,284,0.211,0.027,1.03,7.5,0.07,52.7,502.0,1.4,159,0.157,0.047,1.05,7.5,0.12,48.2,134.0,2.5,120.0
B_stop1,1,stop,or,,,both,0.0,0.1,0.3,with,1.0,284,0.12,0.007,1.01,1.9,0.02,51.3,884.0,0.3,159,0.094,0.106,1.19,16.8,0.3,42.7,563.0,5.6,120.0
B_stop1,1,stop,or,,,both,0.0,0.1,0.3,with,2.0,284,0.151,-0.022,0.97,-6.4,-0.07,57.1,433.0,-1.1,159,0.126,0.106,1.16,16.9,0.28,45.9,574.0,5.6,120.0
B_stop1,1,stop,or,,,both,0.0,0.1,0.3,against,,365,0.216,0.276,1.33,100.6,0.73,38.1,620.0,18.0,166,0.187,0.191,1.23,31.7,0.45,34.3,1153.0,10.6,120.0
B_stop1,1,stop,or,,,both,0.0,0.1,0.3,against,1.0,365,0.137,0.271,1.53,99.1,0.86,25.6,905.0,17.8,166,0.108,0.2,1.38,33.2,0.58,24.9,1484.0,11.1,120.0
B_stop1,1,stop,or,,,both,0.0,0.1,0.3,against,2.0,365,0.173,0.27,1.39,98.6,0.77,25.4,1010.0,17.7,166,0.139,0.266,1.39,44.1,0.64,30.9,1595.0,14.7,120.0
B_stop1,1,stop,or,,,both,0.0,0.1,0.5,,,659,0.22,0.179,1.21,117.7,0.68,51.0,1554.0,21.1,325,0.172,0.12,1.14,39.2,0.41,57.9,1287.0,13.1,120.0
B_stop1,1,stop,or,,,both,0.0,0.1,0.5,,1.0,659,0.131,0.158,1.29,104.3,0.71,40.0,1913.0,18.7,325,0.102,0.154,1.28,50.0,0.62,35.1,2047.0,16.7,120.0
B_stop1,1,stop,or,,,both,0.0,0.1,0.5,,2.0,659,0.168,0.15,1.21,98.9,0.61,55.3,1676.0,17.7,325,0.132,0.188,1.27,61.0,0.67,38.8,2169.0,20.4,120.0
B_stop1,1,stop,or,,,both,0.0,0.1,0.5,with,,287,0.213,0.029,1.03,8.3,0.08,53.7,624.0,1.5,159,0.157,0.047,1.05,7.5,0.12,48.2,134.0,2.5,120.0
B_stop1,1,stop,or,,,both,0.0,0.1,0.5,with,1.0,287,0.118,-0.001,1.0,-0.2,-0.0,52.3,807.0,-0.0,159,0.094,0.106,1.19,16.8,0.3,42.7,563.0,5.6,120.0
B_stop1,1,stop,or,,,both,0.0,0.1,0.5,with,2.0,287,0.15,-0.029,0.96,-8.4,-0.09,58.2,356.0,-1.5,159,0.126,0.106,1.16,16.9,0.28,45.9,574.0,5.6,120.0
B_stop1,1,stop,or,,,both,0.0,0.1,0.5,against,,372,0.226,0.294,1.35,109.4,0.79,38.1,931.0,19.6,166,0.187,0.191,1.23,31.7,0.45,34.3,1153.0,10.6,120.0
B_stop1,1,stop,or,,,both,0.0,0.1,0.5,against,1.0,372,0.14,0.281,1.55,104.5,0.9,25.6,1106.0,18.7,166,0.108,0.2,1.38,33.2,0.58,24.9,1484.0,11.1,120.0
B_stop1,1,stop,or,,,both,0.0,0.1,0.5,against,2.0,372,0.183,0.289,1.42,107.4,0.83,25.4,1320.0,19.3,166,0.139,0.266,1.39,44.1,0.64,30.9,1595.0,14.7,120.0
B_stop1,1,stop,or,,,both,0.0,0.1,9.0,,,660,0.22,0.178,1.21,117.4,0.67,51.0,1531.0,21.0,325,0.172,0.12,1.14,39.2,0.41,57.9,1287.0,13.1,120.0
B_stop1,1,stop,or,,,both,0.0,0.1,9.0,,1.0,660,0.13,0.158,1.29,104.3,0.71,40.0,1912.0,18.7,325,0.102,0.154,1.28,50.0,0.62,35.1,2047.0,16.7,120.0
B_stop1,1,stop,or,,,both,0.0,0.1,9.0,,2.0,660,0.168,0.149,1.21,98.6,0.61,55.3,1653.0,17.7,325,0.132,0.188,1.27,61.0,0.67,38.8,2169.0,20.4,120.0
B_stop1,1,stop,or,,,both,0.0,0.1,9.0,with,,287,0.213,0.029,1.03,8.3,0.08,53.7,624.0,1.5,159,0.157,0.047,1.05,7.5,0.12,48.2,134.0,2.5,120.0
B_stop1,1,stop,or,,,both,0.0,0.1,9.0,with,1.0,287,0.118,-0.001,1.0,-0.2,-0.0,52.3,807.0,-0.0,159,0.094,0.106,1.19,16.8,0.3,42.7,563.0,5.6,120.0
B_stop1,1,stop,or,,,both,0.0,0.1,9.0,with,2.0,287,0.15,-0.029,0.96,-8.4,-0.09,58.2,356.0,-1.5,159,0.126,0.106,1.16,16.9,0.28,45.9,574.0,5.6,120.0
B_stop1,1,stop,or,,,both,0.0,0.1,9.0,against,,373,0.225,0.292,1.35,109.1,0.78,38.1,908.0,19.6,166,0.187,0.191,1.23,31.7,0.45,34.3,1153.0,10.6,120.0
B_stop1,1,stop,or,,,both,0.0,0.1,9.0,against,1.0,373,0.139,0.28,1.55,104.5,0.9,25.6,1105.0,18.7,166,0.108,0.2,1.38,33.2,0.58,24.9,1484.0,11.1,120.0
B_stop1,1,stop,or,,,both,0.0,0.1,9.0,against,2.0,373,0.182,0.287,1.42,107.0,0.83,25.4,1297.0,19.2,166,0.139,0.266,1.39,44.1,0.64,30.9,1595.0,14.7,120.0
B_stop1,1,stop,or,,,both,0.0,0.2,0.3,,,65,0.262,0.287,1.39,18.7,0.38,7.2,246.0,3.3,10,0.3,0.17,1.24,1.7,0.14,6.1,-24.0,0.6,120.0
B_stop1,1,stop,or,,,both,0.0,0.2,0.3,,1.0,65,0.2,0.337,1.62,21.9,0.48,4.6,381.0,3.9,10,0.2,0.336,1.65,3.4,0.28,5.1,48.0,1.1,120.0
B_stop1,1,stop,or,,,both,0.0,0.2,0.3,,2.0,65,0.231,0.376,1.61,24.5,0.51,6.2,421.0,4.4,10,0.2,0.236,1.38,2.4,0.19,6.1,7.0,0.8,120.0
B_stop1,1,stop,or,,,both,0.0,0.2,0.3,with,,29,0.31,0.086,1.12,2.5,0.1,6.8,22.0,0.4,3,0.0,-1.022,0.0,-3.1,-0.99,3.1,-142.0,-1.0,120.0
B_stop1,1,stop,or,,,both,0.0,0.2,0.3,with,1.0,29,0.207,0.119,1.25,3.5,0.17,6.8,68.0,0.6,3,0.0,-1.022,0.0,-3.1,-0.99,3.1,-142.0,-1.0,120.0
B_stop1,1,stop,or,,,both,0.0,0.2,0.3,with,2.0,29,0.241,0.165,1.3,4.8,0.21,6.7,91.0,0.9,3,0.0,-1.022,0.0,-3.1,-0.99,3.1,-142.0,-1.0,120.0
B_stop1,1,stop,or,,,both,0.0,0.2,0.3,against,,36,0.222,0.448,1.59,16.1,0.38,5.4,225.0,2.9,7,0.429,0.68,2.17,4.8,0.4,3.1,118.0,1.6,120.0
B_stop1,1,stop,or,,,both,0.0,0.2,0.3,against,1.0,36,0.194,0.512,1.86,18.4,0.45,4.5,312.0,3.3,7,0.286,0.918,4.04,6.4,0.56,2.1,190.0,2.1,120.0
B_stop1,1,stop,or,,,both,0.0,0.2,0.3,against,2.0,36,0.222,0.546,1.82,19.7,0.47,5.1,329.0,3.5,7,0.286,0.775,2.74,5.4,0.46,3.1,149.0,1.8,120.0
B_stop1,1,stop,or,,,both,0.0,0.2,0.5,,,75,0.307,0.376,1.54,28.2,0.54,6.3,679.0,5.1,10,0.3,0.17,1.24,1.7,0.14,6.1,-24.0,0.6,120.0
B_stop1,1,stop,or,,,both,0.0,0.2,0.5,,1.0,75,0.2,0.336,1.64,25.2,0.52,6.0,504.0,4.5,10,0.2,0.336,1.65,3.4,0.28,5.1,48.0,1.1,120.0
B_stop1,1,stop,or,,,both,0.0,0.2,0.5,,2.0,75,0.267,0.416,1.71,31.2,0.61,6.6,654.0,5.6,10,0.2,0.236,1.38,2.4,0.19,6.1,7.0,0.8,120.0
B_stop1,1,stop,or,,,both,0.0,0.2,0.5,with,,32,0.312,0.101,1.14,3.2,0.13,7.8,144.0,0.6,3,0.0,-1.022,0.0,-3.1,-0.99,3.1,-142.0,-1.0,120.0
B_stop1,1,stop,or,,,both,0.0,0.2,0.5,with,1.0,32,0.188,0.043,1.09,1.4,0.07,7.8,-9.0,0.2,3,0.0,-1.022,0.0,-3.1,-0.99,3.1,-142.0,-1.0,120.0
B_stop1,1,stop,or,,,both,0.0,0.2,0.5,with,2.0,32,0.219,0.085,1.15,2.7,0.12,7.8,14.0,0.5,3,0.0,-1.022,0.0,-3.1,-0.99,3.1,-142.0,-1.0,120.0
B_stop1,1,stop,or,,,both,0.0,0.2,0.5,against,,43,0.302,0.58,1.84,25.0,0.55,5.1,535.0,4.5,7,0.429,0.68,2.17,4.8,0.4,3.1,118.0,1.6,120.0
B_stop1,1,stop,or,,,both,0.0,0.2,0.5,against,1.0,43,0.209,0.555,2.01,23.9,0.54,4.5,513.0,4.3,7,0.286,0.918,4.04,6.4,0.56,2.1,190.0,2.1,120.0
B_stop1,1,stop,or,,,both,0.0,0.2,0.5,against,2.0,43,0.302,0.662,2.09,28.5,0.63,5.1,640.0,5.1,7,0.286,0.775,2.74,5.4,0.46,3.1,149.0,1.8,120.0
B_stop1,1,stop,or,,,both,0.0,0.2,9.0,,,76,0.303,0.366,1.53,27.8,0.53,6.3,656.0,5.0,10,0.3,0.17,1.24,1.7,0.14,6.1,-24.0,0.6,120.0
B_stop1,1,stop,or,,,both,0.0,0.2,9.0,,1.0,76,0.197,0.332,1.64,25.2,0.52,6.0,503.0,4.5,10,0.2,0.336,1.65,3.4,0.28,5.1,48.0,1.1,120.0
B_stop1,1,stop,or,,,both,0.0,0.2,9.0,,2.0,76,0.263,0.406,1.69,30.8,0.6,6.6,631.0,5.5,10,0.2,0.236,1.38,2.4,0.19,6.1,7.0,0.8,120.0
B_stop1,1,stop,or,,,both,0.0,0.2,9.0,with,,32,0.312,0.101,1.14,3.2,0.13,7.8,144.0,0.6,3,0.0,-1.022,0.0,-3.1,-0.99,3.1,-142.0,-1.0,120.0
B_stop1,1,stop,or,,,both,0.0,0.2,9.0,with,1.0,32,0.188,0.043,1.09,1.4,0.07,7.8,-9.0,0.2,3,0.0,-1.022,0.0,-3.1,-0.99,3.1,-142.0,-1.0,120.0
B_stop1,1,stop,or,,,both,0.0,0.2,9.0,with,2.0,32,0.219,0.085,1.15,2.7,0.12,7.8,14.0,0.5,3,0.0,-1.022,0.0,-3.1,-0.99,3.1,-142.0,-1.0,120.0
B_stop1,1,stop,or,,,both,0.0,0.2,9.0,against,,44,0.295,0.559,1.82,24.6,0.54,5.1,512.0,4.4,7,0.429,0.68,2.17,4.8,0.4,3.1,118.0,1.6,120.0
B_stop1,1,stop,or,,,both,0.0,0.2,9.0,against,1.0,44,0.205,0.542,2.01,23.8,0.54,4.5,512.0,4.3,7,0.286,0.918,4.04,6.4,0.56,2.1,190.0,2.1,120.0
B_stop1,1,stop,or,,,both,0.0,0.2,9.0,against,2.0,44,0.295,0.639,2.06,28.1,0.62,5.1,617.0,5.0,7,0.286,0.775,2.74,5.4,0.46,3.1,149.0,1.8,120.0
B_stop1,1,stop,or,,,both,1.0,0.0,0.3,,,600,0.218,0.302,1.36,181.3,1.01,37.0,2335.0,32.5,333,0.186,0.466,1.55,155.2,1.31,34.2,4036.0,51.9,120.0
B_stop1,1,stop,or,,,both,1.0,0.0,0.3,,1.0,600,0.128,0.253,1.48,151.6,1.02,29.0,2317.0,27.2,333,0.117,0.443,1.83,147.5,1.42,20.1,4078.0,49.3,120.0
B_stop1,1,stop,or,,,both,1.0,0.0,0.3,,2.0,600,0.165,0.272,1.4,163.2,0.99,37.5,2483.0,29.3,333,0.153,0.525,1.77,174.9,1.51,21.4,4665.0,58.4,120.0
B_stop1,1,stop,or,,,both,1.0,0.0,0.3,with,,258,0.248,0.415,1.51,107.0,0.92,22.4,1551.0,19.2,153,0.19,0.418,1.5,64.0,0.86,18.5,1583.0,21.4,120.0
B_stop1,1,stop,or,,,both,1.0,0.0,0.3,with,1.0,258,0.143,0.26,1.48,67.1,0.7,19.5,1221.0,12.0,153,0.124,0.4,1.72,61.1,0.93,13.7,1533.0,20.4,120.0
B_stop1,1,stop,or,,,both,1.0,0.0,0.3,with,2.0,258,0.194,0.343,1.51,88.5,0.83,24.4,1480.0,15.9,153,0.157,0.448,1.67,68.5,0.96,15.7,1779.0,22.9,120.0
B_stop1,1,stop,or,,,both,1.0,0.0,0.3,against,,342,0.196,0.217,1.25,74.3,0.54,23.3,784.0,13.3,180,0.183,0.506,1.6,91.2,0.99,24.1,2453.0,30.5,120.0
B_stop1,1,stop,or,,,both,1.0,0.0,0.3,against,1.0,342,0.117,0.247,1.48,84.5,0.73,19.9,1096.0,15.2,180,0.111,0.48,1.92,86.3,1.07,14.8,2544.0,28.9,120.0
B_stop1,1,stop,or,,,both,1.0,0.0,0.3,against,2.0,342,0.143,0.218,1.32,74.7,0.59,29.9,1003.0,13.4,180,0.15,0.591,1.85,106.4,1.17,21.8,2886.0,35.5,120.0
B_stop1,1,stop,or,,,both,1.0,0.0,0.5,,,610,0.225,0.313,1.37,190.9,1.06,37.0,2767.0,34.2,333,0.186,0.466,1.55,155.2,1.31,34.2,4036.0,51.9,120.0
B_stop1,1,stop,or,,,both,1.0,0.0,0.5,,1.0,610,0.13,0.254,1.49,155.0,1.03,29.0,2441.0,27.8,333,0.117,0.443,1.83,147.5,1.42,20.1,4078.0,49.3,120.0
B_stop1,1,stop,or,,,both,1.0,0.0,0.5,,2.0,610,0.17,0.279,1.41,170.0,1.02,37.5,2716.0,30.5,333,0.153,0.525,1.77,174.9,1.51,21.4,4665.0,58.4,120.0
B_stop1,1,stop,or,,,both,1.0,0.0,0.5,with,,261,0.249,0.413,1.51,107.8,0.93,22.4,1673.0,19.3,153,0.19,0.418,1.5,64.0,0.86,18.5,1583.0,21.4,120.0
B_stop1,1,stop,or,,,both,1.0,0.0,0.5,with,1.0,261,0.142,0.249,1.46,65.0,0.68,20.5,1144.0,11.7,153,0.124,0.4,1.72,61.1,0.93,13.7,1533.0,20.4,120.0
B_stop1,1,stop,or,,,both,1.0,0.0,0.5,with,2.0,261,0.192,0.331,1.49,86.4,0.81,25.4,1403.0,15.5,153,0.157,0.448,1.67,68.5,0.96,15.7,1779.0,22.9,120.0
B_stop1,1,stop,or,,,both,1.0,0.0,0.5,against,,349,0.206,0.238,1.28,83.1,0.6,23.3,1095.0,14.9,180,0.183,0.506,1.6,91.2,0.99,24.1,2453.0,30.5,120.0
B_stop1,1,stop,or,,,both,1.0,0.0,0.5,against,1.0,349,0.12,0.258,1.51,90.0,0.77,19.9,1297.0,16.1,180,0.111,0.48,1.92,86.3,1.07,14.8,2544.0,28.9,120.0
B_stop1,1,stop,or,,,both,1.0,0.0,0.5,against,2.0,349,0.155,0.239,1.35,83.5,0.65,29.9,1313.0,15.0,180,0.15,0.591,1.85,106.4,1.17,21.8,2886.0,35.5,120.0
B_stop1,1,stop,or,,,both,1.0,0.0,9.0,,,611,0.224,0.312,1.37,190.5,1.05,37.0,2744.0,34.2,333,0.186,0.466,1.55,155.2,1.31,34.2,4036.0,51.9,120.0
B_stop1,1,stop,or,,,both,1.0,0.0,9.0,,1.0,611,0.129,0.254,1.49,154.9,1.03,29.0,2440.0,27.8,333,0.117,0.443,1.83,147.5,1.42,20.1,4078.0,49.3,120.0
B_stop1,1,stop,or,,,both,1.0,0.0,9.0,,2.0,611,0.17,0.278,1.41,169.6,1.02,37.5,2693.0,30.4,333,0.153,0.525,1.77,174.9,1.51,21.4,4665.0,58.4,120.0
B_stop1,1,stop,or,,,both,1.0,0.0,9.0,with,,261,0.249,0.413,1.51,107.8,0.93,22.4,1673.0,19.3,153,0.19,0.418,1.5,64.0,0.86,18.5,1583.0,21.4,120.0
B_stop1,1,stop,or,,,both,1.0,0.0,9.0,with,1.0,261,0.142,0.249,1.46,65.0,0.68,20.5,1144.0,11.7,153,0.124,0.4,1.72,61.1,0.93,13.7,1533.0,20.4,120.0
B_stop1,1,stop,or,,,both,1.0,0.0,9.0,with,2.0,261,0.192,0.331,1.49,86.4,0.81,25.4,1403.0,15.5,153,0.157,0.448,1.67,68.5,0.96,15.7,1779.0,22.9,120.0
B_stop1,1,stop,or,,,both,1.0,0.0,9.0,against,,350,0.206,0.236,1.28,82.7,0.6,23.3,1072.0,14.8,180,0.183,0.506,1.6,91.2,0.99,24.1,2453.0,30.5,120.0
B_stop1,1,stop,or,,,both,1.0,0.0,9.0,against,1.0,350,0.12,0.257,1.51,90.0,0.77,19.9,1296.0,16.1,180,0.111,0.48,1.92,86.3,1.07,14.8,2544.0,28.9,120.0
B_stop1,1,stop,or,,,both,1.0,0.0,9.0,against,2.0,350,0.154,0.238,1.35,83.2,0.65,29.9,1290.0,14.9,180,0.15,0.591,1.85,106.4,1.17,21.8,2886.0,35.5,120.0
B_stop1,1,stop,or,,,both,1.0,0.1,0.3,,,423,0.21,0.206,1.24,87.3,0.6,42.8,1326.0,15.7,213,0.188,0.266,1.32,56.6,0.68,31.1,2039.0,18.9,120.0
B_stop1,1,stop,or,,,both,1.0,0.1,0.3,,1.0,423,0.132,0.221,1.42,93.4,0.78,29.8,1833.0,16.8,213,0.108,0.222,1.41,47.3,0.69,22.1,2121.0,15.8,120.0
B_stop1,1,stop,or,,,both,1.0,0.1,0.3,,2.0,423,0.17,0.229,1.33,97.0,0.71,41.8,1751.0,17.4,213,0.146,0.293,1.43,62.4,0.79,20.4,2390.0,20.8,120.0
B_stop1,1,stop,or,,,both,1.0,0.1,0.3,with,,177,0.215,0.069,1.08,12.3,0.15,36.0,434.0,2.2,99,0.162,0.078,1.09,7.7,0.15,33.0,237.0,2.6,120.0
B_stop1,1,stop,or,,,both,1.0,0.1,0.3,with,1.0,177,0.124,0.056,1.1,9.9,0.14,32.2,706.0,1.8,99,0.101,0.143,1.25,14.2,0.31,24.6,569.0,4.7,120.0
B_stop1,1,stop,or,,,both,1.0,0.1,0.3,with,2.0,177,0.169,0.069,1.09,12.2,0.15,38.1,500.0,2.2,99,0.131,0.094,1.14,9.3,0.2,28.0,411.0,3.1,120.0
B_stop1,1,stop,or,,,both,1.0,0.1,0.3,against,,246,0.207,0.305,1.36,75.0,0.63,28.7,892.0,13.5,114,0.211,0.429,1.53,48.9,0.74,18.0,1803.0,16.3,120.0
B_stop1,1,stop,or,,,both,1.0,0.1,0.3,against,1.0,246,0.138,0.34,1.7,83.6,0.86,15.0,1127.0,15.0,114,0.114,0.291,1.56,33.1,0.64,14.5,1551.0,11.1,120.0
B_stop1,1,stop,or,,,both,1.0,0.1,0.3,against,2.0,246,0.171,0.345,1.52,84.8,0.77,20.0,1251.0,15.2,114,0.158,0.466,1.69,53.1,0.82,17.5,1979.0,17.7,120.0
B_stop1,1,stop,or,,,both,1.0,0.1,0.5,,,433,0.219,0.224,1.27,96.9,0.66,42.8,1758.0,17.4,213,0.188,0.266,1.32,56.6,0.68,31.1,2039.0,18.9,120.0
B_stop1,1,stop,or,,,both,1.0,0.1,0.5,,1.0,433,0.134,0.224,1.43,96.8,0.8,28.8,1957.0,17.4,213,0.108,0.222,1.41,47.3,0.69,22.1,2121.0,15.8,120.0
B_stop1,1,stop,or,,,both,1.0,0.1,0.5,,2.0,433,0.178,0.239,1.35,103.7,0.75,41.8,1984.0,18.6,213,0.146,0.293,1.43,62.4,0.79,20.4,2390.0,20.8,120.0
B_stop1,1,stop,or,,,both,1.0,0.1,0.5,with,,180,0.217,0.072,1.09,13.0,0.16,37.0,556.0,2.3,99,0.162,0.078,1.09,7.7,0.15,33.0,237.0,2.6,120.0
B_stop1,1,stop,or,,,both,1.0,0.1,0.5,with,1.0,180,0.122,0.043,1.07,7.8,0.11,33.2,629.0,1.4,99,0.101,0.143,1.25,14.2,0.31,24.6,569.0,4.7,120.0
B_stop1,1,stop,or,,,both,1.0,0.1,0.5,with,2.0,180,0.167,0.056,1.08,10.1,0.13,39.1,423.0,1.8,99,0.131,0.094,1.14,9.3,0.2,28.0,411.0,3.1,120.0
B_stop1,1,stop,or,,,both,1.0,0.1,0.5,against,,253,0.221,0.331,1.4,83.9,0.69,28.7,1202.0,15.0,114,0.211,0.429,1.53,48.9,0.74,18.0,1803.0,16.3,120.0
B_stop1,1,stop,or,,,both,1.0,0.1,0.5,against,1.0,253,0.142,0.352,1.73,89.0,0.9,15.0,1328.0,16.0,114,0.114,0.291,1.56,33.1,0.64,14.5,1551.0,11.1,120.0
B_stop1,1,stop,or,,,both,1.0,0.1,0.5,against,2.0,253,0.186,0.37,1.56,93.6,0.83,20.0,1561.0,16.8,114,0.158,0.466,1.69,53.1,0.82,17.5,1979.0,17.7,120.0
B_stop1,1,stop,or,,,both,1.0,0.1,9.0,,,434,0.219,0.222,1.27,96.5,0.66,42.8,1735.0,17.3,213,0.188,0.266,1.32,56.6,0.68,31.1,2039.0,18.9,120.0
B_stop1,1,stop,or,,,both,1.0,0.1,9.0,,1.0,434,0.134,0.223,1.43,96.8,0.8,28.8,1956.0,17.4,213,0.108,0.222,1.41,47.3,0.69,22.1,2121.0,15.8,120.0
B_stop1,1,stop,or,,,both,1.0,0.1,9.0,,2.0,434,0.177,0.238,1.35,103.3,0.75,41.8,1961.0,18.5,213,0.146,0.293,1.43,62.4,0.79,20.4,2390.0,20.8,120.0
B_stop1,1,stop,or,,,both,1.0,0.1,9.0,with,,180,0.217,0.072,1.09,13.0,0.16,37.0,556.0,2.3,99,0.162,0.078,1.09,7.7,0.15,33.0,237.0,2.6,120.0
B_stop1,1,stop,or,,,both,1.0,0.1,9.0,with,1.0,180,0.122,0.043,1.07,7.8,0.11,33.2,629.0,1.4,99,0.101,0.143,1.25,14.2,0.31,24.6,569.0,4.7,120.0
B_stop1,1,stop,or,,,both,1.0,0.1,9.0,with,2.0,180,0.167,0.056,1.08,10.1,0.13,39.1,423.0,1.8,99,0.131,0.094,1.14,9.3,0.2,28.0,411.0,3.1,120.0
B_stop1,1,stop,or,,,both,1.0,0.1,9.0,against,,254,0.22,0.329,1.4,83.5,0.69,28.7,1179.0,15.0,114,0.211,0.429,1.53,48.9,0.74,18.0,1803.0,16.3,120.0
B_stop1,1,stop,or,,,both,1.0,0.1,9.0,against,1.0,254,0.142,0.35,1.73,89.0,0.9,15.0,1327.0,16.0,114,0.114,0.291,1.56,33.1,0.64,14.5,1551.0,11.1,120.0
B_stop1,1,stop,or,,,both,1.0,0.1,9.0,against,2.0,254,0.185,0.367,1.56,93.2,0.83,20.0,1538.0,16.7,114,0.158,0.466,1.69,53.1,0.82,17.5,1979.0,17.7,120.0
B_stop1,1,stop,or,,,both,1.0,0.2,0.3,,,59,0.271,0.326,1.45,19.2,0.41,10.6,399.0,3.4,10,0.3,0.17,1.24,1.7,0.14,6.1,-24.0,0.6,120.0
B_stop1,1,stop,or,,,both,1.0,0.2,0.3,,1.0,59,0.203,0.364,1.69,21.4,0.49,8.9,480.0,3.8,10,0.2,0.336,1.65,3.4,0.28,5.1,48.0,1.1,120.0
B_stop1,1,stop,or,,,both,1.0,0.2,0.3,,2.0,59,0.237,0.424,1.72,25.0,0.54,9.9,573.0,4.5,10,0.2,0.236,1.38,2.4,0.19,6.1,7.0,0.8,120.0
B_stop1,1,stop,or,,,both,1.0,0.2,0.3,with,,27,0.333,0.169,1.25,4.6,0.19,6.8,103.0,0.8,3,0.0,-1.022,0.0,-3.1,-0.99,3.1,-142.0,-1.0,120.0
B_stop1,1,stop,or,,,both,1.0,0.2,0.3,with,1.0,27,0.222,0.167,1.36,4.5,0.22,6.8,96.0,0.8,3,0.0,-1.022,0.0,-3.1,-0.99,3.1,-142.0,-1.0,120.0
B_stop1,1,stop,or,,,both,1.0,0.2,0.3,with,2.0,27,0.259,0.254,1.5,6.9,0.3,6.7,173.0,1.2,3,0.0,-1.022,0.0,-3.1,-0.99,3.1,-142.0,-1.0,120.0
B_stop1,1,stop,or,,,both,1.0,0.2,0.3,against,,32,0.219,0.458,1.6,14.7,0.36,5.4,296.0,2.6,7,0.429,0.68,2.17,4.8,0.4,3.1,118.0,1.6,120.0
B_stop1,1,stop,or,,,both,1.0,0.2,0.3,against,1.0,32,0.188,0.529,1.92,16.9,0.43,4.5,383.0,3.0,7,0.286,0.918,4.04,6.4,0.56,2.1,190.0,2.1,120.0
B_stop1,1,stop,or,,,both,1.0,0.2,0.3,against,2.0,32,0.219,0.568,1.87,18.2,0.45,4.5,400.0,3.3,7,0.286,0.775,2.74,5.4,0.46,3.1,149.0,1.8,120.0
B_stop1,1,stop,or,,,both,1.0,0.2,0.5,,,69,0.319,0.417,1.61,28.8,0.57,7.4,831.0,5.2,10,0.3,0.17,1.24,1.7,0.14,6.1,-24.0,0.6,120.0
B_stop1,1,stop,or,,,both,1.0,0.2,0.5,,1.0,69,0.203,0.36,1.7,24.8,0.52,6.7,603.0,4.4,10,0.2,0.336,1.65,3.4,0.28,5.1,48.0,1.1,120.0
B_stop1,1,stop,or,,,both,1.0,0.2,0.5,,2.0,69,0.275,0.46,1.82,31.8,0.64,7.7,806.0,5.7,10,0.2,0.236,1.38,2.4,0.19,6.1,7.0,0.8,120.0
B_stop1,1,stop,or,,,both,1.0,0.2,0.5,with,,30,0.333,0.177,1.26,5.3,0.21,7.8,225.0,1.0,3,0.0,-1.022,0.0,-3.1,-0.99,3.1,-142.0,-1.0,120.0
B_stop1,1,stop,or,,,both,1.0,0.2,0.5,with,1.0,30,0.2,0.081,1.17,2.4,0.12,7.8,19.0,0.4,3,0.0,-1.022,0.0,-3.1,-0.99,3.1,-142.0,-1.0,120.0
B_stop1,1,stop,or,,,both,1.0,0.2,0.5,with,2.0,30,0.233,0.159,1.3,4.8,0.21,7.8,96.0,0.9,3,0.0,-1.022,0.0,-3.1,-0.99,3.1,-142.0,-1.0,120.0
B_stop1,1,stop,or,,,both,1.0,0.2,0.5,against,,39,0.308,0.602,1.89,23.5,0.53,5.1,606.0,4.2,7,0.429,0.68,2.17,4.8,0.4,3.1,118.0,1.6,120.0
B_stop1,1,stop,or,,,both,1.0,0.2,0.5,against,1.0,39,0.205,0.574,2.09,22.4,0.53,4.5,584.0,4.0,7,0.286,0.918,4.04,6.4,0.56,2.1,190.0,2.1,120.0
B_stop1,1,stop,or,,,both,1.0,0.2,0.5,against,2.0,39,0.308,0.692,2.17,27.0,0.61,4.4,711.0,4.8,7,0.286,0.775,2.74,5.4,0.46,3.1,149.0,1.8,120.0
B_stop1,1,stop,or,,,both,1.0,0.2,9.0,,,70,0.314,0.406,1.6,28.4,0.56,7.4,808.0,5.1,10,0.3,0.17,1.24,1.7,0.14,6.1,-24.0,0.6,120.0
B_stop1,1,stop,or,,,both,1.0,0.2,9.0,,1.0,70,0.2,0.354,1.7,24.8,0.52,6.7,602.0,4.4,10,0.2,0.336,1.65,3.4,0.28,5.1,48.0,1.1,120.0
B_stop1,1,stop,or,,,both,1.0,0.2,9.0,,2.0,70,0.271,0.449,1.8,31.4,0.63,7.7,783.0,5.6,10,0.2,0.236,1.38,2.4,0.19,6.1,7.0,0.8,120.0
B_stop1,1,stop,or,,,both,1.0,0.2,9.0,with,,30,0.333,0.177,1.26,5.3,0.21,7.8,225.0,1.0,3,0.0,-1.022,0.0,-3.1,-0.99,3.1,-142.0,-1.0,120.0
B_stop1,1,stop,or,,,both,1.0,0.2,9.0,with,1.0,30,0.2,0.081,1.17,2.4,0.12,7.8,19.0,0.4,3,0.0,-1.022,0.0,-3.1,-0.99,3.1,-142.0,-1.0,120.0
B_stop1,1,stop,or,,,both,1.0,0.2,9.0,with,2.0,30,0.233,0.159,1.3,4.8,0.21,7.8,96.0,0.9,3,0.0,-1.022,0.0,-3.1,-0.99,3.1,-142.0,-1.0,120.0
B_stop1,1,stop,or,,,both,1.0,0.2,9.0,against,,40,0.3,0.578,1.86,23.1,0.52,5.1,583.0,4.1,7,0.429,0.68,2.17,4.8,0.4,3.1,118.0,1.6,120.0
B_stop1,1,stop,or,,,both,1.0,0.2,9.0,against,1.0,40,0.2,0.559,2.08,22.4,0.53,4.5,583.0,4.0,7,0.286,0.918,4.04,6.4,0.56,2.1,190.0,2.1,120.0
B_stop1,1,stop,or,,,both,1.0,0.2,9.0,against,2.0,40,0.3,0.666,2.14,26.6,0.61,4.4,688.0,4.8,7,0.286,0.775,2.74,5.4,0.46,3.1,149.0,1.8,120.0
B_stop1,1,stop,or,,,both,1.25,0.0,0.3,,,285,0.225,0.385,1.46,109.6,0.85,30.2,1602.0,19.7,118,0.178,0.475,1.56,56.0,0.77,40.2,1637.0,18.7,120.0
B_stop1,1,stop,or,,,both,1.25,0.0,0.3,,1.0,285,0.14,0.35,1.68,99.6,0.91,27.3,1967.0,17.9,118,0.119,0.588,2.17,69.4,1.02,25.3,2148.0,23.2,120.0
B_stop1,1,stop,or,,,both,1.25,0.0,0.3,,2.0,285,0.172,0.386,1.59,110.1,0.91,32.1,2079.0,19.7,118,0.127,0.469,1.69,55.4,0.8,33.3,1688.0,18.5,120.0
B_stop1,1,stop,or,,,both,1.25,0.0,0.3,with,,112,0.25,0.416,1.51,46.6,0.59,23.7,1110.0,8.4,56,0.143,0.107,1.12,6.0,0.15,34.0,-14.0,2.0,120.0
B_stop1,1,stop,or,,,both,1.25,0.0,0.3,with,1.0,112,0.161,0.301,1.54,33.7,0.51,17.2,1098.0,6.0,56,0.071,0.134,1.25,7.5,0.21,25.5,57.0,2.5,120.0
B_stop1,1,stop,or,,,both,1.25,0.0,0.3,with,2.0,112,0.188,0.301,1.45,33.7,0.49,21.2,1080.0,6.0,56,0.071,-0.027,0.96,-1.5,-0.04,34.5,-218.0,-0.5,120.0
B_stop1,1,stop,or,,,both,1.25,0.0,0.3,against,,173,0.208,0.364,1.43,63.0,0.61,21.5,493.0,11.3,62,0.21,0.807,1.99,50.0,0.84,18.6,1651.0,16.7,120.0
B_stop1,1,stop,or,,,both,1.25,0.0,0.3,against,1.0,173,0.127,0.381,1.77,66.0,0.75,15.2,869.0,11.8,62,0.161,0.998,3.08,61.9,1.08,9.6,2090.0,20.7,120.0
B_stop1,1,stop,or,,,both,1.25,0.0,0.3,against,2.0,173,0.162,0.442,1.69,76.4,0.76,19.9,999.0,13.7,62,0.177,0.917,2.36,56.9,0.96,14.6,1906.0,19.0,120.0
B_stop1,1,stop,or,,,both,1.25,0.0,0.5,,,295,0.237,0.404,1.49,119.2,0.91,26.8,2035.0,21.4,118,0.178,0.475,1.56,56.0,0.77,40.2,1637.0,18.7,120.0
B_stop1,1,stop,or,,,both,1.25,0.0,0.5,,1.0,295,0.142,0.349,1.68,103.0,0.93,27.3,2091.0,18.5,118,0.119,0.588,2.17,69.4,1.02,25.3,2148.0,23.2,120.0
B_stop1,1,stop,or,,,both,1.25,0.0,0.5,,2.0,295,0.183,0.396,1.61,116.9,0.95,30.3,2312.0,21.0,118,0.127,0.469,1.69,55.4,0.8,33.3,1688.0,18.5,120.0
B_stop1,1,stop,or,,,both,1.25,0.0,0.5,with,,115,0.252,0.412,1.5,47.3,0.6,23.7,1232.0,8.5,56,0.143,0.107,1.12,6.0,0.15,34.0,-14.0,2.0,120.0
B_stop1,1,stop,or,,,both,1.25,0.0,0.5,with,1.0,115,0.157,0.275,1.49,31.6,0.48,17.2,1021.0,5.7,56,0.071,0.134,1.25,7.5,0.21,25.5,57.0,2.5,120.0
B_stop1,1,stop,or,,,both,1.25,0.0,0.5,with,2.0,115,0.183,0.275,1.41,31.6,0.46,21.2,1002.0,5.7,56,0.071,-0.027,0.96,-1.5,-0.04,34.5,-218.0,-0.5,120.0
B_stop1,1,stop,or,,,both,1.25,0.0,0.5,against,,180,0.228,0.399,1.49,71.8,0.68,17.3,803.0,12.9,62,0.21,0.807,1.99,50.0,0.84,18.6,1651.0,16.7,120.0
B_stop1,1,stop,or,,,both,1.25,0.0,0.5,against,1.0,180,0.133,0.397,1.82,71.4,0.8,15.2,1070.0,12.8,62,0.161,0.998,3.08,61.9,1.08,9.6,2090.0,20.7,120.0
B_stop1,1,stop,or,,,both,1.25,0.0,0.5,against,2.0,180,0.183,0.473,1.75,85.2,0.84,16.8,1309.0,15.3,62,0.177,0.917,2.36,56.9,0.96,14.6,1906.0,19.0,120.0
B_stop1,1,stop,or,,,both,1.25,0.0,9.0,,,296,0.236,0.401,1.49,118.8,0.91,26.8,2012.0,21.3,118,0.178,0.475,1.56,56.0,0.77,40.2,1637.0,18.7,120.0
B_stop1,1,stop,or,,,both,1.25,0.0,9.0,,1.0,296,0.142,0.348,1.68,103.0,0.93,27.3,2090.0,18.5,118,0.119,0.588,2.17,69.4,1.02,25.3,2148.0,23.2,120.0
B_stop1,1,stop,or,,,both,1.25,0.0,9.0,,2.0,296,0.182,0.394,1.61,116.5,0.95,30.3,2289.0,20.9,118,0.127,0.469,1.69,55.4,0.8,33.3,1688.0,18.5,120.0
B_stop1,1,stop,or,,,both,1.25,0.0,9.0,with,,115,0.252,0.412,1.5,47.3,0.6,23.7,1232.0,8.5,56,0.143,0.107,1.12,6.0,0.15,34.0,-14.0,2.0,120.0
B_stop1,1,stop,or,,,both,1.25,0.0,9.0,with,1.0,115,0.157,0.275,1.49,31.6,0.48,17.2,1021.0,5.7,56,0.071,0.134,1.25,7.5,0.21,25.5,57.0,2.5,120.0
B_stop1,1,stop,or,,,both,1.25,0.0,9.0,with,2.0,115,0.183,0.275,1.41,31.6,0.46,21.2,1002.0,5.7,56,0.071,-0.027,0.96,-1.5,-0.04,34.5,-218.0,-0.5,120.0
B_stop1,1,stop,or,,,both,1.25,0.0,9.0,against,,181,0.227,0.395,1.48,71.5,0.68,17.7,780.0,12.8,62,0.21,0.807,1.99,50.0,0.84,18.6,1651.0,16.7,120.0
B_stop1,1,stop,or,,,both,1.25,0.0,9.0,against,1.0,181,0.133,0.394,1.82,71.4,0.8,15.2,1069.0,12.8,62,0.161,0.998,3.08,61.9,1.08,9.6,2090.0,20.7,120.0
B_stop1,1,stop,or,,,both,1.25,0.0,9.0,against,2.0,181,0.182,0.469,1.75,84.9,0.84,16.8,1286.0,15.2,62,0.177,0.917,2.36,56.9,0.96,14.6,1906.0,19.0,120.0
B_stop1,1,stop,or,,,both,1.25,0.1,0.3,,,224,0.205,0.235,1.28,52.7,0.48,29.6,1008.0,9.5,89,0.191,0.447,1.54,39.8,0.69,30.8,1410.0,13.3,120.0
B_stop1,1,stop,or,,,both,1.25,0.1,0.3,,1.0,224,0.138,0.277,1.52,62.1,0.67,22.9,1497.0,11.1,89,0.124,0.498,2.0,44.3,0.84,18.8,1728.0,14.8,120.0
B_stop1,1,stop,or,,,both,1.25,0.1,0.3,,2.0,224,0.174,0.351,1.53,78.6,0.74,29.3,1727.0,14.1,89,0.135,0.419,1.64,37.3,0.68,24.8,1457.0,12.5,120.0
B_stop1,1,stop,or,,,both,1.25,0.1,0.3,with,,88,0.227,0.158,1.19,13.9,0.22,20.8,771.0,2.5,44,0.136,0.041,1.05,1.8,0.05,27.8,-95.0,0.6,120.0
B_stop1,1,stop,or,,,both,1.25,0.1,0.3,with,1.0,88,0.148,0.177,1.3,15.6,0.28,17.9,862.0,2.8,44,0.068,-0.014,0.98,-0.6,-0.02,21.0,-82.0,-0.2,120.0
B_stop1,1,stop,or,,,both,1.25,0.1,0.3,with,2.0,88,0.182,0.201,1.28,17.7,0.29,21.1,875.0,3.2,44,0.068,-0.15,0.79,-6.6,-0.23,27.0,-284.0,-2.2,120.0
B_stop1,1,stop,or,,,both,1.25,0.1,0.3,against,,136,0.191,0.285,1.34,38.8,0.44,21.6,238.0,7.0,45,0.244,0.845,2.09,38.0,0.82,13.3,1505.0,12.7,120.0
B_stop1,1,stop,or,,,both,1.25,0.1,0.3,against,1.0,136,0.132,0.342,1.69,46.5,0.63,10.8,635.0,8.3,45,0.178,0.997,3.36,44.9,1.01,6.3,1810.0,15.0,120.0
B_stop1,1,stop,or,,,both,1.25,0.1,0.3,against,2.0,136,0.169,0.448,1.7,60.9,0.7,13.8,852.0,10.9,45,0.2,0.975,2.63,43.9,0.95,10.3,1741.0,14.7,120.0
B_stop1,1,stop,or,,,both,1.25,0.1,0.5,,,234,0.222,0.266,1.32,62.3,0.56,27.5,1441.0,11.2,89,0.191,0.447,1.54,39.8,0.69,30.8,1410.0,13.3,120.0
B_stop1,1,stop,or,,,both,1.25,0.1,0.5,,1.0,234,0.141,0.28,1.53,65.4,0.69,22.1,1620.0,11.7,89,0.124,0.498,2.0,44.3,0.84,18.8,1728.0,14.8,120.0
B_stop1,1,stop,or,,,both,1.25,0.1,0.5,,2.0,234,0.188,0.365,1.55,85.3,0.79,28.1,1960.0,15.3,89,0.135,0.419,1.64,37.3,0.68,24.8,1457.0,12.5,120.0
B_stop1,1,stop,or,,,both,1.25,0.1,0.5,with,,91,0.231,0.161,1.19,14.6,0.23,21.9,893.0,2.6,44,0.136,0.041,1.05,1.8,0.05,27.8,-95.0,0.6,120.0
B_stop1,1,stop,or,,,both,1.25,0.1,0.5,with,1.0,91,0.143,0.149,1.25,13.5,0.24,18.9,785.0,2.4,44,0.068,-0.014,0.98,-0.6,-0.02,21.0,-82.0,-0.2,120.0
B_stop1,1,stop,or,,,both,1.25,0.1,0.5,with,2.0,91,0.176,0.171,1.24,15.6,0.26,22.1,798.0,2.8,44,0.068,-0.15,0.79,-6.6,-0.23,27.0,-284.0,-2.2,120.0
B_stop1,1,stop,or,,,both,1.25,0.1,0.5,against,,143,0.217,0.333,1.41,47.6,0.52,21.6,548.0,8.5,45,0.244,0.845,2.09,38.0,0.82,13.3,1505.0,12.7,120.0
B_stop1,1,stop,or,,,both,1.25,0.1,0.5,against,1.0,143,0.14,0.363,1.75,51.9,0.69,10.8,835.0,9.3,45,0.178,0.997,3.36,44.9,1.01,6.3,1810.0,15.0,120.0
B_stop1,1,stop,or,,,both,1.25,0.1,0.5,against,2.0,143,0.196,0.488,1.79,69.7,0.78,13.8,1163.0,12.5,45,0.2,0.975,2.63,43.9,0.95,10.3,1741.0,14.7,120.0
B_stop1,1,stop,or,,,both,1.25,0.1,9.0,,,235,0.221,0.263,1.32,61.9,0.56,27.5,1418.0,11.1,89,0.191,0.447,1.54,39.8,0.69,30.8,1410.0,13.3,120.0
B_stop1,1,stop,or,,,both,1.25,0.1,9.0,,1.0,235,0.14,0.278,1.53,65.4,0.69,22.1,1620.0,11.7,89,0.124,0.498,2.0,44.3,0.84,18.8,1728.0,14.8,120.0
B_stop1,1,stop,or,,,both,1.25,0.1,9.0,,2.0,235,0.187,0.361,1.55,84.9,0.79,28.1,1937.0,15.2,89,0.135,0.419,1.64,37.3,0.68,24.8,1457.0,12.5,120.0
B_stop1,1,stop,or,,,both,1.25,0.1,9.0,with,,91,0.231,0.161,1.19,14.6,0.23,21.9,893.0,2.6,44,0.136,0.041,1.05,1.8,0.05,27.8,-95.0,0.6,120.0
B_stop1,1,stop,or,,,both,1.25,0.1,9.0,with,1.0,91,0.143,0.149,1.25,13.5,0.24,18.9,785.0,2.4,44,0.068,-0.014,0.98,-0.6,-0.02,21.0,-82.0,-0.2,120.0
B_stop1,1,stop,or,,,both,1.25,0.1,9.0,with,2.0,91,0.176,0.171,1.24,15.6,0.26,22.1,798.0,2.8,44,0.068,-0.15,0.79,-6.6,-0.23,27.0,-284.0,-2.2,120.0
B_stop1,1,stop,or,,,both,1.25,0.1,9.0,against,,144,0.215,0.328,1.4,47.3,0.52,22.0,525.0,8.5,45,0.244,0.845,2.09,38.0,0.82,13.3,1505.0,12.7,120.0
B_stop1,1,stop,or,,,both,1.25,0.1,9.0,against,1.0,144,0.139,0.36,1.75,51.9,0.69,10.8,834.0,9.3,45,0.178,0.997,3.36,44.9,1.01,6.3,1810.0,15.0,120.0
B_stop1,1,stop,or,,,both,1.25,0.1,9.0,against,2.0,144,0.194,0.482,1.78,69.4,0.78,14.1,1140.0,12.4,45,0.2,0.975,2.63,43.9,0.95,10.3,1741.0,14.7,120.0
B_stop1,1,stop,or,,,both,1.25,0.2,0.3,,,49,0.265,0.22,1.3,10.8,0.27,8.5,95.0,1.9,8,0.125,-0.159,0.82,-1.3,-0.11,6.1,-145.0,-0.4,120.0
B_stop1,1,stop,or,,,both,1.25,0.2,0.3,,1.0,49,0.184,0.239,1.46,11.7,0.32,7.9,165.0,2.1,8,0.125,0.091,1.14,0.7,0.07,5.1,-61.0,0.2,120.0
B_stop1,1,stop,or,,,both,1.25,0.2,0.3,,2.0,49,0.224,0.317,1.54,15.6,0.4,8.9,260.0,2.8,8,0.125,-0.034,0.96,-0.3,-0.02,6.1,-102.0,-0.1,120.0
B_stop1,1,stop,or,,,both,1.25,0.2,0.3,with,,20,0.35,0.164,1.24,3.3,0.16,5.5,61.0,0.6,3,0.0,-1.022,0.0,-3.1,-0.99,3.1,-142.0,-1.0,120.0
B_stop1,1,stop,or,,,both,1.25,0.2,0.3,with,1.0,20,0.2,0.097,1.21,1.9,0.11,7.8,42.0,0.3,3,0.0,-1.022,0.0,-3.1,-0.99,3.1,-142.0,-1.0,120.0
B_stop1,1,stop,or,,,both,1.25,0.2,0.3,with,2.0,20,0.25,0.229,1.46,4.6,0.23,5.6,121.0,0.8,3,0.0,-1.022,0.0,-3.1,-0.99,3.1,-142.0,-1.0,120.0
B_stop1,1,stop,or,,,both,1.25,0.2,0.3,against,,29,0.207,0.258,1.33,7.5,0.22,5.5,34.0,1.3,5,0.2,0.359,1.44,1.8,0.16,3.1,-3.0,0.6,120.0
B_stop1,1,stop,or,,,both,1.25,0.2,0.3,against,1.0,29,0.172,0.336,1.6,9.7,0.31,4.4,122.0,1.7,5,0.2,0.759,2.82,3.8,0.36,2.1,81.0,1.3,120.0
B_stop1,1,stop,or,,,both,1.25,0.2,0.3,against,2.0,29,0.207,0.379,1.58,11.0,0.33,5.5,139.0,2.0,5,0.2,0.559,1.91,2.8,0.26,3.1,40.0,0.9,120.0
B_stop1,1,stop,or,,,both,1.25,0.2,0.5,,,59,0.322,0.344,1.5,20.3,0.46,5.3,528.0,3.6,8,0.125,-0.159,0.82,-1.3,-0.11,6.1,-145.0,-0.4,120.0
B_stop1,1,stop,or,,,both,1.25,0.2,0.5,,1.0,59,0.186,0.255,1.51,15.1,0.37,5.7,288.0,2.7,8,0.125,0.091,1.14,0.7,0.07,5.1,-61.0,0.2,120.0
B_stop1,1,stop,or,,,both,1.25,0.2,0.5,,2.0,59,0.271,0.378,1.68,22.3,0.52,6.7,493.0,4.0,8,0.125,-0.034,0.96,-0.3,-0.02,6.1,-102.0,-0.1,120.0
B_stop1,1,stop,or,,,both,1.25,0.2,0.5,with,,23,0.348,0.175,1.25,4.0,0.18,6.0,183.0,0.7,3,0.0,-1.022,0.0,-3.1,-0.99,3.1,-142.0,-1.0,120.0
B_stop1,1,stop,or,,,both,1.25,0.2,0.5,with,1.0,23,0.174,-0.006,0.99,-0.1,-0.01,9.9,-35.0,-0.0,3,0.0,-1.022,0.0,-3.1,-0.99,3.1,-142.0,-1.0,120.0
B_stop1,1,stop,or,,,both,1.25,0.2,0.5,with,2.0,23,0.217,0.109,1.21,2.5,0.13,7.3,44.0,0.4,3,0.0,-1.022,0.0,-3.1,-0.99,3.1,-142.0,-1.0,120.0
B_stop1,1,stop,or,,,both,1.25,0.2,0.5,against,,36,0.306,0.452,1.67,16.3,0.43,4.5,345.0,2.9,5,0.2,0.359,1.44,1.8,0.16,3.1,-3.0,0.6,120.0
B_stop1,1,stop,or,,,both,1.25,0.2,0.5,against,1.0,36,0.194,0.422,1.82,15.2,0.42,3.6,323.0,2.7,5,0.2,0.759,2.82,3.8,0.36,2.1,81.0,1.3,120.0
B_stop1,1,stop,or,,,both,1.25,0.2,0.5,against,2.0,36,0.306,0.55,1.95,19.8,0.52,4.5,450.0,3.5,5,0.2,0.559,1.91,2.8,0.26,3.1,40.0,0.9,120.0
B_stop1,1,stop,or,,,both,1.25,0.2,9.0,,,60,0.317,0.332,1.49,19.9,0.45,5.3,505.0,3.6,8,0.125,-0.159,0.82,-1.3,-0.11,6.1,-145.0,-0.4,120.0
B_stop1,1,stop,or,,,both,1.25,0.2,9.0,,1.0,60,0.183,0.251,1.51,15.0,0.37,5.7,287.0,2.7,8,0.125,0.091,1.14,0.7,0.07,5.1,-61.0,0.2,120.0
B_stop1,1,stop,or,,,both,1.25,0.2,9.0,,2.0,60,0.267,0.366,1.66,21.9,0.51,6.7,470.0,3.9,8,0.125,-0.034,0.96,-0.3,-0.02,6.1,-102.0,-0.1,120.0
B_stop1,1,stop,or,,,both,1.25,0.2,9.0,with,,23,0.348,0.175,1.25,4.0,0.18,6.0,183.0,0.7,3,0.0,-1.022,0.0,-3.1,-0.99,3.1,-142.0,-1.0,120.0
B_stop1,1,stop,or,,,both,1.25,0.2,9.0,with,1.0,23,0.174,-0.006,0.99,-0.1,-0.01,9.9,-35.0,-0.0,3,0.0,-1.022,0.0,-3.1,-0.99,3.1,-142.0,-1.0,120.0
B_stop1,1,stop,or,,,both,1.25,0.2,9.0,with,2.0,23,0.217,0.109,1.21,2.5,0.13,7.3,44.0,0.4,3,0.0,-1.022,0.0,-3.1,-0.99,3.1,-142.0,-1.0,120.0
B_stop1,1,stop,or,,,both,1.25,0.2,9.0,against,,37,0.297,0.43,1.64,15.9,0.42,4.8,322.0,2.9,5,0.2,0.359,1.44,1.8,0.16,3.1,-3.0,0.6,120.0
B_stop1,1,stop,or,,,both,1.25,0.2,9.0,against,1.0,37,0.189,0.41,1.82,15.2,0.42,3.6,322.0,2.7,5,0.2,0.759,2.82,3.8,0.36,2.1,81.0,1.3,120.0
B_stop1,1,stop,or,,,both,1.25,0.2,9.0,against,2.0,37,0.297,0.525,1.92,19.4,0.51,4.8,427.0,3.5,5,0.2,0.559,1.91,2.8,0.26,3.1,40.0,0.9,120.0
B_stop1,1,stop,or,,,long,0.0,0.0,0.3,,,697,0.197,0.18,1.2,125.5,0.67,30.8,1142.0,22.5,353,0.178,0.26,1.3,91.7,0.84,26.8,1848.0,30.6,120.0
B_stop1,1,stop,or,,,long,0.0,0.0,0.3,,1.0,697,0.121,0.173,1.3,120.7,0.74,35.8,1604.0,21.6,353,0.093,0.193,1.35,68.3,0.74,18.8,1621.0,22.8,120.0
B_stop1,1,stop,or,,,long,0.0,0.0,0.3,,2.0,697,0.149,0.163,1.23,113.4,0.65,33.8,1420.0,20.3,353,0.133,0.308,1.46,108.7,1.03,24.7,2395.0,36.3,120.0
B_stop1,1,stop,or,,,long,0.0,0.0,0.3,with,,379,0.216,0.278,1.32,105.4,0.74,21.9,1130.0,18.9,186,0.199,0.459,1.55,85.4,1.02,22.8,1579.0,28.5,120.0
B_stop1,1,stop,or,,,long,0.0,0.0,0.3,with,1.0,379,0.129,0.161,1.27,61.1,0.51,44.2,986.0,11.0,186,0.108,0.25,1.46,46.6,0.71,18.3,900.0,15.6,120.0
B_stop1,1,stop,or,,,long,0.0,0.0,0.3,with,2.0,379,0.164,0.194,1.27,73.5,0.57,32.7,968.0,13.2,186,0.161,0.465,1.7,86.5,1.08,18.2,1797.0,28.9,120.0
B_stop1,1,stop,or,,,long,0.0,0.0,0.3,against,,318,0.173,0.063,1.07,20.1,0.16,47.3,12.0,3.6,167,0.156,0.038,1.04,6.3,0.09,24.7,270.0,2.1,120.0
B_stop1,1,stop,or,,,long,0.0,0.0,0.3,against,1.0,318,0.11,0.187,1.34,59.6,0.55,27.4,618.0,10.7,167,0.078,0.13,1.24,21.7,0.33,14.6,721.0,7.2,120.0
B_stop1,1,stop,or,,,long,0.0,0.0,0.3,against,2.0,318,0.132,0.125,1.17,39.9,0.34,31.5,452.0,7.2,167,0.102,0.132,1.19,22.1,0.32,16.6,598.0,7.4,120.0
B_stop1,1,stop,or,,,long,0.0,0.0,0.5,,,704,0.202,0.191,1.22,134.3,0.71,30.8,1452.0,24.1,353,0.178,0.26,1.3,91.7,0.84,26.8,1848.0,30.6,120.0
B_stop1,1,stop,or,,,long,0.0,0.0,0.5,,1.0,704,0.122,0.179,1.31,126.1,0.77,35.8,1805.0,22.6,353,0.093,0.193,1.35,68.3,0.74,18.8,1621.0,22.8,120.0
B_stop1,1,stop,or,,,long,0.0,0.0,0.5,,2.0,704,0.155,0.174,1.24,122.2,0.7,33.8,1730.0,21.9,353,0.133,0.308,1.46,108.7,1.03,24.7,2395.0,36.3,120.0
B_stop1,1,stop,or,,,long,0.0,0.0,0.5,with,,379,0.216,0.278,1.32,105.4,0.74,21.9,1130.0,18.9,186,0.199,0.459,1.55,85.4,1.02,22.8,1579.0,28.5,120.0
B_stop1,1,stop,or,,,long,0.0,0.0,0.5,with,1.0,379,0.129,0.161,1.27,61.1,0.51,44.2,986.0,11.0,186,0.108,0.25,1.46,46.6,0.71,18.3,900.0,15.6,120.0
B_stop1,1,stop,or,,,long,0.0,0.0,0.5,with,2.0,379,0.164,0.194,1.27,73.5,0.57,32.7,968.0,13.2,186,0.161,0.465,1.7,86.5,1.08,18.2,1797.0,28.9,120.0
B_stop1,1,stop,or,,,long,0.0,0.0,0.5,against,,325,0.185,0.089,1.1,28.9,0.23,47.3,323.0,5.2,167,0.156,0.038,1.04,6.3,0.09,24.7,270.0,2.1,120.0
B_stop1,1,stop,or,,,long,0.0,0.0,0.5,against,1.0,325,0.114,0.2,1.37,65.0,0.59,27.4,819.0,11.7,167,0.078,0.13,1.24,21.7,0.33,14.6,721.0,7.2,120.0
B_stop1,1,stop,or,,,long,0.0,0.0,0.5,against,2.0,325,0.145,0.15,1.21,48.7,0.41,31.5,762.0,8.7,167,0.102,0.132,1.19,22.1,0.32,16.6,598.0,7.4,120.0
B_stop1,1,stop,or,,,long,0.0,0.0,9.0,,,705,0.201,0.19,1.22,133.9,0.71,30.8,1429.0,24.0,353,0.178,0.26,1.3,91.7,0.84,26.8,1848.0,30.6,120.0
B_stop1,1,stop,or,,,long,0.0,0.0,9.0,,1.0,705,0.122,0.179,1.31,126.1,0.77,35.8,1804.0,22.6,353,0.093,0.193,1.35,68.3,0.74,18.8,1621.0,22.8,120.0
B_stop1,1,stop,or,,,long,0.0,0.0,9.0,,2.0,705,0.155,0.173,1.24,121.8,0.7,33.8,1707.0,21.8,353,0.133,0.308,1.46,108.7,1.03,24.7,2395.0,36.3,120.0
B_stop1,1,stop,or,,,long,0.0,0.0,9.0,with,,379,0.216,0.278,1.32,105.4,0.74,21.9,1130.0,18.9,186,0.199,0.459,1.55,85.4,1.02,22.8,1579.0,28.5,120.0
B_stop1,1,stop,or,,,long,0.0,0.0,9.0,with,1.0,379,0.129,0.161,1.27,61.1,0.51,44.2,986.0,11.0,186,0.108,0.25,1.46,46.6,0.71,18.3,900.0,15.6,120.0
B_stop1,1,stop,or,,,long,0.0,0.0,9.0,with,2.0,379,0.164,0.194,1.27,73.5,0.57,32.7,968.0,13.2,186,0.161,0.465,1.7,86.5,1.08,18.2,1797.0,28.9,120.0
B_stop1,1,stop,or,,,long,0.0,0.0,9.0,against,,326,0.184,0.087,1.1,28.5,0.23,47.6,300.0,5.1,167,0.156,0.038,1.04,6.3,0.09,24.7,270.0,2.1,120.0
B_stop1,1,stop,or,,,long,0.0,0.0,9.0,against,1.0,326,0.113,0.199,1.37,65.0,0.59,27.5,818.0,11.7,167,0.078,0.13,1.24,21.7,0.33,14.6,721.0,7.2,120.0
B_stop1,1,stop,or,,,long,0.0,0.0,9.0,against,2.0,326,0.144,0.148,1.21,48.4,0.41,31.6,739.0,8.7,167,0.102,0.132,1.19,22.1,0.32,16.6,598.0,7.4,120.0
B_stop1,1,stop,or,,,long,0.0,0.1,0.3,,,353,0.21,0.149,1.17,52.5,0.42,37.2,574.0,9.4,169,0.178,0.027,1.03,4.6,0.07,21.0,114.0,1.5,120.0
B_stop1,1,stop,or,,,long,0.0,0.1,0.3,,1.0,353,0.136,0.18,1.32,63.5,0.59,24.8,1200.0,11.4,169,0.089,0.059,1.11,10.0,0.19,13.5,465.0,3.3,120.0
B_stop1,1,stop,or,,,long,0.0,0.1,0.3,,2.0,353,0.167,0.144,1.2,50.8,0.44,33.9,860.0,9.1,169,0.118,0.086,1.13,14.5,0.25,14.7,556.0,4.8,120.0
B_stop1,1,stop,or,,,long,0.0,0.1,0.3,with,,172,0.209,-0.008,0.99,-1.3,-0.02,33.5,99.0,-0.2,81,0.173,0.106,1.12,8.6,0.19,10.2,-74.0,2.9,120.0
B_stop1,1,stop,or,,,long,0.0,0.1,0.3,with,1.0,172,0.122,-0.077,0.87,-13.2,-0.21,49.4,323.0,-2.4,81,0.099,0.117,1.24,9.5,0.25,9.2,90.0,3.2,120.0
B_stop1,1,stop,or,,,long,0.0,0.1,0.3,with,2.0,172,0.157,-0.083,0.89,-14.3,-0.21,39.5,39.0,-2.6,81,0.148,0.222,1.37,18.0,0.44,12.5,351.0,6.0,120.0
B_stop1,1,stop,or,,,long,0.0,0.1,0.3,against,,181,0.21,0.297,1.35,53.8,0.56,24.5,474.0,9.6,88,0.182,-0.045,0.95,-4.0,-0.09,23.4,188.0,-1.3,120.0
B_stop1,1,stop,or,,,long,0.0,0.1,0.3,against,1.0,181,0.149,0.424,1.84,76.7,0.87,19.9,877.0,13.8,88,0.08,0.006,1.01,0.5,0.01,16.6,375.0,0.2,120.0
B_stop1,1,stop,or,,,long,0.0,0.1,0.3,against,2.0,181,0.177,0.36,1.52,65.1,0.7,15.7,821.0,11.7,88,0.091,-0.04,0.94,-3.5,-0.09,20.3,205.0,-1.2,120.0
B_stop1,1,stop,or,,,long,0.0,0.1,0.5,,,360,0.219,0.17,1.2,61.3,0.49,37.1,884.0,11.0,169,0.178,0.027,1.03,4.6,0.07,21.0,114.0,1.5,120.0
B_stop1,1,stop,or,,,long,0.0,0.1,0.5,,1.0,360,0.139,0.191,1.35,68.9,0.63,24.8,1401.0,12.4,169,0.089,0.059,1.11,10.0,0.19,13.5,465.0,3.3,120.0
B_stop1,1,stop,or,,,long,0.0,0.1,0.5,,2.0,360,0.178,0.166,1.23,59.6,0.51,33.8,1170.0,10.7,169,0.118,0.086,1.13,14.5,0.25,14.7,556.0,4.8,120.0
B_stop1,1,stop,or,,,long,0.0,0.1,0.5,with,,172,0.209,-0.008,0.99,-1.3,-0.02,33.5,99.0,-0.2,81,0.173,0.106,1.12,8.6,0.19,10.2,-74.0,2.9,120.0
B_stop1,1,stop,or,,,long,0.0,0.1,0.5,with,1.0,172,0.122,-0.077,0.87,-13.2,-0.21,49.4,323.0,-2.4,81,0.099,0.117,1.24,9.5,0.25,9.2,90.0,3.2,120.0
B_stop1,1,stop,or,,,long,0.0,0.1,0.5,with,2.0,172,0.157,-0.083,0.89,-14.3,-0.21,39.5,39.0,-2.6,81,0.148,0.222,1.37,18.0,0.44,12.5,351.0,6.0,120.0
B_stop1,1,stop,or,,,long,0.0,0.1,0.5,against,,188,0.229,0.333,1.4,62.6,0.64,24.5,785.0,11.2,88,0.182,-0.045,0.95,-4.0,-0.09,23.4,188.0,-1.3,120.0
B_stop1,1,stop,or,,,long,0.0,0.1,0.5,against,1.0,188,0.154,0.437,1.88,82.2,0.92,19.9,1078.0,14.7,88,0.08,0.006,1.01,0.5,0.01,16.6,375.0,0.2,120.0
B_stop1,1,stop,or,,,long,0.0,0.1,0.5,against,2.0,188,0.197,0.393,1.58,73.9,0.78,15.7,1131.0,13.3,88,0.091,-0.04,0.94,-3.5,-0.09,20.3,205.0,-1.2,120.0
B_stop1,1,stop,or,,,long,0.0,0.1,9.0,,,361,0.219,0.169,1.2,60.9,0.49,37.1,861.0,10.9,169,0.178,0.027,1.03,4.6,0.07,21.0,114.0,1.5,120.0
B_stop1,1,stop,or,,,long,0.0,0.1,9.0,,1.0,361,0.139,0.191,1.35,68.9,0.63,24.8,1400.0,12.4,169,0.089,0.059,1.11,10.0,0.19,13.5,465.0,3.3,120.0
B_stop1,1,stop,or,,,long,0.0,0.1,9.0,,2.0,361,0.177,0.164,1.23,59.3,0.51,33.8,1147.0,10.6,169,0.118,0.086,1.13,14.5,0.25,14.7,556.0,4.8,120.0
B_stop1,1,stop,or,,,long,0.0,0.1,9.0,with,,172,0.209,-0.008,0.99,-1.3,-0.02,33.5,99.0,-0.2,81,0.173,0.106,1.12,8.6,0.19,10.2,-74.0,2.9,120.0
B_stop1,1,stop,or,,,long,0.0,0.1,9.0,with,1.0,172,0.122,-0.077,0.87,-13.2,-0.21,49.4,323.0,-2.4,81,0.099,0.117,1.24,9.5,0.25,9.2,90.0,3.2,120.0
B_stop1,1,stop,or,,,long,0.0,0.1,9.0,with,2.0,172,0.157,-0.083,0.89,-14.3,-0.21,39.5,39.0,-2.6,81,0.148,0.222,1.37,18.0,0.44,12.5,351.0,6.0,120.0
B_stop1,1,stop,or,,,long,0.0,0.1,9.0,against,,189,0.228,0.329,1.4,62.2,0.64,24.8,762.0,11.2,88,0.182,-0.045,0.95,-4.0,-0.09,23.4,188.0,-1.3,120.0
B_stop1,1,stop,or,,,long,0.0,0.1,9.0,against,1.0,189,0.153,0.435,1.88,82.1,0.92,19.9,1077.0,14.7,88,0.08,0.006,1.01,0.5,0.01,16.6,375.0,0.2,120.0
B_stop1,1,stop,or,,,long,0.0,0.1,9.0,against,2.0,189,0.196,0.389,1.57,73.6,0.78,16.0,1108.0,13.2,88,0.091,-0.04,0.94,-3.5,-0.09,20.3,205.0,-1.2,120.0
B_stop1,1,stop,or,,,long,0.0,0.2,0.3,,,38,0.263,0.33,1.44,12.5,0.34,6.2,31.0,2.2,6,0.333,-0.187,0.73,-1.1,-0.19,3.1,-74.0,-0.4,120.0
B_stop1,1,stop,or,,,long,0.0,0.2,0.3,,1.0,38,0.237,0.462,1.89,17.6,0.49,4.2,184.0,3.1,6,0.167,-0.076,0.85,-0.5,-0.08,3.1,-44.0,-0.2,120.0
B_stop1,1,stop,or,,,long,0.0,0.2,0.3,,2.0,38,0.263,0.501,1.87,19.0,0.52,5.2,213.0,3.4,6,0.167,-0.076,0.85,-0.5,-0.08,3.1,-44.0,-0.2,120.0
B_stop1,1,stop,or,,,long,0.0,0.2,0.3,with,,12,0.25,-0.19,0.74,-2.3,-0.18,5.2,-80.0,-0.4,1,0.0,-1.023,0.0,-1.0,-0.57,1.0,-45.0,-0.3,120.0
B_stop1,1,stop,or,,,long,0.0,0.2,0.3,with,1.0,12,0.25,0.084,1.18,1.0,0.09,2.9,0.0,0.2,1,0.0,-1.023,0.0,-1.0,-0.57,1.0,-45.0,-0.3,120.0
B_stop1,1,stop,or,,,long,0.0,0.2,0.3,with,2.0,12,0.25,0.06,1.12,0.7,0.06,3.2,-2.0,0.1,1,0.0,-1.023,0.0,-1.0,-0.57,1.0,-45.0,-0.3,120.0
B_stop1,1,stop,or,,,long,0.0,0.2,0.3,against,,26,0.269,0.57,1.76,14.8,0.42,4.1,110.0,2.7,5,0.4,-0.019,0.97,-0.1,-0.02,2.0,-30.0,-0.0,120.0
B_stop1,1,stop,or,,,long,0.0,0.2,0.3,against,1.0,26,0.231,0.637,2.18,16.6,0.49,3.1,184.0,3.0,5,0.2,0.113,1.27,0.6,0.11,2.0,1.0,0.2,120.0
B_stop1,1,stop,or,,,long,0.0,0.2,0.3,against,2.0,26,0.269,0.705,2.14,18.3,0.53,4.1,215.0,3.3,5,0.2,0.113,1.27,0.6,0.11,2.0,1.0,0.2,120.0
B_stop1,1,stop,or,,,long,0.0,0.2,0.5,,,45,0.333,0.474,1.7,21.3,0.52,6.2,341.0,3.8,6,0.333,-0.187,0.73,-1.1,-0.19,3.1,-74.0,-0.4,120.0
B_stop1,1,stop,or,,,long,0.0,0.2,0.5,,1.0,45,0.244,0.511,2.05,23.0,0.58,5.0,385.0,4.1,6,0.167,-0.076,0.85,-0.5,-0.08,3.1,-44.0,-0.2,120.0
B_stop1,1,stop,or,,,long,0.0,0.2,0.5,,2.0,45,0.333,0.619,2.16,27.8,0.68,5.2,523.0,5.0,6,0.167,-0.076,0.85,-0.5,-0.08,3.1,-44.0,-0.2,120.0
B_stop1,1,stop,or,,,long,0.0,0.2,0.5,with,,12,0.25,-0.19,0.74,-2.3,-0.18,5.2,-80.0,-0.4,1,0.0,-1.023,0.0,-1.0,-0.57,1.0,-45.0,-0.3,120.0
B_stop1,1,stop,or,,,long,0.0,0.2,0.5,with,1.0,12,0.25,0.084,1.18,1.0,0.09,2.9,0.0,0.2,1,0.0,-1.023,0.0,-1.0,-0.57,1.0,-45.0,-0.3,120.0
B_stop1,1,stop,or,,,long,0.0,0.2,0.5,with,2.0,12,0.25,0.06,1.12,0.7,0.06,3.2,-2.0,0.1,1,0.0,-1.023,0.0,-1.0,-0.57,1.0,-45.0,-0.3,120.0
B_stop1,1,stop,or,,,long,0.0,0.2,0.5,against,,33,0.364,0.716,2.09,23.6,0.6,4.1,420.0,4.2,5,0.4,-0.019,0.97,-0.1,-0.02,2.0,-30.0,-0.0,120.0
B_stop1,1,stop,or,,,long,0.0,0.2,0.5,against,1.0,33,0.242,0.667,2.35,22.0,0.59,2.9,385.0,3.9,5,0.2,0.113,1.27,0.6,0.11,2.0,1.0,0.2,120.0
B_stop1,1,stop,or,,,long,0.0,0.2,0.5,against,2.0,33,0.364,0.822,2.5,27.1,0.69,3.1,525.0,4.9,5,0.2,0.113,1.27,0.6,0.11,2.0,1.0,0.2,120.0
B_stop1,1,stop,or,,,long,0.0,0.2,9.0,,,46,0.326,0.456,1.68,21.0,0.51,6.2,318.0,3.8,6,0.333,-0.187,0.73,-1.1,-0.19,3.1,-74.0,-0.4,120.0
B_stop1,1,stop,or,,,long,0.0,0.2,9.0,,1.0,46,0.239,0.5,2.05,23.0,0.58,5.0,384.0,4.1,6,0.167,-0.076,0.85,-0.5,-0.08,3.1,-44.0,-0.2,120.0
B_stop1,1,stop,or,,,long,0.0,0.2,9.0,,2.0,46,0.326,0.598,2.13,27.5,0.67,5.2,500.0,4.9,6,0.167,-0.076,0.85,-0.5,-0.08,3.1,-44.0,-0.2,120.0
B_stop1,1,stop,or,,,long,0.0,0.2,9.0,with,,12,0.25,-0.19,0.74,-2.3,-0.18,5.2,-80.0,-0.4,1,0.0,-1.023,0.0,-1.0,-0.57,1.0,-45.0,-0.3,120.0
B_stop1,1,stop,or,,,long,0.0,0.2,9.0,with,1.0,12,0.25,0.084,1.18,1.0,0.09,2.9,0.0,0.2,1,0.0,-1.023,0.0,-1.0,-0.57,1.0,-45.0,-0.3,120.0
B_stop1,1,stop,or,,,long,0.0,0.2,9.0,with,2.0,12,0.25,0.06,1.12,0.7,0.06,3.2,-2.0,0.1,1,0.0,-1.023,0.0,-1.0,-0.57,1.0,-45.0,-0.3,120.0
B_stop1,1,stop,or,,,long,0.0,0.2,9.0,against,,34,0.353,0.684,2.06,23.3,0.59,4.1,397.0,4.2,5,0.4,-0.019,0.97,-0.1,-0.02,2.0,-30.0,-0.0,120.0
B_stop1,1,stop,or,,,long,0.0,0.2,9.0,against,1.0,34,0.235,0.647,2.35,22.0,0.59,2.9,384.0,3.9,5,0.2,0.113,1.27,0.6,0.11,2.0,1.0,0.2,120.0
B_stop1,1,stop,or,,,long,0.0,0.2,9.0,against,2.0,34,0.353,0.788,2.45,26.8,0.68,3.4,502.0,4.8,5,0.2,0.113,1.27,0.6,0.11,2.0,1.0,0.2,120.0
B_stop1,1,stop,or,,,long,1.0,0.0,0.3,,,333,0.213,0.27,1.32,90.0,0.69,23.0,674.0,16.1,164,0.177,0.147,1.17,24.1,0.35,22.7,622.0,8.1,120.0
B_stop1,1,stop,or,,,long,1.0,0.0,0.3,,1.0,333,0.132,0.242,1.44,80.4,0.72,18.5,919.0,14.4,164,0.091,0.194,1.35,31.8,0.5,22.1,938.0,10.6,120.0
B_stop1,1,stop,or,,,long,1.0,0.0,0.3,,2.0,333,0.165,0.243,1.35,80.8,0.67,25.3,896.0,14.5,164,0.122,0.2,1.31,32.8,0.5,21.3,936.0,11.0,120.0
B_stop1,1,stop,or,,,long,1.0,0.0,0.3,with,,169,0.249,0.422,1.52,71.3,0.77,17.7,670.0,12.8,78,0.179,0.13,1.15,10.1,0.24,15.4,23.0,3.4,120.0
B_stop1,1,stop,or,,,long,1.0,0.0,0.3,with,1.0,169,0.142,0.19,1.34,32.1,0.44,23.0,453.0,5.8,78,0.103,0.193,1.36,15.1,0.39,10.7,233.0,5.0,120.0
B_stop1,1,stop,or,,,long,1.0,0.0,0.3,with,2.0,169,0.189,0.269,1.39,45.5,0.55,16.8,550.0,8.2,78,0.141,0.187,1.3,14.6,0.36,13.8,246.0,4.9,120.0
B_stop1,1,stop,or,,,long,1.0,0.0,0.3,against,,164,0.177,0.114,1.13,18.6,0.21,28.6,4.0,3.3,86,0.174,0.162,1.19,14.0,0.26,21.4,599.0,4.7,120.0
B_stop1,1,stop,or,,,long,1.0,0.0,0.3,against,1.0,164,0.122,0.295,1.56,48.3,0.58,15.7,466.0,8.7,86,0.081,0.195,1.34,16.7,0.34,16.5,706.0,5.6,120.0
B_stop1,1,stop,or,,,long,1.0,0.0,0.3,against,2.0,164,0.14,0.215,1.31,35.3,0.4,20.7,347.0,6.3,86,0.105,0.211,1.32,18.2,0.35,16.5,691.0,6.1,120.0
B_stop1,1,stop,or,,,long,1.0,0.0,0.5,,,340,0.224,0.291,1.35,98.8,0.76,22.0,984.0,17.7,164,0.177,0.147,1.17,24.1,0.35,22.7,622.0,8.1,120.0
B_stop1,1,stop,or,,,long,1.0,0.0,0.5,,1.0,340,0.135,0.253,1.47,85.9,0.76,18.5,1120.0,15.4,164,0.091,0.194,1.35,31.8,0.5,22.1,938.0,10.6,120.0
B_stop1,1,stop,or,,,long,1.0,0.0,0.5,,2.0,340,0.176,0.264,1.39,89.6,0.74,25.3,1207.0,16.1,164,0.122,0.2,1.31,32.8,0.5,21.3,936.0,11.0,120.0
B_stop1,1,stop,or,,,long,1.0,0.0,0.5,with,,169,0.249,0.422,1.52,71.3,0.77,17.7,670.0,12.8,78,0.179,0.13,1.15,10.1,0.24,15.4,23.0,3.4,120.0
B_stop1,1,stop,or,,,long,1.0,0.0,0.5,with,1.0,169,0.142,0.19,1.34,32.1,0.44,23.0,453.0,5.8,78,0.103,0.193,1.36,15.1,0.39,10.7,233.0,5.0,120.0
B_stop1,1,stop,or,,,long,1.0,0.0,0.5,with,2.0,169,0.189,0.269,1.39,45.5,0.55,16.8,550.0,8.2,78,0.141,0.187,1.3,14.6,0.36,13.8,246.0,4.9,120.0
B_stop1,1,stop,or,,,long,1.0,0.0,0.5,against,,171,0.199,0.16,1.19,27.4,0.3,28.6,314.0,4.9,86,0.174,0.162,1.19,14.0,0.26,21.4,599.0,4.7,120.0
B_stop1,1,stop,or,,,long,1.0,0.0,0.5,against,1.0,171,0.129,0.315,1.61,53.8,0.63,15.7,667.0,9.6,86,0.081,0.195,1.34,16.7,0.34,16.5,706.0,5.6,120.0
B_stop1,1,stop,or,,,long,1.0,0.0,0.5,against,2.0,171,0.164,0.258,1.38,44.1,0.49,20.7,657.0,7.9,86,0.105,0.211,1.32,18.2,0.35,16.5,691.0,6.1,120.0
B_stop1,1,stop,or,,,long,1.0,0.0,9.0,,,341,0.223,0.289,1.34,98.4,0.75,22.3,961.0,17.6,164,0.177,0.147,1.17,24.1,0.35,22.7,622.0,8.1,120.0
B_stop1,1,stop,or,,,long,1.0,0.0,9.0,,1.0,341,0.135,0.252,1.47,85.9,0.76,18.5,1119.0,15.4,164,0.091,0.194,1.35,31.8,0.5,22.1,938.0,10.6,120.0
B_stop1,1,stop,or,,,long,1.0,0.0,9.0,,2.0,341,0.176,0.262,1.38,89.3,0.74,25.3,1184.0,16.0,164,0.122,0.2,1.31,32.8,0.5,21.3,936.0,11.0,120.0
B_stop1,1,stop,or,,,long,1.0,0.0,9.0,with,,169,0.249,0.422,1.52,71.3,0.77,17.7,670.0,12.8,78,0.179,0.13,1.15,10.1,0.24,15.4,23.0,3.4,120.0
B_stop1,1,stop,or,,,long,1.0,0.0,9.0,with,1.0,169,0.142,0.19,1.34,32.1,0.44,23.0,453.0,5.8,78,0.103,0.193,1.36,15.1,0.39,10.7,233.0,5.0,120.0
B_stop1,1,stop,or,,,long,1.0,0.0,9.0,with,2.0,169,0.189,0.269,1.39,45.5,0.55,16.8,550.0,8.2,78,0.141,0.187,1.3,14.6,0.36,13.8,246.0,4.9,120.0
B_stop1,1,stop,or,,,long,1.0,0.0,9.0,against,,172,0.198,0.157,1.18,27.1,0.29,28.9,291.0,4.9,86,0.174,0.162,1.19,14.0,0.26,21.4,599.0,4.7,120.0
B_stop1,1,stop,or,,,long,1.0,0.0,9.0,against,1.0,172,0.128,0.313,1.61,53.8,0.63,15.7,666.0,9.6,86,0.081,0.195,1.34,16.7,0.34,16.5,706.0,5.6,120.0
B_stop1,1,stop,or,,,long,1.0,0.0,9.0,against,2.0,172,0.163,0.255,1.37,43.8,0.49,21.0,634.0,7.9,86,0.105,0.211,1.32,18.2,0.35,16.5,691.0,6.1,120.0
B_stop1,1,stop,or,,,long,1.0,0.1,0.3,,,231,0.195,0.043,1.05,10.0,0.11,37.8,49.0,1.8,107,0.187,0.057,1.07,6.1,0.13,16.5,407.0,2.1,120.0
B_stop1,1,stop,or,,,long,1.0,0.1,0.3,,1.0,231,0.126,0.099,1.18,22.9,0.28,27.0,490.0,4.1,107,0.093,0.051,1.09,5.4,0.13,16.6,532.0,1.8,120.0
B_stop1,1,stop,or,,,long,1.0,0.1,0.3,,2.0,231,0.16,0.084,1.12,19.4,0.21,37.0,349.0,3.5,107,0.121,0.074,1.11,7.9,0.18,17.1,577.0,2.7,120.0
B_stop1,1,stop,or,,,long,1.0,0.1,0.3,with,,103,0.194,-0.163,0.81,-16.7,-0.32,28.7,-294.0,-3.0,49,0.163,-0.073,0.92,-3.6,-0.13,7.1,-283.0,-1.2,120.0
B_stop1,1,stop,or,,,long,1.0,0.1,0.3,with,1.0,103,0.107,-0.22,0.64,-22.7,-0.57,33.4,-71.0,-4.1,49,0.102,0.009,1.02,0.4,0.02,8.6,-44.0,0.1,120.0
B_stop1,1,stop,or,,,long,1.0,0.1,0.3,with,2.0,103,0.155,-0.176,0.76,-18.2,-0.38,32.0,-212.0,-3.3,49,0.143,0.041,1.07,2.0,0.08,10.3,2.0,0.7,120.0
B_stop1,1,stop,or,,,long,1.0,0.1,0.3,against,,128,0.195,0.209,1.24,26.7,0.34,20.7,343.0,4.8,58,0.207,0.168,1.21,9.7,0.25,15.6,690.0,3.3,120.0
B_stop1,1,stop,or,,,long,1.0,0.1,0.3,against,1.0,128,0.141,0.356,1.7,45.6,0.63,13.3,561.0,8.2,58,0.086,0.086,1.14,5.0,0.14,12.1,575.0,1.7,120.0
B_stop1,1,stop,or,,,long,1.0,0.1,0.3,against,2.0,128,0.164,0.294,1.43,37.6,0.49,15.3,562.0,6.7,58,0.103,0.102,1.15,5.9,0.16,15.0,575.0,2.0,120.0
B_stop1,1,stop,or,,,long,1.0,0.1,0.5,,,238,0.21,0.079,1.09,18.8,0.2,31.8,360.0,3.4,107,0.187,0.057,1.07,6.1,0.13,16.5,407.0,2.1,120.0
B_stop1,1,stop,or,,,long,1.0,0.1,0.5,,1.0,238,0.13,0.119,1.22,28.3,0.34,21.1,691.0,5.1,107,0.093,0.051,1.09,5.4,0.13,16.6,532.0,1.8,120.0
B_stop1,1,stop,or,,,long,1.0,0.1,0.5,,2.0,238,0.176,0.119,1.17,28.2,0.31,31.1,660.0,5.1,107,0.121,0.074,1.11,7.9,0.18,17.1,577.0,2.7,120.0
B_stop1,1,stop,or,,,long,1.0,0.1,0.5,with,,103,0.194,-0.163,0.81,-16.7,-0.32,28.7,-294.0,-3.0,49,0.163,-0.073,0.92,-3.6,-0.13,7.1,-283.0,-1.2,120.0
B_stop1,1,stop,or,,,long,1.0,0.1,0.5,with,1.0,103,0.107,-0.22,0.64,-22.7,-0.57,33.4,-71.0,-4.1,49,0.102,0.009,1.02,0.4,0.02,8.6,-44.0,0.1,120.0
B_stop1,1,stop,or,,,long,1.0,0.1,0.5,with,2.0,103,0.155,-0.176,0.76,-18.2,-0.38,32.0,-212.0,-3.3,49,0.143,0.041,1.07,2.0,0.08,10.3,2.0,0.7,120.0
B_stop1,1,stop,or,,,long,1.0,0.1,0.5,against,,135,0.222,0.263,1.32,35.5,0.44,19.2,653.0,6.4,58,0.207,0.168,1.21,9.7,0.25,15.6,690.0,3.3,120.0
B_stop1,1,stop,or,,,long,1.0,0.1,0.5,against,1.0,135,0.148,0.378,1.76,51.0,0.69,13.3,762.0,9.1,58,0.086,0.086,1.14,5.0,0.14,12.1,575.0,1.7,120.0
B_stop1,1,stop,or,,,long,1.0,0.1,0.5,against,2.0,135,0.193,0.344,1.51,46.4,0.59,15.3,872.0,8.3,58,0.103,0.102,1.15,5.9,0.16,15.0,575.0,2.0,120.0
B_stop1,1,stop,or,,,long,1.0,0.1,9.0,,,239,0.209,0.077,1.09,18.4,0.19,31.8,337.0,3.3,107,0.187,0.057,1.07,6.1,0.13,16.5,407.0,2.1,120.0
B_stop1,1,stop,or,,,long,1.0,0.1,9.0,,1.0,239,0.13,0.118,1.22,28.3,0.34,21.1,690.0,5.1,107,0.093,0.051,1.09,5.4,0.13,16.6,532.0,1.8,120.0
B_stop1,1,stop,or,,,long,1.0,0.1,9.0,,2.0,239,0.176,0.117,1.17,27.9,0.3,31.1,637.0,5.0,107,0.121,0.074,1.11,7.9,0.18,17.1,577.0,2.7,120.0
B_stop1,1,stop,or,,,long,1.0,0.1,9.0,with,,103,0.194,-0.163,0.81,-16.7,-0.32,28.7,-294.0,-3.0,49,0.163,-0.073,0.92,-3.6,-0.13,7.1,-283.0,-1.2,120.0
B_stop1,1,stop,or,,,long,1.0,0.1,9.0,with,1.0,103,0.107,-0.22,0.64,-22.7,-0.57,33.4,-71.0,-4.1,49,0.102,0.009,1.02,0.4,0.02,8.6,-44.0,0.1,120.0
B_stop1,1,stop,or,,,long,1.0,0.1,9.0,with,2.0,103,0.155,-0.176,0.76,-18.2,-0.38,32.0,-212.0,-3.3,49,0.143,0.041,1.07,2.0,0.08,10.3,2.0,0.7,120.0
B_stop1,1,stop,or,,,long,1.0,0.1,9.0,against,,136,0.221,0.259,1.31,35.2,0.43,19.5,630.0,6.3,58,0.207,0.168,1.21,9.7,0.25,15.6,690.0,3.3,120.0
B_stop1,1,stop,or,,,long,1.0,0.1,9.0,against,1.0,136,0.147,0.375,1.76,51.0,0.69,13.4,761.0,9.1,58,0.086,0.086,1.14,5.0,0.14,12.1,575.0,1.7,120.0
B_stop1,1,stop,or,,,long,1.0,0.1,9.0,against,2.0,136,0.191,0.338,1.51,46.0,0.59,15.7,849.0,8.3,58,0.103,0.102,1.15,5.9,0.16,15.0,575.0,2.0,120.0
B_stop1,1,stop,or,,,long,1.0,0.2,0.3,,,35,0.257,0.285,1.38,10.0,0.28,6.4,82.0,1.8,6,0.333,-0.187,0.73,-1.1,-0.19,3.1,-74.0,-0.4,120.0
B_stop1,1,stop,or,,,long,1.0,0.2,0.3,,1.0,35,0.229,0.429,1.85,15.0,0.45,5.4,236.0,2.7,6,0.167,-0.076,0.85,-0.5,-0.08,3.1,-44.0,-0.2,120.0
B_stop1,1,stop,or,,,long,1.0,0.2,0.3,,2.0,35,0.257,0.471,1.83,16.5,0.47,5.4,264.0,3.0,6,0.167,-0.076,0.85,-0.5,-0.08,3.1,-44.0,-0.2,120.0
B_stop1,1,stop,or,,,long,1.0,0.2,0.3,with,,11,0.273,-0.113,0.84,-1.2,-0.1,5.2,-52.0,-0.2,1,0.0,-1.023,0.0,-1.0,-0.57,1.0,-45.0,-0.3,120.0
B_stop1,1,stop,or,,,long,1.0,0.2,0.3,with,1.0,11,0.273,0.186,1.45,2.0,0.18,2.9,28.0,0.4,1,0.0,-1.023,0.0,-1.0,-0.57,1.0,-45.0,-0.3,120.0
B_stop1,1,stop,or,,,long,1.0,0.2,0.3,with,2.0,11,0.273,0.159,1.36,1.8,0.15,3.2,25.0,0.3,1,0.0,-1.023,0.0,-1.0,-0.57,1.0,-45.0,-0.3,120.0
B_stop1,1,stop,or,,,long,1.0,0.2,0.3,against,,24,0.25,0.468,1.61,11.2,0.34,5.4,134.0,2.0,5,0.4,-0.019,0.97,-0.1,-0.02,2.0,-30.0,-0.0,120.0
B_stop1,1,stop,or,,,long,1.0,0.2,0.3,against,1.0,24,0.208,0.541,1.99,13.0,0.41,4.4,208.0,2.3,5,0.2,0.113,1.27,0.6,0.11,2.0,1.0,0.2,120.0
B_stop1,1,stop,or,,,long,1.0,0.2,0.3,against,2.0,24,0.25,0.614,1.98,14.7,0.45,4.4,239.0,2.6,5,0.2,0.113,1.27,0.6,0.11,2.0,1.0,0.2,120.0
B_stop1,1,stop,or,,,long,1.0,0.2,0.5,,,42,0.333,0.448,1.66,18.8,0.47,5.1,392.0,3.4,6,0.333,-0.187,0.73,-1.1,-0.19,3.1,-74.0,-0.4,120.0
B_stop1,1,stop,or,,,long,1.0,0.2,0.5,,1.0,42,0.238,0.487,2.03,20.5,0.54,4.0,436.0,3.7,6,0.167,-0.076,0.85,-0.5,-0.08,3.1,-44.0,-0.2,120.0
B_stop1,1,stop,or,,,long,1.0,0.2,0.5,,2.0,42,0.333,0.603,2.15,25.3,0.64,4.1,575.0,4.5,6,0.167,-0.076,0.85,-0.5,-0.08,3.1,-44.0,-0.2,120.0
B_stop1,1,stop,or,,,long,1.0,0.2,0.5,with,,11,0.273,-0.113,0.84,-1.2,-0.1,5.2,-52.0,-0.2,1,0.0,-1.023,0.0,-1.0,-0.57,1.0,-45.0,-0.3,120.0
B_stop1,1,stop,or,,,long,1.0,0.2,0.5,with,1.0,11,0.273,0.186,1.45,2.0,0.18,2.9,28.0,0.4,1,0.0,-1.023,0.0,-1.0,-0.57,1.0,-45.0,-0.3,120.0
B_stop1,1,stop,or,,,long,1.0,0.2,0.5,with,2.0,11,0.273,0.159,1.36,1.8,0.15,3.2,25.0,0.3,1,0.0,-1.023,0.0,-1.0,-0.57,1.0,-45.0,-0.3,120.0
B_stop1,1,stop,or,,,long,1.0,0.2,0.5,against,,31,0.355,0.647,1.97,20.0,0.53,4.3,444.0,3.6,5,0.4,-0.019,0.97,-0.1,-0.02,2.0,-30.0,-0.0,120.0
B_stop1,1,stop,or,,,long,1.0,0.2,0.5,against,1.0,31,0.226,0.594,2.21,18.4,0.51,3.3,409.0,3.3,5,0.2,0.113,1.27,0.6,0.11,2.0,1.0,0.2,120.0
B_stop1,1,stop,or,,,long,1.0,0.2,0.5,against,2.0,31,0.355,0.76,2.38,23.6,0.63,3.3,549.0,4.2,5,0.2,0.113,1.27,0.6,0.11,2.0,1.0,0.2,120.0
B_stop1,1,stop,or,,,long,1.0,0.2,9.0,,,43,0.326,0.429,1.64,18.4,0.46,5.1,369.0,3.3,6,0.333,-0.187,0.73,-1.1,-0.19,3.1,-74.0,-0.4,120.0
B_stop1,1,stop,or,,,long,1.0,0.2,9.0,,1.0,43,0.233,0.476,2.03,20.4,0.54,4.0,435.0,3.7,6,0.167,-0.076,0.85,-0.5,-0.08,3.1,-44.0,-0.2,120.0
B_stop1,1,stop,or,,,long,1.0,0.2,9.0,,2.0,43,0.326,0.58,2.12,25.0,0.64,4.1,552.0,4.5,6,0.167,-0.076,0.85,-0.5,-0.08,3.1,-44.0,-0.2,120.0
B_stop1,1,stop,or,,,long,1.0,0.2,9.0,with,,11,0.273,-0.113,0.84,-1.2,-0.1,5.2,-52.0,-0.2,1,0.0,-1.023,0.0,-1.0,-0.57,1.0,-45.0,-0.3,120.0
B_stop1,1,stop,or,,,long,1.0,0.2,9.0,with,1.0,11,0.273,0.186,1.45,2.0,0.18,2.9,28.0,0.4,1,0.0,-1.023,0.0,-1.0,-0.57,1.0,-45.0,-0.3,120.0
B_stop1,1,stop,or,,,long,1.0,0.2,9.0,with,2.0,11,0.273,0.159,1.36,1.8,0.15,3.2,25.0,0.3,1,0.0,-1.023,0.0,-1.0,-0.57,1.0,-45.0,-0.3,120.0
B_stop1,1,stop,or,,,long,1.0,0.2,9.0,against,,32,0.344,0.615,1.94,19.7,0.52,4.3,421.0,3.5,5,0.4,-0.019,0.97,-0.1,-0.02,2.0,-30.0,-0.0,120.0
B_stop1,1,stop,or,,,long,1.0,0.2,9.0,against,1.0,32,0.219,0.575,2.21,18.4,0.51,3.3,408.0,3.3,5,0.2,0.113,1.27,0.6,0.11,2.0,1.0,0.2,120.0
B_stop1,1,stop,or,,,long,1.0,0.2,9.0,against,2.0,32,0.344,0.725,2.33,23.2,0.62,3.3,526.0,4.2,5,0.2,0.113,1.27,0.6,0.11,2.0,1.0,0.2,120.0
B_stop1,1,stop,or,,,long,1.25,0.0,0.3,,,150,0.173,0.055,1.06,8.3,0.1,28.8,-66.0,1.5,54,0.111,-0.39,0.57,-21.1,-0.69,29.7,-499.0,-7.0,120.0
B_stop1,1,stop,or,,,long,1.25,0.0,0.3,,1.0,150,0.12,0.13,1.23,19.5,0.28,16.4,532.0,3.5,54,0.037,-0.217,0.6,-11.7,-0.43,24.4,-112.0,-3.9,120.0
B_stop1,1,stop,or,,,long,1.25,0.0,0.3,,2.0,150,0.127,0.022,1.03,3.2,0.05,27.9,195.0,0.6,54,0.037,-0.365,0.48,-19.7,-0.72,31.4,-380.0,-6.6,120.0
B_stop1,1,stop,or,,,long,1.25,0.0,0.3,with,,65,0.185,0.109,1.12,7.1,0.13,26.8,182.0,1.3,24,0.125,-0.385,0.57,-9.2,-0.58,12.4,-341.0,-3.1,120.0
B_stop1,1,stop,or,,,long,1.25,0.0,0.3,with,1.0,65,0.123,0.005,1.01,0.3,0.01,19.4,267.0,0.1,24,0.042,-0.281,0.37,-6.7,-0.74,9.7,-224.0,-2.3,120.0
B_stop1,1,stop,or,,,long,1.25,0.0,0.3,with,2.0,65,0.123,-0.118,0.83,-7.7,-0.19,25.4,127.0,-1.4,24,0.042,-0.448,0.27,-10.7,-1.1,13.7,-342.0,-3.6,120.0
B_stop1,1,stop,or,,,long,1.25,0.0,0.3,against,,85,0.165,0.014,1.02,1.2,0.02,23.1,-248.0,0.2,30,0.1,-0.394,0.57,-11.8,-0.45,20.6,-158.0,-4.0,120.0
B_stop1,1,stop,or,,,long,1.25,0.0,0.3,against,1.0,85,0.118,0.226,1.41,19.2,0.33,10.1,265.0,3.4,30,0.033,-0.166,0.74,-5.0,-0.2,16.7,112.0,-1.7,120.0
B_stop1,1,stop,or,,,long,1.25,0.0,0.3,against,2.0,85,0.129,0.129,1.18,10.9,0.19,16.1,68.0,2.0,30,0.033,-0.299,0.61,-9.0,-0.35,19.7,-38.0,-3.0,120.0
B_stop1,1,stop,or,,,long,1.25,0.0,0.5,,,157,0.197,0.109,1.13,17.1,0.2,26.4,244.0,3.1,54,0.111,-0.39,0.57,-21.1,-0.69,29.7,-499.0,-7.0,120.0
B_stop1,1,stop,or,,,long,1.25,0.0,0.5,,1.0,157,0.127,0.159,1.29,24.9,0.35,15.9,732.0,4.5,54,0.037,-0.217,0.6,-11.7,-0.43,24.4,-112.0,-3.9,120.0
B_stop1,1,stop,or,,,long,1.25,0.0,0.5,,2.0,157,0.153,0.077,1.11,12.1,0.16,20.1,505.0,2.2,54,0.037,-0.365,0.48,-19.7,-0.72,31.4,-380.0,-6.6,120.0
B_stop1,1,stop,or,,,long,1.25,0.0,0.5,with,,65,0.185,0.109,1.12,7.1,0.13,26.8,182.0,1.3,24,0.125,-0.385,0.57,-9.2,-0.58,12.4,-341.0,-3.1,120.0
B_stop1,1,stop,or,,,long,1.25,0.0,0.5,with,1.0,65,0.123,0.005,1.01,0.3,0.01,19.4,267.0,0.1,24,0.042,-0.281,0.37,-6.7,-0.74,9.7,-224.0,-2.3,120.0
B_stop1,1,stop,or,,,long,1.25,0.0,0.5,with,2.0,65,0.123,-0.118,0.83,-7.7,-0.19,25.4,127.0,-1.4,24,0.042,-0.448,0.27,-10.7,-1.1,13.7,-342.0,-3.6,120.0
B_stop1,1,stop,or,,,long,1.25,0.0,0.5,against,,92,0.207,0.109,1.13,10.0,0.16,22.0,62.0,1.8,30,0.1,-0.394,0.57,-11.8,-0.45,20.6,-158.0,-4.0,120.0
B_stop1,1,stop,or,,,long,1.25,0.0,0.5,against,1.0,92,0.13,0.268,1.5,24.6,0.41,9.7,465.0,4.4,30,0.033,-0.166,0.74,-5.0,-0.2,16.7,112.0,-1.7,120.0
B_stop1,1,stop,or,,,long,1.25,0.0,0.5,against,2.0,92,0.174,0.215,1.32,19.8,0.32,15.1,378.0,3.5,30,0.033,-0.299,0.61,-9.0,-0.35,19.7,-38.0,-3.0,120.0
B_stop1,1,stop,or,,,long,1.25,0.0,9.0,,,158,0.196,0.106,1.12,16.7,0.2,26.4,221.0,3.0,54,0.111,-0.39,0.57,-21.1,-0.69,29.7,-499.0,-7.0,120.0
B_stop1,1,stop,or,,,long,1.25,0.0,9.0,,1.0,158,0.127,0.158,1.29,24.9,0.35,15.9,731.0,4.5,54,0.037,-0.217,0.6,-11.7,-0.43,24.4,-112.0,-3.9,120.0
B_stop1,1,stop,or,,,long,1.25,0.0,9.0,,2.0,158,0.152,0.074,1.11,11.7,0.16,20.5,482.0,2.1,54,0.037,-0.365,0.48,-19.7,-0.72,31.4,-380.0,-6.6,120.0
B_stop1,1,stop,or,,,long,1.25,0.0,9.0,with,,65,0.185,0.109,1.12,7.1,0.13,26.8,182.0,1.3,24,0.125,-0.385,0.57,-9.2,-0.58,12.4,-341.0,-3.1,120.0
B_stop1,1,stop,or,,,long,1.25,0.0,9.0,with,1.0,65,0.123,0.005,1.01,0.3,0.01,19.4,267.0,0.1,24,0.042,-0.281,0.37,-6.7,-0.74,9.7,-224.0,-2.3,120.0
B_stop1,1,stop,or,,,long,1.25,0.0,9.0,with,2.0,65,0.123,-0.118,0.83,-7.7,-0.19,25.4,127.0,-1.4,24,0.042,-0.448,0.27,-10.7,-1.1,13.7,-342.0,-3.6,120.0
B_stop1,1,stop,or,,,long,1.25,0.0,9.0,against,,93,0.204,0.104,1.12,9.6,0.15,22.4,39.0,1.7,30,0.1,-0.394,0.57,-11.8,-0.45,20.6,-158.0,-4.0,120.0
B_stop1,1,stop,or,,,long,1.25,0.0,9.0,against,1.0,93,0.129,0.265,1.5,24.6,0.41,9.7,464.0,4.4,30,0.033,-0.166,0.74,-5.0,-0.2,16.7,112.0,-1.7,120.0
B_stop1,1,stop,or,,,long,1.25,0.0,9.0,against,2.0,93,0.172,0.209,1.32,19.4,0.32,15.4,355.0,3.5,30,0.033,-0.299,0.61,-9.0,-0.35,19.7,-38.0,-3.0,120.0
B_stop1,1,stop,or,,,long,1.25,0.1,0.3,,,120,0.142,-0.256,0.72,-30.7,-0.52,46.5,-388.0,-5.5,42,0.119,-0.277,0.69,-11.6,-0.39,20.3,-310.0,-3.9,120.0
B_stop1,1,stop,or,,,long,1.25,0.1,0.3,,1.0,120,0.108,-0.046,0.92,-5.5,-0.1,28.9,249.0,-1.0,42,0.048,-0.124,0.78,-5.2,-0.19,17.9,33.0,-1.7,120.0
B_stop1,1,stop,or,,,long,1.25,0.1,0.3,,2.0,120,0.117,-0.148,0.8,-17.8,-0.32,40.9,1.0,-3.2,42,0.048,-0.243,0.64,-10.2,-0.38,21.9,-148.0,-3.4,120.0
B_stop1,1,stop,or,,,long,1.25,0.1,0.3,with,,45,0.111,-0.599,0.38,-26.9,-1.01,33.6,-171.0,-4.8,18,0.111,-0.338,0.63,-6.1,-0.41,11.3,-296.0,-2.0,120.0
B_stop1,1,stop,or,,,long,1.25,0.1,0.3,with,1.0,45,0.089,-0.379,0.42,-17.1,-0.74,25.7,38.0,-3.1,18,0.056,-0.249,0.47,-4.5,-0.52,7.4,-170.0,-1.5,120.0
B_stop1,1,stop,or,,,long,1.25,0.1,0.3,with,2.0,45,0.089,-0.512,0.35,-23.1,-0.96,30.7,-72.0,-4.1,18,0.056,-0.36,0.38,-6.5,-0.72,9.4,-235.0,-2.2,120.0
B_stop1,1,stop,or,,,long,1.25,0.1,0.3,against,,75,0.16,-0.05,0.94,-3.8,-0.07,27.6,-217.0,-0.7,24,0.125,-0.231,0.74,-5.6,-0.22,14.3,-14.0,-1.9,120.0
B_stop1,1,stop,or,,,long,1.25,0.1,0.3,against,1.0,75,0.12,0.154,1.27,11.5,0.24,9.6,212.0,2.1,24,0.042,-0.029,0.95,-0.7,-0.03,12.5,203.0,-0.2,120.0
B_stop1,1,stop,or,,,long,1.25,0.1,0.3,against,2.0,75,0.133,0.071,1.1,5.3,0.11,17.6,73.0,0.9,24,0.042,-0.154,0.79,-3.7,-0.15,14.5,87.0,-1.2,120.0
B_stop1,1,stop,or,,,long,1.25,0.1,0.5,,,127,0.173,-0.172,0.8,-21.9,-0.36,37.9,-78.0,-3.9,42,0.119,-0.277,0.69,-11.6,-0.39,20.3,-310.0,-3.9,120.0
B_stop1,1,stop,or,,,long,1.25,0.1,0.5,,1.0,127,0.118,-0.001,1.0,-0.1,-0.0,23.0,450.0,-0.0,42,0.048,-0.124,0.78,-5.2,-0.19,17.9,33.0,-1.7,120.0
B_stop1,1,stop,or,,,long,1.25,0.1,0.5,,2.0,127,0.15,-0.071,0.9,-9.0,-0.15,33.8,312.0,-1.6,42,0.048,-0.243,0.64,-10.2,-0.38,21.9,-148.0,-3.4,120.0
B_stop1,1,stop,or,,,long,1.25,0.1,0.5,with,,45,0.111,-0.599,0.38,-26.9,-1.01,33.6,-171.0,-4.8,18,0.111,-0.338,0.63,-6.1,-0.41,11.3,-296.0,-2.0,120.0
B_stop1,1,stop,or,,,long,1.25,0.1,0.5,with,1.0,45,0.089,-0.379,0.42,-17.1,-0.74,25.7,38.0,-3.1,18,0.056,-0.249,0.47,-4.5,-0.52,7.4,-170.0,-1.5,120.0
B_stop1,1,stop,or,,,long,1.25,0.1,0.5,with,2.0,45,0.089,-0.512,0.35,-23.1,-0.96,30.7,-72.0,-4.1,18,0.056,-0.36,0.38,-6.5,-0.72,9.4,-235.0,-2.2,120.0
B_stop1,1,stop,or,,,long,1.25,0.1,0.5,against,,82,0.207,0.061,1.07,5.0,0.09,20.6,93.0,0.9,24,0.125,-0.231,0.74,-5.6,-0.22,14.3,-14.0,-1.9,120.0
B_stop1,1,stop,or,,,long,1.25,0.1,0.5,against,1.0,82,0.134,0.207,1.38,17.0,0.33,9.5,412.0,3.0,24,0.042,-0.029,0.95,-0.7,-0.03,12.5,203.0,-0.2,120.0
B_stop1,1,stop,or,,,long,1.25,0.1,0.5,against,2.0,82,0.183,0.172,1.26,14.1,0.27,11.8,383.0,2.5,24,0.042,-0.154,0.79,-3.7,-0.15,14.5,87.0,-1.2,120.0
B_stop1,1,stop,or,,,long,1.25,0.1,9.0,,,128,0.172,-0.174,0.8,-22.3,-0.36,38.3,-101.0,-4.0,42,0.119,-0.277,0.69,-11.6,-0.39,20.3,-310.0,-3.9,120.0
B_stop1,1,stop,or,,,long,1.25,0.1,9.0,,1.0,128,0.117,-0.001,1.0,-0.1,-0.0,23.0,449.0,-0.0,42,0.048,-0.124,0.78,-5.2,-0.19,17.9,33.0,-1.7,120.0
B_stop1,1,stop,or,,,long,1.25,0.1,9.0,,2.0,128,0.148,-0.073,0.9,-9.3,-0.16,33.8,289.0,-1.7,42,0.048,-0.243,0.64,-10.2,-0.38,21.9,-148.0,-3.4,120.0
B_stop1,1,stop,or,,,long,1.25,0.1,9.0,with,,45,0.111,-0.599,0.38,-26.9,-1.01,33.6,-171.0,-4.8,18,0.111,-0.338,0.63,-6.1,-0.41,11.3,-296.0,-2.0,120.0
B_stop1,1,stop,or,,,long,1.25,0.1,9.0,with,1.0,45,0.089,-0.379,0.42,-17.1,-0.74,25.7,38.0,-3.1,18,0.056,-0.249,0.47,-4.5,-0.52,7.4,-170.0,-1.5,120.0
B_stop1,1,stop,or,,,long,1.25,0.1,9.0,with,2.0,45,0.089,-0.512,0.35,-23.1,-0.96,30.7,-72.0,-4.1,18,0.056,-0.36,0.38,-6.5,-0.72,9.4,-235.0,-2.2,120.0
B_stop1,1,stop,or,,,long,1.25,0.1,9.0,against,,83,0.205,0.056,1.07,4.7,0.08,21.0,70.0,0.8,24,0.125,-0.231,0.74,-5.6,-0.22,14.3,-14.0,-1.9,120.0
B_stop1,1,stop,or,,,long,1.25,0.1,9.0,against,1.0,83,0.133,0.204,1.38,17.0,0.33,9.5,411.0,3.0,24,0.042,-0.029,0.95,-0.7,-0.03,12.5,203.0,-0.2,120.0
B_stop1,1,stop,or,,,long,1.25,0.1,9.0,against,2.0,83,0.181,0.166,1.25,13.7,0.26,12.2,360.0,2.5,24,0.042,-0.154,0.79,-3.7,-0.15,14.5,87.0,-1.2,120.0
B_stop1,1,stop,or,,,long,1.25,0.2,0.3,,,29,0.241,0.26,1.33,7.6,0.22,6.4,58.0,1.4,4,0.0,-1.021,0.0,-4.1,-1.15,4.1,-196.0,-1.4,120.0
B_stop1,1,stop,or,,,long,1.25,0.2,0.3,,1.0,29,0.207,0.424,1.86,12.3,0.39,5.4,210.0,2.2,4,0.0,-0.771,0.0,-3.1,-1.0,3.1,-152.0,-1.0,120.0
B_stop1,1,stop,or,,,long,1.25,0.2,0.3,,2.0,29,0.241,0.485,1.86,14.1,0.42,5.4,241.0,2.5,4,0.0,-0.771,0.0,-3.1,-1.0,3.1,-152.0,-1.0,120.0
B_stop1,1,stop,or,,,long,1.25,0.2,0.3,with,,6,0.167,-0.784,0.11,-4.7,-0.82,4.7,-120.0,-0.8,1,0.0,-1.023,0.0,-1.0,-0.57,1.0,-45.0,-0.3,120.0
B_stop1,1,stop,or,,,long,1.25,0.2,0.3,with,1.0,6,0.167,-0.284,0.25,-1.7,-0.45,2.2,-42.0,-0.3,1,0.0,-1.023,0.0,-1.0,-0.57,1.0,-45.0,-0.3,120.0
B_stop1,1,stop,or,,,long,1.25,0.2,0.3,with,2.0,6,0.167,-0.284,0.25,-1.7,-0.45,2.2,-42.0,-0.3,1,0.0,-1.023,0.0,-1.0,-0.57,1.0,-45.0,-0.3,120.0
B_stop1,1,stop,or,,,long,1.25,0.2,0.3,against,,23,0.261,0.533,1.7,12.3,0.37,5.4,178.0,2.2,3,0.0,-1.021,0.0,-3.1,-0.99,3.1,-151.0,-1.0,120.0
B_stop1,1,stop,or,,,long,1.25,0.2,0.3,against,1.0,23,0.217,0.609,2.16,14.0,0.45,4.4,252.0,2.5,3,0.0,-0.687,0.0,-2.1,-0.82,2.1,-108.0,-0.7,120.0
B_stop1,1,stop,or,,,long,1.25,0.2,0.3,against,2.0,23,0.261,0.686,2.13,15.8,0.48,4.4,283.0,2.8,3,0.0,-0.687,0.0,-2.1,-0.82,2.1,-108.0,-0.7,120.0
B_stop1,1,stop,or,,,long,1.25,0.2,0.5,,,36,0.333,0.455,1.66,16.4,0.43,4.3,369.0,2.9,4,0.0,-1.021,0.0,-4.1,-1.15,4.1,-196.0,-1.4,120.0
B_stop1,1,stop,or,,,long,1.25,0.2,0.5,,1.0,36,0.222,0.493,2.08,17.7,0.49,3.3,411.0,3.2,4,0.0,-0.771,0.0,-3.1,-1.0,3.1,-152.0,-1.0,120.0
B_stop1,1,stop,or,,,long,1.25,0.2,0.5,,2.0,36,0.333,0.635,2.25,22.9,0.61,3.3,551.0,4.1,4,0.0,-0.771,0.0,-3.1,-1.0,3.1,-152.0,-1.0,120.0
B_stop1,1,stop,or,,,long,1.25,0.2,0.5,with,,6,0.167,-0.784,0.11,-4.7,-0.82,4.7,-120.0,-0.8,1,0.0,-1.023,0.0,-1.0,-0.57,1.0,-45.0,-0.3,120.0
B_stop1,1,stop,or,,,long,1.25,0.2,0.5,with,1.0,6,0.167,-0.284,0.25,-1.7,-0.45,2.2,-42.0,-0.3,1,0.0,-1.023,0.0,-1.0,-0.57,1.0,-45.0,-0.3,120.0
B_stop1,1,stop,or,,,long,1.25,0.2,0.5,with,2.0,6,0.167,-0.284,0.25,-1.7,-0.45,2.2,-42.0,-0.3,1,0.0,-1.023,0.0,-1.0,-0.57,1.0,-45.0,-0.3,120.0
B_stop1,1,stop,or,,,long,1.25,0.2,0.5,against,,30,0.367,0.702,2.08,21.1,0.56,4.3,488.0,3.8,3,0.0,-1.021,0.0,-3.1,-0.99,3.1,-151.0,-1.0,120.0
B_stop1,1,stop,or,,,long,1.25,0.2,0.5,against,1.0,30,0.233,0.648,2.37,19.4,0.54,3.3,453.0,3.5,3,0.0,-0.687,0.0,-2.1,-0.82,2.1,-108.0,-0.7,120.0
B_stop1,1,stop,or,,,long,1.25,0.2,0.5,against,2.0,30,0.367,0.819,2.53,24.6,0.66,3.3,593.0,4.4,3,0.0,-0.687,0.0,-2.1,-0.82,2.1,-108.0,-0.7,120.0
B_stop1,1,stop,or,,,long,1.25,0.2,9.0,,,37,0.324,0.433,1.64,16.0,0.42,4.5,346.0,2.9,4,0.0,-1.021,0.0,-4.1,-1.15,4.1,-196.0,-1.4,120.0
B_stop1,1,stop,or,,,long,1.25,0.2,9.0,,1.0,37,0.216,0.479,2.08,17.7,0.49,3.3,410.0,3.2,4,0.0,-0.771,0.0,-3.1,-1.0,3.1,-152.0,-1.0,120.0
B_stop1,1,stop,or,,,long,1.25,0.2,9.0,,2.0,37,0.324,0.609,2.2,22.5,0.6,3.3,528.0,4.0,4,0.0,-0.771,0.0,-3.1,-1.0,3.1,-152.0,-1.0,120.0
B_stop1,1,stop,or,,,long,1.25,0.2,9.0,with,,6,0.167,-0.784,0.11,-4.7,-0.82,4.7,-120.0,-0.8,1,0.0,-1.023,0.0,-1.0,-0.57,1.0,-45.0,-0.3,120.0
B_stop1,1,stop,or,,,long,1.25,0.2,9.0,with,1.0,6,0.167,-0.284,0.25,-1.7,-0.45,2.2,-42.0,-0.3,1,0.0,-1.023,0.0,-1.0,-0.57,1.0,-45.0,-0.3,120.0
B_stop1,1,stop,or,,,long,1.25,0.2,9.0,with,2.0,6,0.167,-0.284,0.25,-1.7,-0.45,2.2,-42.0,-0.3,1,0.0,-1.023,0.0,-1.0,-0.57,1.0,-45.0,-0.3,120.0
B_stop1,1,stop,or,,,long,1.25,0.2,9.0,against,,31,0.355,0.668,2.04,20.7,0.55,4.3,465.0,3.7,3,0.0,-1.021,0.0,-3.1,-0.99,3.1,-151.0,-1.0,120.0
B_stop1,1,stop,or,,,long,1.25,0.2,9.0,against,1.0,31,0.226,0.627,2.37,19.4,0.54,3.3,452.0,3.5,3,0.0,-0.687,0.0,-2.1,-0.82,2.1,-108.0,-0.7,120.0
B_stop1,1,stop,or,,,long,1.25,0.2,9.0,against,2.0,31,0.355,0.781,2.47,24.2,0.65,3.3,570.0,4.3,3,0.0,-0.687,0.0,-2.1,-0.82,2.1,-108.0,-0.7,120.0
C_stop15mid,15,stop,mid,,5.0,both,0.0,0.0,0.3,,,737,0.259,0.154,1.19,113.4,0.78,29.2,1754.0,20.3,453,0.199,0.021,1.03,9.5,0.12,48.5,648.0,3.2,120.0
C_stop15mid,15,stop,mid,,5.0,both,0.0,0.0,0.3,,1.0,737,0.167,0.118,1.21,87.2,0.7,36.4,1779.0,15.6,453,0.119,-0.04,0.93,-17.9,-0.28,74.1,-281.0,-6.0,120.0
C_stop15mid,15,stop,mid,,5.0,both,0.0,0.0,0.3,,2.0,737,0.228,0.151,1.21,111.7,0.8,34.4,2038.0,20.0,453,0.177,0.043,1.06,19.6,0.26,54.0,1011.0,6.6,120.0
C_stop15mid,15,stop,mid,,5.0,both,0.0,0.0,0.3,with,,374,0.283,0.274,1.35,102.5,0.95,31.8,2043.0,18.4,222,0.203,0.013,1.02,2.9,0.05,29.5,68.0,1.0,120.0
C_stop15mid,15,stop,mid,,5.0,both,0.0,0.0,0.3,with,1.0,374,0.19,0.176,1.3,65.7,0.71,34.5,1759.0,11.8,222,0.117,-0.031,0.94,-6.8,-0.15,34.4,-200.0,-2.3,120.0
C_stop15mid,15,stop,mid,,5.0,both,0.0,0.0,0.3,with,2.0,374,0.259,0.267,1.37,99.8,0.96,30.8,2298.0,17.9,222,0.18,0.071,1.1,15.7,0.3,28.2,583.0,5.3,120.0
C_stop15mid,15,stop,mid,,5.0,both,0.0,0.0,0.3,against,,363,0.234,0.03,1.04,10.9,0.11,36.8,-290.0,2.0,229,0.197,0.038,1.05,8.6,0.15,37.5,662.0,2.9,120.0
C_stop15mid,15,stop,mid,,5.0,both,0.0,0.0,0.3,against,1.0,363,0.143,0.059,1.11,21.4,0.26,21.6,19.0,3.8,229,0.122,-0.048,0.92,-11.0,-0.24,55.8,-79.0,-3.7,120.0
C_stop15mid,15,stop,mid,,5.0,both,0.0,0.0,0.3,against,2.0,363,0.196,0.033,1.04,11.8,0.13,36.6,-259.0,2.1,229,0.175,0.022,1.03,5.0,0.09,43.5,474.0,1.7,120.0
C_stop15mid,15,stop,mid,,5.0,both,0.0,0.0,0.5,,,1240,0.264,0.086,1.11,106.5,0.6,35.0,1559.0,19.1,732,0.235,0.097,1.12,70.9,0.69,38.7,3380.0,23.7,120.0
C_stop15mid,15,stop,mid,,5.0,both,0.0,0.0,0.5,,1.0,1240,0.177,0.1,1.18,124.2,0.81,46.3,2127.0,22.3,732,0.152,0.063,1.12,45.9,0.54,52.4,2768.0,15.3,120.0
C_stop15mid,15,stop,mid,,5.0,both,0.0,0.0,0.5,,2.0,1240,0.236,0.101,1.14,124.7,0.73,38.4,2172.0,22.4,732,0.206,0.103,1.15,75.1,0.78,51.7,3579.0,25.1,120.0
C_stop15mid,15,stop,mid,,5.0,both,0.0,0.0,0.5,with,,615,0.294,0.211,1.28,129.9,1.01,27.1,3001.0,23.3,368,0.247,0.143,1.19,52.8,0.72,29.1,2496.0,17.6,120.0
C_stop15mid,15,stop,mid,,5.0,both,0.0,0.0,0.5,with,1.0,615,0.211,0.193,1.36,118.9,1.06,28.9,3071.0,21.3,368,0.166,0.129,1.25,47.3,0.77,38.6,2450.0,15.8,120.0
C_stop15mid,15,stop,mid,,5.0,both,0.0,0.0,0.5,with,2.0,615,0.28,0.23,1.33,141.7,1.13,24.3,3594.0,25.4,368,0.223,0.182,1.28,67.0,0.97,33.1,3104.0,22.4,120.0
C_stop15mid,15,stop,mid,,5.0,both,0.0,0.0,0.5,against,,625,0.234,-0.037,0.95,-23.4,-0.19,64.4,-1442.0,-4.2,362,0.224,0.056,1.07,20.2,0.28,37.2,966.0,6.7,120.0
C_stop15mid,15,stop,mid,,5.0,both,0.0,0.0,0.5,against,1.0,625,0.144,0.008,1.02,5.3,0.05,37.9,-944.0,0.9,362,0.138,-0.004,0.99,-1.4,-0.02,53.8,320.0,-0.5,120.0
C_stop15mid,15,stop,mid,,5.0,both,0.0,0.0,0.5,against,2.0,625,0.194,-0.027,0.96,-16.9,-0.15,54.3,-1422.0,-3.0,362,0.191,0.025,1.04,9.2,0.14,51.3,522.0,3.1,120.0
C_stop15mid,15,stop,mid,,5.0,both,0.0,0.0,9.0,,,1400,0.276,0.11,1.14,153.6,0.82,34.5,2600.0,27.5,770,0.239,0.094,1.12,72.6,0.7,30.5,3705.0,24.3,120.0
C_stop15mid,15,stop,mid,,5.0,both,0.0,0.0,9.0,,1.0,1400,0.189,0.124,1.23,173.0,1.06,37.0,3295.0,31.0,770,0.152,0.057,1.11,44.2,0.51,51.8,2794.0,14.8,120.0
C_stop15mid,15,stop,mid,,5.0,both,0.0,0.0,9.0,,2.0,1400,0.249,0.124,1.18,172.9,0.96,39.2,3397.0,31.0,770,0.21,0.101,1.15,77.6,0.79,42.2,3924.0,25.9,120.0
C_stop15mid,15,stop,mid,,5.0,both,0.0,0.0,9.0,with,,693,0.316,0.265,1.36,183.4,1.34,30.1,4482.0,32.9,385,0.255,0.147,1.19,56.6,0.77,26.9,2791.0,18.9,120.0
C_stop15mid,15,stop,mid,,5.0,both,0.0,0.0,9.0,with,1.0,693,0.229,0.239,1.46,165.7,1.39,24.7,4395.0,29.7,385,0.169,0.13,1.25,49.9,0.8,35.6,2648.0,16.7,120.0
C_stop15mid,15,stop,mid,,5.0,both,0.0,0.0,9.0,with,2.0,693,0.3,0.283,1.42,196.4,1.48,26.1,5149.0,35.2,385,0.229,0.182,1.28,70.2,1.0,30.9,3330.0,23.5,120.0
C_stop15mid,15,stop,mid,,5.0,both,0.0,0.0,9.0,against,,707,0.236,-0.042,0.95,-29.8,-0.23,58.1,-1882.0,-5.3,383,0.225,0.047,1.06,18.0,0.25,38.9,996.0,6.0,120.0
C_stop15mid,15,stop,mid,,5.0,both,0.0,0.0,9.0,against,1.0,707,0.15,0.01,1.02,7.2,0.07,28.4,-1100.0,1.3,383,0.136,-0.015,0.97,-5.7,-0.1,54.9,148.0,-1.9,120.0
C_stop15mid,15,stop,mid,,5.0,both,0.0,0.0,9.0,against,2.0,707,0.198,-0.033,0.95,-23.5,-0.19,48.1,-1752.0,-4.2,383,0.193,0.022,1.03,8.5,0.12,52.1,640.0,2.8,120.0
C_stop15mid,15,stop,mid,,5.0,both,0.0,0.1,0.3,,,713,0.257,0.156,1.19,111.5,0.78,26.6,1842.0,20.0,437,0.204,0.059,1.07,25.8,0.32,39.9,817.0,8.6,120.0
C_stop15mid,15,stop,mid,,5.0,both,0.0,0.1,0.3,,1.0,713,0.165,0.124,1.22,88.4,0.72,33.5,1801.0,15.9,437,0.124,-0.012,0.98,-5.1,-0.08,64.6,-157.0,-1.7,120.0
C_stop15mid,15,stop,mid,,5.0,both,0.0,0.1,0.3,,2.0,713,0.226,0.151,1.21,107.5,0.78,31.3,2043.0,19.3,437,0.181,0.078,1.11,33.9,0.44,44.7,1148.0,11.3,120.0
C_stop15mid,15,stop,mid,,5.0,both,0.0,0.1,0.3,with,,358,0.282,0.279,1.36,100.0,0.95,30.6,2110.0,17.9,212,0.208,0.058,1.07,12.2,0.22,27.8,189.0,4.1,120.0
C_stop15mid,15,stop,mid,,5.0,both,0.0,0.1,0.3,with,1.0,358,0.193,0.191,1.33,68.4,0.75,33.3,1775.0,12.3,212,0.123,0.0,1.0,0.0,0.0,32.0,-114.0,0.0,120.0
C_stop15mid,15,stop,mid,,5.0,both,0.0,0.1,0.3,with,2.0,358,0.26,0.271,1.38,97.1,0.95,29.6,2295.0,17.4,212,0.184,0.109,1.16,23.0,0.44,27.5,673.0,7.7,120.0
C_stop15mid,15,stop,mid,,5.0,both,0.0,0.1,0.3,against,,355,0.231,0.032,1.04,11.5,0.12,31.8,-269.0,2.1,223,0.202,0.07,1.08,15.6,0.26,31.6,709.0,5.2,120.0
C_stop15mid,15,stop,mid,,5.0,both,0.0,0.1,0.3,against,1.0,355,0.138,0.056,1.1,20.0,0.24,18.9,27.0,3.6,223,0.126,-0.023,0.96,-5.1,-0.11,49.9,-41.0,-1.7,120.0
C_stop15mid,15,stop,mid,,5.0,both,0.0,0.1,0.3,against,2.0,355,0.192,0.029,1.04,10.4,0.11,33.0,-252.0,1.9,223,0.179,0.054,1.07,11.9,0.22,37.6,521.0,4.0,120.0
C_stop15mid,15,stop,mid,,5.0,both,0.0,0.1,0.5,,,1216,0.262,0.086,1.11,104.5,0.6,34.5,1647.0,18.7,716,0.239,0.122,1.16,87.2,0.86,35.2,3548.0,29.1,120.0
C_stop15mid,15,stop,mid,,5.0,both,0.0,0.1,0.5,,1.0,1216,0.177,0.103,1.19,125.5,0.83,43.1,2150.0,22.5,716,0.155,0.082,1.16,58.7,0.7,45.4,2892.0,19.6,120.0
C_stop15mid,15,stop,mid,,5.0,both,0.0,0.1,0.5,,2.0,1216,0.235,0.099,1.14,120.5,0.71,33.9,2176.0,21.6,716,0.209,0.125,1.18,89.4,0.93,48.2,3716.0,29.9,120.0
C_stop15mid,15,stop,mid,,5.0,both,0.0,0.1,0.5,with,,599,0.294,0.213,1.28,127.3,1.0,27.0,3068.0,22.8,358,0.251,0.173,1.23,62.0,0.86,27.4,2617.0,20.7,120.0
C_stop15mid,15,stop,mid,,5.0,both,0.0,0.1,0.5,with,1.0,599,0.214,0.203,1.38,121.6,1.1,27.3,3087.0,21.8,358,0.17,0.151,1.29,54.2,0.89,36.2,2536.0,18.1,120.0
C_stop15mid,15,stop,mid,,5.0,both,0.0,0.1,0.5,with,2.0,599,0.28,0.232,1.33,138.9,1.12,24.0,3591.0,24.9,358,0.226,0.207,1.32,74.3,1.08,32.4,3194.0,24.8,120.0
C_stop15mid,15,stop,mid,,5.0,both,0.0,0.1,0.5,against,,617,0.232,-0.037,0.95,-22.8,-0.19,59.5,-1421.0,-4.1,356,0.228,0.076,1.1,27.2,0.38,31.3,1013.0,9.1,120.0
C_stop15mid,15,stop,mid,,5.0,both,0.0,0.1,0.5,against,1.0,617,0.141,0.006,1.01,3.8,0.04,34.0,-937.0,0.7,356,0.14,0.013,1.02,4.6,0.08,47.9,358.0,1.5,120.0
C_stop15mid,15,stop,mid,,5.0,both,0.0,0.1,0.5,against,2.0,617,0.191,-0.03,0.96,-18.4,-0.16,50.4,-1415.0,-3.3,356,0.194,0.045,1.06,16.2,0.24,45.5,569.0,5.4,120.0
C_stop15mid,15,stop,mid,,5.0,both,0.0,0.1,9.0,,,1376,0.275,0.11,1.14,151.6,0.82,31.5,2688.0,27.2,754,0.243,0.118,1.15,88.9,0.86,29.9,3874.0,29.7,120.0
C_stop15mid,15,stop,mid,,5.0,both,0.0,0.1,9.0,,1.0,1376,0.189,0.127,1.24,174.2,1.08,32.3,3317.0,31.2,754,0.155,0.076,1.14,57.1,0.67,42.5,2918.0,19.1,120.0
C_stop15mid,15,stop,mid,,5.0,both,0.0,0.1,9.0,,2.0,1376,0.248,0.123,1.18,168.7,0.94,34.0,3402.0,30.3,754,0.214,0.122,1.18,91.9,0.94,38.2,4061.0,30.7,120.0
C_stop15mid,15,stop,mid,,5.0,both,0.0,0.1,9.0,with,,677,0.316,0.267,1.37,180.9,1.34,30.1,4549.0,32.4,375,0.259,0.176,1.23,65.9,0.9,25.2,2912.0,22.0,120.0
C_stop15mid,15,stop,mid,,5.0,both,0.0,0.1,9.0,with,1.0,677,0.232,0.249,1.48,168.4,1.42,23.7,4410.0,30.2,375,0.173,0.151,1.3,56.8,0.92,33.2,2734.0,19.0,120.0
C_stop15mid,15,stop,mid,,5.0,both,0.0,0.1,9.0,with,2.0,677,0.301,0.286,1.43,193.7,1.47,26.1,5147.0,34.7,375,0.232,0.207,1.32,77.5,1.11,30.2,3419.0,25.9,120.0
C_stop15mid,15,stop,mid,,5.0,both,0.0,0.1,9.0,against,,699,0.235,-0.042,0.95,-29.2,-0.23,57.5,-1861.0,-5.2,377,0.228,0.066,1.08,25.0,0.34,33.1,1043.0,8.4,120.0
C_stop15mid,15,stop,mid,,5.0,both,0.0,0.1,9.0,against,1.0,699,0.147,0.008,1.01,5.8,0.05,28.1,-1093.0,1.0,377,0.138,0.001,1.0,0.3,0.01,49.0,186.0,0.1,120.0
C_stop15mid,15,stop,mid,,5.0,both,0.0,0.1,9.0,against,2.0,699,0.196,-0.036,0.95,-24.9,-0.21,46.8,-1745.0,-4.5,377,0.196,0.041,1.06,15.4,0.23,46.2,687.0,5.2,120.0
C_stop15mid,15,stop,mid,,5.0,both,0.0,0.2,0.3,,,464,0.259,0.102,1.13,47.4,0.43,18.2,810.0,8.5,309,0.21,0.057,1.07,17.7,0.26,40.6,663.0,5.9,120.0
C_stop15mid,15,stop,mid,,5.0,both,0.0,0.2,0.3,,1.0,464,0.159,0.093,1.17,43.4,0.46,30.1,884.0,7.8,309,0.123,-0.037,0.93,-11.5,-0.22,47.0,-368.0,-3.9,120.0
C_stop15mid,15,stop,mid,,5.0,both,0.0,0.2,0.3,,2.0,464,0.228,0.117,1.16,54.4,0.51,23.8,975.0,9.8,309,0.188,0.064,1.09,19.8,0.31,39.8,764.0,6.6,120.0
C_stop15mid,15,stop,mid,,5.0,both,0.0,0.2,0.3,with,,229,0.262,0.08,1.1,18.4,0.24,24.6,634.0,3.3,142,0.204,-0.037,0.95,-5.3,-0.12,28.2,-207.0,-1.8,120.0
C_stop15mid,15,stop,mid,,5.0,both,0.0,0.2,0.3,with,1.0,229,0.179,0.087,1.15,19.9,0.3,26.2,701.0,3.6,142,0.113,-0.084,0.85,-11.9,-0.35,31.0,-389.0,-4.0,120.0
C_stop15mid,15,stop,mid,,5.0,both,0.0,0.2,0.3,with,2.0,229,0.245,0.113,1.16,25.8,0.35,24.6,852.0,4.6,142,0.183,0.032,1.05,4.5,0.11,27.4,201.0,1.5,120.0
C_stop15mid,15,stop,mid,,5.0,both,0.0,0.2,0.3,against,,235,0.255,0.124,1.15,29.1,0.36,34.4,176.0,5.2,165,0.218,0.152,1.19,25.0,0.48,19.7,951.0,8.4,120.0
C_stop15mid,15,stop,mid,,5.0,both,0.0,0.2,0.3,against,1.0,235,0.14,0.1,1.19,23.4,0.35,27.6,183.0,4.2,165,0.133,0.002,1.0,0.4,0.01,34.5,23.0,0.1,120.0
C_stop15mid,15,stop,mid,,5.0,both,0.0,0.2,0.3,against,2.0,235,0.213,0.122,1.17,28.6,0.37,32.7,123.0,5.1,165,0.194,0.099,1.13,16.4,0.34,25.3,609.0,5.5,120.0
C_stop15mid,15,stop,mid,,5.0,both,0.0,0.2,0.5,,,967,0.265,0.042,1.05,40.5,0.27,40.4,615.0,7.3,588,0.25,0.135,1.18,79.1,0.87,36.4,3395.0,26.4,120.0
C_stop15mid,15,stop,mid,,5.0,both,0.0,0.2,0.5,,1.0,967,0.177,0.083,1.16,80.4,0.62,41.1,1232.0,14.4,588,0.162,0.089,1.17,52.3,0.69,43.9,2682.0,17.5,120.0
C_stop15mid,15,stop,mid,,5.0,both,0.0,0.2,0.5,,2.0,967,0.239,0.07,1.1,67.5,0.46,33.7,1108.0,12.1,588,0.219,0.128,1.19,75.3,0.88,47.3,3332.0,25.2,120.0
C_stop15mid,15,stop,mid,,5.0,both,0.0,0.2,0.5,with,,470,0.287,0.097,1.13,45.7,0.44,21.5,1592.0,8.2,288,0.26,0.155,1.21,44.6,0.71,28.3,2221.0,14.9,120.0
C_stop15mid,15,stop,mid,,5.0,both,0.0,0.2,0.5,with,1.0,470,0.213,0.156,1.3,73.2,0.79,22.3,2012.0,13.1,288,0.177,0.147,1.29,42.3,0.79,36.0,2261.0,14.1,120.0
C_stop15mid,15,stop,mid,,5.0,both,0.0,0.2,0.5,with,2.0,470,0.279,0.144,1.21,67.7,0.66,20.2,2148.0,12.1,288,0.236,0.194,1.3,55.8,0.92,32.3,2721.0,18.6,120.0
C_stop15mid,15,stop,mid,,5.0,both,0.0,0.2,0.5,against,,497,0.243,-0.01,0.99,-5.2,-0.05,50.0,-977.0,-0.9,298,0.242,0.123,1.16,36.6,0.56,21.3,1255.0,12.2,120.0
C_stop15mid,15,stop,mid,,5.0,both,0.0,0.2,0.5,against,1.0,497,0.143,0.015,1.03,7.2,0.08,35.1,-780.0,1.3,298,0.148,0.034,1.06,10.0,0.19,32.8,423.0,3.4,120.0
C_stop15mid,15,stop,mid,,5.0,both,0.0,0.2,0.5,against,2.0,497,0.201,-0.0,1.0,-0.2,-0.0,46.6,-1040.0,-0.0,298,0.205,0.069,1.1,20.6,0.34,33.4,657.0,6.9,120.0
C_stop15mid,15,stop,mid,,5.0,both,0.0,0.2,9.0,,,1127,0.28,0.078,1.1,87.6,0.54,36.5,1656.0,15.7,626,0.254,0.129,1.17,80.8,0.87,28.1,3720.0,27.0,120.0
C_stop15mid,15,stop,mid,,5.0,both,0.0,0.2,9.0,,1.0,1127,0.192,0.115,1.22,129.2,0.91,30.0,2400.0,23.2,626,0.161,0.081,1.15,50.6,0.65,34.8,2707.0,16.9,120.0
C_stop15mid,15,stop,mid,,5.0,both,0.0,0.2,9.0,,2.0,1127,0.254,0.103,1.15,115.7,0.74,31.0,2334.0,20.8,626,0.224,0.124,1.19,77.8,0.89,39.2,3677.0,26.0,120.0
C_stop15mid,15,stop,mid,,5.0,both,0.0,0.2,9.0,with,,548,0.316,0.181,1.25,99.3,0.87,19.4,3073.0,17.8,305,0.269,0.159,1.21,48.4,0.76,26.1,2517.0,16.2,120.0
C_stop15mid,15,stop,mid,,5.0,both,0.0,0.2,9.0,with,1.0,548,0.235,0.219,1.44,119.9,1.19,21.9,3336.0,21.5,305,0.18,0.147,1.29,44.9,0.82,33.1,2459.0,15.0,120.0
C_stop15mid,15,stop,mid,,5.0,both,0.0,0.2,9.0,with,2.0,548,0.305,0.223,1.34,122.5,1.1,18.1,3703.0,22.0,305,0.243,0.193,1.3,59.0,0.96,30.1,2947.0,19.7,120.0
C_stop15mid,15,stop,mid,,5.0,both,0.0,0.2,9.0,against,,579,0.245,-0.02,0.97,-11.6,-0.1,52.2,-1417.0,-2.1,319,0.241,0.108,1.14,34.4,0.51,23.0,1285.0,11.5,120.0
C_stop15mid,15,stop,mid,,5.0,both,0.0,0.2,9.0,against,1.0,579,0.15,0.016,1.03,9.2,0.09,34.0,-936.0,1.7,319,0.144,0.018,1.03,5.7,0.1,34.1,250.0,1.9,120.0
C_stop15mid,15,stop,mid,,5.0,both,0.0,0.2,9.0,against,2.0,579,0.206,-0.012,0.98,-6.7,-0.06,46.8,-1370.0,-1.2,319,0.207,0.062,1.09,19.9,0.32,34.1,776.0,6.6,120.0
C_stop15mid,15,stop,mid,,5.0,both,1.0,0.0,0.3,,,182,0.225,-0.0,1.0,-0.1,-0.0,30.6,92.0,-0.0,144,0.236,0.262,1.33,37.7,0.75,24.4,1084.0,12.6,120.0
C_stop15mid,15,stop,mid,,5.0,both,1.0,0.0,0.3,,1.0,182,0.137,-0.009,0.98,-1.7,-0.03,23.3,107.0,-0.3,144,0.139,0.039,1.07,5.7,0.15,19.5,164.0,1.9,120.0
C_stop15mid,15,stop,mid,,5.0,both,1.0,0.0,0.3,,2.0,182,0.198,0.016,1.02,2.9,0.04,27.7,161.0,0.5,144,0.208,0.234,1.34,33.7,0.72,21.4,1001.0,11.3,120.0
C_stop15mid,15,stop,mid,,5.0,both,1.0,0.0,0.3,with,,86,0.244,0.099,1.12,8.5,0.18,20.6,278.0,1.5,72,0.181,-0.053,0.94,-3.8,-0.12,28.5,-220.0,-1.3,120.0
C_stop15mid,15,stop,mid,,5.0,both,1.0,0.0,0.3,with,1.0,86,0.163,0.044,1.08,3.8,0.09,14.7,260.0,0.7,72,0.111,-0.095,0.83,-6.8,-0.29,17.3,-249.0,-2.3,120.0
C_stop15mid,15,stop,mid,,5.0,both,1.0,0.0,0.3,with,2.0,86,0.221,0.067,1.09,5.7,0.13,18.6,321.0,1.0,72,0.167,0.003,1.0,0.2,0.01,22.3,-64.0,0.1,120.0
C_stop15mid,15,stop,mid,,5.0,both,1.0,0.0,0.3,against,,96,0.208,-0.089,0.9,-8.6,-0.18,24.5,-186.0,-1.5,72,0.292,0.576,1.78,41.5,1.06,11.7,1304.0,13.9,120.0
C_stop15mid,15,stop,mid,,5.0,both,1.0,0.0,0.3,against,1.0,96,0.115,-0.057,0.9,-5.5,-0.14,14.7,-153.0,-1.0,72,0.167,0.173,1.34,12.5,0.44,12.2,412.0,4.2,120.0
C_stop15mid,15,stop,mid,,5.0,both,1.0,0.0,0.3,against,2.0,96,0.177,-0.03,0.96,-2.9,-0.06,17.7,-160.0,-0.5,72,0.25,0.465,1.73,33.5,0.93,11.0,1065.0,11.2,120.0
C_stop15mid,15,stop,mid,,5.0,both,1.0,0.0,0.5,,,512,0.248,-0.011,0.99,-5.4,-0.05,45.4,380.0,-1.0,351,0.271,0.245,1.33,86.1,1.18,26.1,3171.0,28.8,120.0
C_stop15mid,15,stop,mid,,5.0,both,1.0,0.0,0.5,,1.0,512,0.16,0.025,1.05,13.0,0.14,34.9,312.0,2.3,351,0.177,0.174,1.36,61.2,1.02,20.7,2798.0,20.4,120.0
C_stop15mid,15,stop,mid,,5.0,both,1.0,0.0,0.5,,2.0,512,0.225,0.028,1.04,14.6,0.14,31.0,826.0,2.6,351,0.236,0.22,1.34,77.3,1.13,29.5,2973.0,25.8,120.0
C_stop15mid,15,stop,mid,,5.0,both,1.0,0.0,0.5,with,,243,0.28,0.13,1.17,31.7,0.41,21.0,1363.0,5.7,177,0.26,0.199,1.27,35.1,0.69,25.5,1568.0,11.7,120.0
C_stop15mid,15,stop,mid,,5.0,both,1.0,0.0,0.5,with,1.0,243,0.202,0.174,1.34,42.4,0.64,17.6,1359.0,7.6,177,0.192,0.246,1.52,43.5,0.99,15.3,2095.0,14.5,120.0
C_stop15mid,15,stop,mid,,5.0,both,1.0,0.0,0.5,with,2.0,243,0.272,0.166,1.24,40.4,0.54,20.4,1655.0,7.2,177,0.237,0.232,1.36,41.0,0.84,23.9,1831.0,13.7,120.0
C_stop15mid,15,stop,mid,,5.0,both,1.0,0.0,0.5,against,,269,0.219,-0.138,0.83,-37.1,-0.5,49.2,-983.0,-6.6,174,0.282,0.293,1.4,51.0,0.97,17.1,1603.0,17.0,120.0
C_stop15mid,15,stop,mid,,5.0,both,1.0,0.0,0.5,against,1.0,269,0.123,-0.109,0.81,-29.3,-0.47,43.7,-1047.0,-5.3,174,0.161,0.102,1.2,17.7,0.43,17.1,703.0,5.9,120.0
C_stop15mid,15,stop,mid,,5.0,both,1.0,0.0,0.5,against,2.0,269,0.182,-0.096,0.87,-25.8,-0.36,36.3,-828.0,-4.6,174,0.236,0.208,1.32,36.2,0.75,19.1,1142.0,12.1,120.0
C_stop15mid,15,stop,mid,,5.0,both,1.0,0.0,9.0,,,667,0.274,0.051,1.07,33.8,0.28,28.3,1210.0,6.1,388,0.273,0.224,1.3,87.0,1.15,19.6,3348.0,29.1,120.0
C_stop15mid,15,stop,mid,,5.0,both,1.0,0.0,9.0,,1.0,667,0.186,0.08,1.15,53.3,0.51,29.6,1228.0,9.6,388,0.175,0.153,1.31,59.5,0.96,14.9,2825.0,19.9,120.0
C_stop15mid,15,stop,mid,,5.0,both,1.0,0.0,9.0,,2.0,667,0.25,0.081,1.12,54.3,0.46,25.8,1801.0,9.7,388,0.24,0.203,1.32,78.9,1.11,21.4,3169.0,26.4,120.0
C_stop15mid,15,stop,mid,,5.0,both,1.0,0.0,9.0,with,,318,0.324,0.238,1.34,75.7,0.86,23.5,2472.0,13.6,194,0.273,0.201,1.28,39.0,0.75,23.3,1864.0,13.0,120.0
C_stop15mid,15,stop,mid,,5.0,both,1.0,0.0,9.0,with,1.0,318,0.236,0.251,1.52,79.7,1.04,15.3,2311.0,14.3,194,0.196,0.238,1.5,46.1,1.03,13.2,2293.0,15.4,120.0
C_stop15mid,15,stop,mid,,5.0,both,1.0,0.0,9.0,with,2.0,318,0.311,0.269,1.42,85.6,1.0,21.1,2839.0,15.4,194,0.247,0.228,1.36,44.2,0.89,21.7,2057.0,14.8,120.0
C_stop15mid,15,stop,mid,,5.0,both,1.0,0.0,9.0,against,,349,0.229,-0.12,0.85,-42.0,-0.51,49.4,-1262.0,-7.5,194,0.273,0.247,1.33,48.0,0.88,13.7,1484.0,16.0,120.0
C_stop15mid,15,stop,mid,,5.0,both,1.0,0.0,9.0,against,1.0,349,0.14,-0.075,0.87,-26.3,-0.37,36.5,-1083.0,-4.7,194,0.155,0.069,1.13,13.4,0.31,18.0,531.0,4.5,120.0
C_stop15mid,15,stop,mid,,5.0,both,1.0,0.0,9.0,against,2.0,349,0.195,-0.09,0.87,-31.4,-0.39,36.3,-1038.0,-5.6,194,0.232,0.179,1.27,34.7,0.69,18.3,1112.0,11.6,120.0
C_stop15mid,15,stop,mid,,5.0,both,1.0,0.1,0.3,,,182,0.225,-0.0,1.0,-0.1,-0.0,30.6,92.0,-0.0,144,0.236,0.262,1.33,37.7,0.75,24.4,1084.0,12.6,120.0
C_stop15mid,15,stop,mid,,5.0,both,1.0,0.1,0.3,,1.0,182,0.137,-0.009,0.98,-1.7,-0.03,23.3,107.0,-0.3,144,0.139,0.039,1.07,5.7,0.15,19.5,164.0,1.9,120.0
C_stop15mid,15,stop,mid,,5.0,both,1.0,0.1,0.3,,2.0,182,0.198,0.016,1.02,2.9,0.04,27.7,161.0,0.5,144,0.208,0.234,1.34,33.7,0.72,21.4,1001.0,11.3,120.0
C_stop15mid,15,stop,mid,,5.0,both,1.0,0.1,0.3,with,,86,0.244,0.099,1.12,8.5,0.18,20.6,278.0,1.5,72,0.181,-0.053,0.94,-3.8,-0.12,28.5,-220.0,-1.3,120.0
C_stop15mid,15,stop,mid,,5.0,both,1.0,0.1,0.3,with,1.0,86,0.163,0.044,1.08,3.8,0.09,14.7,260.0,0.7,72,0.111,-0.095,0.83,-6.8,-0.29,17.3,-249.0,-2.3,120.0
C_stop15mid,15,stop,mid,,5.0,both,1.0,0.1,0.3,with,2.0,86,0.221,0.067,1.09,5.7,0.13,18.6,321.0,1.0,72,0.167,0.003,1.0,0.2,0.01,22.3,-64.0,0.1,120.0
C_stop15mid,15,stop,mid,,5.0,both,1.0,0.1,0.3,against,,96,0.208,-0.089,0.9,-8.6,-0.18,24.5,-186.0,-1.5,72,0.292,0.576,1.78,41.5,1.06,11.7,1304.0,13.9,120.0
C_stop15mid,15,stop,mid,,5.0,both,1.0,0.1,0.3,against,1.0,96,0.115,-0.057,0.9,-5.5,-0.14,14.7,-153.0,-1.0,72,0.167,0.173,1.34,12.5,0.44,12.2,412.0,4.2,120.0
C_stop15mid,15,stop,mid,,5.0,both,1.0,0.1,0.3,against,2.0,96,0.177,-0.03,0.96,-2.9,-0.06,17.7,-160.0,-0.5,72,0.25,0.465,1.73,33.5,0.93,11.0,1065.0,11.2,120.0
C_stop15mid,15,stop,mid,,5.0,both,1.0,0.1,0.5,,,512,0.248,-0.011,0.99,-5.4,-0.05,45.4,380.0,-1.0,351,0.271,0.245,1.33,86.1,1.18,26.1,3171.0,28.8,120.0
C_stop15mid,15,stop,mid,,5.0,both,1.0,0.1,0.5,,1.0,512,0.16,0.025,1.05,13.0,0.14,34.9,312.0,2.3,351,0.177,0.174,1.36,61.2,1.02,20.7,2798.0,20.4,120.0
C_stop15mid,15,stop,mid,,5.0,both,1.0,0.1,0.5,,2.0,512,0.225,0.028,1.04,14.6,0.14,31.0,826.0,2.6,351,0.236,0.22,1.34,77.3,1.13,29.5,2973.0,25.8,120.0
C_stop15mid,15,stop,mid,,5.0,both,1.0,0.1,0.5,with,,243,0.28,0.13,1.17,31.7,0.41,21.0,1363.0,5.7,177,0.26,0.199,1.27,35.1,0.69,25.5,1568.0,11.7,120.0
C_stop15mid,15,stop,mid,,5.0,both,1.0,0.1,0.5,with,1.0,243,0.202,0.174,1.34,42.4,0.64,17.6,1359.0,7.6,177,0.192,0.246,1.52,43.5,0.99,15.3,2095.0,14.5,120.0
C_stop15mid,15,stop,mid,,5.0,both,1.0,0.1,0.5,with,2.0,243,0.272,0.166,1.24,40.4,0.54,20.4,1655.0,7.2,177,0.237,0.232,1.36,41.0,0.84,23.9,1831.0,13.7,120.0
C_stop15mid,15,stop,mid,,5.0,both,1.0,0.1,0.5,against,,269,0.219,-0.138,0.83,-37.1,-0.5,49.2,-983.0,-6.6,174,0.282,0.293,1.4,51.0,0.97,17.1,1603.0,17.0,120.0
C_stop15mid,15,stop,mid,,5.0,both,1.0,0.1,0.5,against,1.0,269,0.123,-0.109,0.81,-29.3,-0.47,43.7,-1047.0,-5.3,174,0.161,0.102,1.2,17.7,0.43,17.1,703.0,5.9,120.0
C_stop15mid,15,stop,mid,,5.0,both,1.0,0.1,0.5,against,2.0,269,0.182,-0.096,0.87,-25.8,-0.36,36.3,-828.0,-4.6,174,0.236,0.208,1.32,36.2,0.75,19.1,1142.0,12.1,120.0
C_stop15mid,15,stop,mid,,5.0,both,1.0,0.1,9.0,,,667,0.274,0.051,1.07,33.8,0.28,28.3,1210.0,6.1,388,0.273,0.224,1.3,87.0,1.15,19.6,3348.0,29.1,120.0
C_stop15mid,15,stop,mid,,5.0,both,1.0,0.1,9.0,,1.0,667,0.186,0.08,1.15,53.3,0.51,29.6,1228.0,9.6,388,0.175,0.153,1.31,59.5,0.96,14.9,2825.0,19.9,120.0
C_stop15mid,15,stop,mid,,5.0,both,1.0,0.1,9.0,,2.0,667,0.25,0.081,1.12,54.3,0.46,25.8,1801.0,9.7,388,0.24,0.203,1.32,78.9,1.11,21.4,3169.0,26.4,120.0
C_stop15mid,15,stop,mid,,5.0,both,1.0,0.1,9.0,with,,318,0.324,0.238,1.34,75.7,0.86,23.5,2472.0,13.6,194,0.273,0.201,1.28,39.0,0.75,23.3,1864.0,13.0,120.0
C_stop15mid,15,stop,mid,,5.0,both,1.0,0.1,9.0,with,1.0,318,0.236,0.251,1.52,79.7,1.04,15.3,2311.0,14.3,194,0.196,0.238,1.5,46.1,1.03,13.2,2293.0,15.4,120.0
C_stop15mid,15,stop,mid,,5.0,both,1.0,0.1,9.0,with,2.0,318,0.311,0.269,1.42,85.6,1.0,21.1,2839.0,15.4,194,0.247,0.228,1.36,44.2,0.89,21.7,2057.0,14.8,120.0
C_stop15mid,15,stop,mid,,5.0,both,1.0,0.1,9.0,against,,349,0.229,-0.12,0.85,-42.0,-0.51,49.4,-1262.0,-7.5,194,0.273,0.247,1.33,48.0,0.88,13.7,1484.0,16.0,120.0
C_stop15mid,15,stop,mid,,5.0,both,1.0,0.1,9.0,against,1.0,349,0.14,-0.075,0.87,-26.3,-0.37,36.5,-1083.0,-4.7,194,0.155,0.069,1.13,13.4,0.31,18.0,531.0,4.5,120.0
C_stop15mid,15,stop,mid,,5.0,both,1.0,0.1,9.0,against,2.0,349,0.195,-0.09,0.87,-31.4,-0.39,36.3,-1038.0,-5.6,194,0.232,0.179,1.27,34.7,0.69,18.3,1112.0,11.6,120.0
C_stop15mid,15,stop,mid,,5.0,both,1.0,0.2,0.3,,,161,0.211,-0.121,0.86,-19.5,-0.32,26.3,-326.0,-3.5,128,0.219,0.144,1.18,18.4,0.41,22.3,637.0,6.2,120.0
C_stop15mid,15,stop,mid,,5.0,both,1.0,0.2,0.3,,1.0,161,0.124,-0.088,0.85,-14.2,-0.28,23.8,-168.0,-2.5,128,0.148,0.05,1.09,6.4,0.18,18.4,159.0,2.2,120.0
C_stop15mid,15,stop,mid,,5.0,both,1.0,0.2,0.3,,2.0,161,0.18,-0.122,0.84,-19.6,-0.35,26.6,-312.0,-3.5,128,0.203,0.16,1.22,20.4,0.47,20.3,644.0,6.8,120.0
C_stop15mid,15,stop,mid,,5.0,both,1.0,0.2,0.3,with,,76,0.211,-0.142,0.83,-10.8,-0.27,17.9,-138.0,-1.9,62,0.161,-0.183,0.79,-11.4,-0.41,26.6,-384.0,-3.8,120.0
C_stop15mid,15,stop,mid,,5.0,both,1.0,0.2,0.3,with,1.0,76,0.145,-0.072,0.88,-5.5,-0.16,12.8,41.0,-1.0,62,0.129,-0.054,0.91,-3.4,-0.14,16.1,-159.0,-1.1,120.0
C_stop15mid,15,stop,mid,,5.0,both,1.0,0.2,0.3,with,2.0,76,0.184,-0.178,0.77,-13.6,-0.37,15.9,-95.0,-2.4,62,0.161,-0.086,0.89,-5.4,-0.2,22.6,-212.0,-1.8,120.0
C_stop15mid,15,stop,mid,,5.0,both,1.0,0.2,0.3,against,,85,0.212,-0.103,0.88,-8.7,-0.19,23.8,-189.0,-1.6,66,0.273,0.451,1.6,29.8,0.83,10.9,1021.0,10.0,120.0
C_stop15mid,15,stop,mid,,5.0,both,1.0,0.2,0.3,against,1.0,85,0.106,-0.102,0.82,-8.7,-0.24,14.4,-209.0,-1.6,66,0.167,0.148,1.28,9.8,0.36,11.1,317.0,3.3,120.0
C_stop15mid,15,stop,mid,,5.0,both,1.0,0.2,0.3,against,2.0,85,0.176,-0.071,0.9,-6.0,-0.14,18.6,-217.0,-1.1,66,0.242,0.391,1.59,25.8,0.77,10.1,856.0,8.6,120.0
C_stop15mid,15,stop,mid,,5.0,both,1.0,0.2,0.5,,,491,0.244,-0.051,0.94,-24.8,-0.24,45.8,-39.0,-4.5,335,0.266,0.2,1.27,66.9,0.96,25.0,2724.0,22.4,120.0
C_stop15mid,15,stop,mid,,5.0,both,1.0,0.2,0.5,,1.0,491,0.157,0.001,1.0,0.6,0.01,33.7,37.0,0.1,335,0.182,0.185,1.37,62.0,1.05,20.6,2793.0,20.7,120.0
C_stop15mid,15,stop,mid,,5.0,both,1.0,0.2,0.5,,2.0,491,0.22,-0.016,0.98,-7.9,-0.08,30.8,354.0,-1.4,335,0.236,0.191,1.29,64.0,0.97,29.4,2615.0,21.4,120.0
C_stop15mid,15,stop,mid,,5.0,both,1.0,0.2,0.5,with,,233,0.27,0.053,1.07,12.4,0.17,22.5,947.0,2.2,167,0.257,0.165,1.22,27.6,0.57,22.4,1405.0,9.2,120.0
C_stop15mid,15,stop,mid,,5.0,both,1.0,0.2,0.5,with,1.0,233,0.197,0.142,1.28,33.1,0.53,17.6,1141.0,5.9,167,0.204,0.281,1.58,47.0,1.08,14.1,2185.0,15.7,120.0
C_stop15mid,15,stop,mid,,5.0,both,1.0,0.2,0.5,with,2.0,233,0.262,0.09,1.13,21.1,0.3,21.3,1239.0,3.8,167,0.24,0.212,1.33,35.5,0.75,22.7,1683.0,11.9,120.0
C_stop15mid,15,stop,mid,,5.0,both,1.0,0.2,0.5,against,,258,0.221,-0.144,0.82,-37.2,-0.52,50.4,-986.0,-6.7,168,0.274,0.234,1.31,39.3,0.78,16.0,1320.0,13.1,120.0
C_stop15mid,15,stop,mid,,5.0,both,1.0,0.2,0.5,against,1.0,258,0.12,-0.126,0.78,-32.5,-0.55,44.8,-1104.0,-5.8,168,0.161,0.089,1.18,15.0,0.38,16.0,608.0,5.0,120.0
C_stop15mid,15,stop,mid,,5.0,both,1.0,0.2,0.5,against,2.0,258,0.182,-0.112,0.84,-29.0,-0.42,40.5,-885.0,-5.2,168,0.232,0.17,1.26,28.5,0.61,17.9,933.0,9.5,120.0
C_stop15mid,15,stop,mid,,5.0,both,1.0,0.2,9.0,,,646,0.272,0.022,1.03,14.3,0.12,30.9,791.0,2.6,372,0.269,0.182,1.25,67.8,0.94,18.7,2902.0,22.7,120.0
C_stop15mid,15,stop,mid,,5.0,both,1.0,0.2,9.0,,1.0,646,0.184,0.063,1.12,40.9,0.4,31.4,954.0,7.3,372,0.18,0.162,1.32,60.3,0.98,14.7,2820.0,20.1,120.0
C_stop15mid,15,stop,mid,,5.0,both,1.0,0.2,9.0,,2.0,646,0.248,0.049,1.07,31.8,0.28,28.0,1328.0,5.7,372,0.239,0.177,1.27,65.7,0.96,21.3,2812.0,21.9,120.0
C_stop15mid,15,stop,mid,,5.0,both,1.0,0.2,9.0,with,,308,0.318,0.183,1.26,56.4,0.67,23.5,2056.0,10.1,184,0.272,0.171,1.23,31.5,0.63,20.2,1700.0,10.5,120.0
C_stop15mid,15,stop,mid,,5.0,both,1.0,0.2,9.0,with,1.0,308,0.234,0.228,1.48,70.4,0.95,15.3,2093.0,12.6,184,0.207,0.27,1.56,49.6,1.11,12.1,2383.0,16.6,120.0
C_stop15mid,15,stop,mid,,5.0,both,1.0,0.2,9.0,with,2.0,308,0.305,0.215,1.34,66.3,0.81,21.1,2423.0,11.9,184,0.25,0.21,1.33,38.7,0.8,20.5,1908.0,12.9,120.0
C_stop15mid,15,stop,mid,,5.0,both,1.0,0.2,9.0,against,,338,0.231,-0.125,0.84,-42.1,-0.52,50.6,-1265.0,-7.6,188,0.266,0.193,1.26,36.3,0.69,17.3,1202.0,12.1,120.0
C_stop15mid,15,stop,mid,,5.0,both,1.0,0.2,9.0,against,1.0,338,0.139,-0.087,0.84,-29.5,-0.43,39.7,-1139.0,-5.3,188,0.154,0.057,1.11,10.7,0.25,18.1,437.0,3.6,120.0
C_stop15mid,15,stop,mid,,5.0,both,1.0,0.2,9.0,against,2.0,338,0.195,-0.102,0.86,-34.5,-0.44,39.8,-1095.0,-6.2,188,0.229,0.144,1.22,27.0,0.55,17.2,903.0,9.0,120.0
C_stop15mid,15,stop,mid,,5.0,both,1.25,0.0,0.3,,,14,0.143,-0.208,0.77,-2.9,-0.15,6.3,45.0,-0.5,19,0.053,-0.716,0.27,-13.6,-1.18,15.5,-504.0,-4.5,120.0
C_stop15mid,15,stop,mid,,5.0,both,1.25,0.0,0.3,,1.0,14,0.071,-0.351,0.5,-4.9,-0.35,6.5,-88.0,-0.9,19,0.0,-0.664,0.0,-12.6,-2.03,12.6,-434.0,-4.2,120.0
C_stop15mid,15,stop,mid,,5.0,both,1.25,0.0,0.3,,2.0,14,0.071,-0.423,0.45,-5.9,-0.41,7.5,-102.0,-1.1,19,0.053,-0.611,0.3,-11.6,-1.03,13.5,-452.0,-3.9,120.0
C_stop15mid,15,stop,mid,,5.0,both,1.25,0.0,0.3,with,,7,0.143,-0.213,0.77,-1.5,-0.11,4.2,-49.0,-0.3,11,0.0,-1.032,0.0,-11.4,-1.91,11.4,-374.0,-3.8,120.0
C_stop15mid,15,stop,mid,,5.0,both,1.25,0.0,0.3,with,1.0,7,0.143,0.073,1.12,0.5,0.04,2.3,6.0,0.1,11,0.0,-0.578,0.0,-6.4,-1.44,6.4,-208.0,-2.1,120.0
C_stop15mid,15,stop,mid,,5.0,both,1.25,0.0,0.3,with,2.0,7,0.143,0.073,1.12,0.5,0.04,2.3,6.0,0.1,11,0.0,-0.85,0.0,-9.4,-1.74,9.4,-322.0,-3.1,120.0
C_stop15mid,15,stop,mid,,5.0,both,1.25,0.0,0.3,against,,7,0.143,-0.204,0.78,-1.4,-0.11,4.3,94.0,-0.3,8,0.125,-0.282,0.69,-2.3,-0.23,6.2,-130.0,-0.8,120.0
C_stop15mid,15,stop,mid,,5.0,both,1.25,0.0,0.3,against,1.0,7,0.0,-0.775,0.0,-5.4,-0.96,5.4,-94.0,-1.0,8,0.0,-0.782,0.0,-6.3,-1.42,6.3,-226.0,-2.1,120.0
C_stop15mid,15,stop,mid,,5.0,both,1.25,0.0,0.3,against,2.0,7,0.0,-0.918,0.0,-6.4,-1.03,6.4,-108.0,-1.2,8,0.125,-0.282,0.69,-2.3,-0.23,6.2,-130.0,-0.8,120.0
C_stop15mid,15,stop,mid,,5.0,both,1.25,0.0,0.5,,,119,0.21,-0.165,0.8,-19.6,-0.41,30.9,-508.0,-3.5,67,0.254,0.195,1.26,13.1,0.41,10.2,612.0,4.4,120.0
C_stop15mid,15,stop,mid,,5.0,both,1.25,0.0,0.5,,1.0,119,0.151,-0.068,0.88,-8.1,-0.2,21.1,-480.0,-1.4,67,0.164,0.154,1.31,10.3,0.39,8.2,586.0,3.5,120.0
C_stop15mid,15,stop,mid,,5.0,both,1.25,0.0,0.5,,2.0,119,0.202,-0.112,0.84,-13.3,-0.29,24.7,-378.0,-2.4,67,0.224,0.18,1.29,12.1,0.42,8.2,613.0,4.0,120.0
C_stop15mid,15,stop,mid,,5.0,both,1.25,0.0,0.5,with,,59,0.254,-0.032,0.96,-1.9,-0.05,15.8,-74.0,-0.3,36,0.333,0.501,1.73,18.0,0.72,6.0,1031.0,6.0,120.0
C_stop15mid,15,stop,mid,,5.0,both,1.25,0.0,0.5,with,1.0,59,0.22,0.174,1.33,10.2,0.31,8.8,162.0,1.8,36,0.25,0.587,2.67,21.1,0.97,3.2,1133.0,7.1,120.0
C_stop15mid,15,stop,mid,,5.0,both,1.25,0.0,0.5,with,2.0,59,0.254,0.07,1.1,4.1,0.12,12.8,95.0,0.7,36,0.306,0.501,1.92,18.0,0.78,5.0,1023.0,6.0,120.0
C_stop15mid,15,stop,mid,,5.0,both,1.25,0.0,0.5,against,,60,0.167,-0.296,0.64,-17.8,-0.56,26.3,-434.0,-3.2,31,0.161,-0.159,0.81,-4.9,-0.25,11.5,-419.0,-1.6,120.0
C_stop15mid,15,stop,mid,,5.0,both,1.25,0.0,0.5,against,1.0,60,0.083,-0.305,0.46,-18.3,-0.78,21.5,-642.0,-3.3,31,0.065,-0.348,0.48,-10.8,-0.73,11.3,-547.0,-3.6,120.0
C_stop15mid,15,stop,mid,,5.0,both,1.25,0.0,0.5,against,2.0,60,0.15,-0.29,0.6,-17.4,-0.61,25.8,-474.0,-3.1,31,0.129,-0.191,0.74,-5.9,-0.34,10.5,-410.0,-2.0,120.0
C_stop15mid,15,stop,mid,,5.0,both,1.25,0.0,9.0,,,236,0.284,0.035,1.05,8.2,0.12,18.0,-135.0,1.5,94,0.266,0.171,1.23,16.0,0.44,12.6,998.0,5.4,120.0
C_stop15mid,15,stop,mid,,5.0,both,1.25,0.0,9.0,,1.0,236,0.212,0.098,1.19,23.1,0.37,19.9,122.0,4.1,94,0.16,0.113,1.22,10.6,0.35,12.5,810.0,3.5,120.0
C_stop15mid,15,stop,mid,,5.0,both,1.25,0.0,9.0,,2.0,236,0.263,0.055,1.09,13.0,0.2,13.4,60.0,2.3,94,0.234,0.168,1.27,15.8,0.47,10.5,1018.0,5.3,120.0
C_stop15mid,15,stop,mid,,5.0,both,1.25,0.0,9.0,with,,116,0.336,0.187,1.28,21.6,0.43,10.8,478.0,3.9,47,0.34,0.424,1.65,19.9,0.75,7.1,1248.0,6.7,120.0
C_stop15mid,15,stop,mid,,5.0,both,1.25,0.0,9.0,with,1.0,116,0.267,0.285,1.58,33.1,0.69,8.8,745.0,5.9,47,0.234,0.46,2.22,21.6,0.93,5.2,1242.0,7.2,120.0
C_stop15mid,15,stop,mid,,5.0,both,1.25,0.0,9.0,with,2.0,116,0.319,0.232,1.38,26.9,0.54,9.8,645.0,4.8,47,0.298,0.409,1.76,19.2,0.78,5.1,1171.0,6.4,120.0
C_stop15mid,15,stop,mid,,5.0,both,1.25,0.0,9.0,against,,120,0.233,-0.112,0.85,-13.4,-0.29,22.5,-613.0,-2.4,47,0.191,-0.082,0.9,-3.9,-0.16,13.5,-250.0,-1.3,120.0
C_stop15mid,15,stop,mid,,5.0,both,1.25,0.0,9.0,against,1.0,120,0.158,-0.083,0.85,-10.0,-0.25,18.1,-622.0,-1.8,47,0.085,-0.234,0.64,-11.0,-0.55,12.4,-432.0,-3.7,120.0
C_stop15mid,15,stop,mid,,5.0,both,1.25,0.0,9.0,against,2.0,120,0.208,-0.115,0.83,-13.8,-0.32,22.6,-585.0,-2.5,47,0.17,-0.073,0.9,-3.4,-0.15,11.5,-153.0,-1.1,120.0
C_stop15mid,15,stop,mid,,5.0,both,1.25,0.1,0.3,,,14,0.143,-0.208,0.77,-2.9,-0.15,6.3,45.0,-0.5,19,0.053,-0.716,0.27,-13.6,-1.18,15.5,-504.0,-4.5,120.0
C_stop15mid,15,stop,mid,,5.0,both,1.25,0.1,0.3,,1.0,14,0.071,-0.351,0.5,-4.9,-0.35,6.5,-88.0,-0.9,19,0.0,-0.664,0.0,-12.6,-2.03,12.6,-434.0,-4.2,120.0
C_stop15mid,15,stop,mid,,5.0,both,1.25,0.1,0.3,,2.0,14,0.071,-0.423,0.45,-5.9,-0.41,7.5,-102.0,-1.1,19,0.053,-0.611,0.3,-11.6,-1.03,13.5,-452.0,-3.9,120.0
C_stop15mid,15,stop,mid,,5.0,both,1.25,0.1,0.3,with,,7,0.143,-0.213,0.77,-1.5,-0.11,4.2,-49.0,-0.3,11,0.0,-1.032,0.0,-11.4,-1.91,11.4,-374.0,-3.8,120.0
C_stop15mid,15,stop,mid,,5.0,both,1.25,0.1,0.3,with,1.0,7,0.143,0.073,1.12,0.5,0.04,2.3,6.0,0.1,11,0.0,-0.578,0.0,-6.4,-1.44,6.4,-208.0,-2.1,120.0
C_stop15mid,15,stop,mid,,5.0,both,1.25,0.1,0.3,with,2.0,7,0.143,0.073,1.12,0.5,0.04,2.3,6.0,0.1,11,0.0,-0.85,0.0,-9.4,-1.74,9.4,-322.0,-3.1,120.0
C_stop15mid,15,stop,mid,,5.0,both,1.25,0.1,0.3,against,,7,0.143,-0.204,0.78,-1.4,-0.11,4.3,94.0,-0.3,8,0.125,-0.282,0.69,-2.3,-0.23,6.2,-130.0,-0.8,120.0
C_stop15mid,15,stop,mid,,5.0,both,1.25,0.1,0.3,against,1.0,7,0.0,-0.775,0.0,-5.4,-0.96,5.4,-94.0,-1.0,8,0.0,-0.782,0.0,-6.3,-1.42,6.3,-226.0,-2.1,120.0
C_stop15mid,15,stop,mid,,5.0,both,1.25,0.1,0.3,against,2.0,7,0.0,-0.918,0.0,-6.4,-1.03,6.4,-108.0,-1.2,8,0.125,-0.282,0.69,-2.3,-0.23,6.2,-130.0,-0.8,120.0
C_stop15mid,15,stop,mid,,5.0,both,1.25,0.1,0.5,,,119,0.21,-0.165,0.8,-19.6,-0.41,30.9,-508.0,-3.5,67,0.254,0.195,1.26,13.1,0.41,10.2,612.0,4.4,120.0
C_stop15mid,15,stop,mid,,5.0,both,1.25,0.1,0.5,,1.0,119,0.151,-0.068,0.88,-8.1,-0.2,21.1,-480.0,-1.4,67,0.164,0.154,1.31,10.3,0.39,8.2,586.0,3.5,120.0
C_stop15mid,15,stop,mid,,5.0,both,1.25,0.1,0.5,,2.0,119,0.202,-0.112,0.84,-13.3,-0.29,24.7,-378.0,-2.4,67,0.224,0.18,1.29,12.1,0.42,8.2,613.0,4.0,120.0
C_stop15mid,15,stop,mid,,5.0,both,1.25,0.1,0.5,with,,59,0.254,-0.032,0.96,-1.9,-0.05,15.8,-74.0,-0.3,36,0.333,0.501,1.73,18.0,0.72,6.0,1031.0,6.0,120.0
C_stop15mid,15,stop,mid,,5.0,both,1.25,0.1,0.5,with,1.0,59,0.22,0.174,1.33,10.2,0.31,8.8,162.0,1.8,36,0.25,0.587,2.67,21.1,0.97,3.2,1133.0,7.1,120.0
C_stop15mid,15,stop,mid,,5.0,both,1.25,0.1,0.5,with,2.0,59,0.254,0.07,1.1,4.1,0.12,12.8,95.0,0.7,36,0.306,0.501,1.92,18.0,0.78,5.0,1023.0,6.0,120.0
C_stop15mid,15,stop,mid,,5.0,both,1.25,0.1,0.5,against,,60,0.167,-0.296,0.64,-17.8,-0.56,26.3,-434.0,-3.2,31,0.161,-0.159,0.81,-4.9,-0.25,11.5,-419.0,-1.6,120.0
C_stop15mid,15,stop,mid,,5.0,both,1.25,0.1,0.5,against,1.0,60,0.083,-0.305,0.46,-18.3,-0.78,21.5,-642.0,-3.3,31,0.065,-0.348,0.48,-10.8,-0.73,11.3,-547.0,-3.6,120.0
C_stop15mid,15,stop,mid,,5.0,both,1.25,0.1,0.5,against,2.0,60,0.15,-0.29,0.6,-17.4,-0.61,25.8,-474.0,-3.1,31,0.129,-0.191,0.74,-5.9,-0.34,10.5,-410.0,-2.0,120.0
C_stop15mid,15,stop,mid,,5.0,both,1.25,0.1,9.0,,,236,0.284,0.035,1.05,8.2,0.12,18.0,-135.0,1.5,94,0.266,0.171,1.23,16.0,0.44,12.6,998.0,5.4,120.0
C_stop15mid,15,stop,mid,,5.0,both,1.25,0.1,9.0,,1.0,236,0.212,0.098,1.19,23.1,0.37,19.9,122.0,4.1,94,0.16,0.113,1.22,10.6,0.35,12.5,810.0,3.5,120.0
C_stop15mid,15,stop,mid,,5.0,both,1.25,0.1,9.0,,2.0,236,0.263,0.055,1.09,13.0,0.2,13.4,60.0,2.3,94,0.234,0.168,1.27,15.8,0.47,10.5,1018.0,5.3,120.0
C_stop15mid,15,stop,mid,,5.0,both,1.25,0.1,9.0,with,,116,0.336,0.187,1.28,21.6,0.43,10.8,478.0,3.9,47,0.34,0.424,1.65,19.9,0.75,7.1,1248.0,6.7,120.0
C_stop15mid,15,stop,mid,,5.0,both,1.25,0.1,9.0,with,1.0,116,0.267,0.285,1.58,33.1,0.69,8.8,745.0,5.9,47,0.234,0.46,2.22,21.6,0.93,5.2,1242.0,7.2,120.0
C_stop15mid,15,stop,mid,,5.0,both,1.25,0.1,9.0,with,2.0,116,0.319,0.232,1.38,26.9,0.54,9.8,645.0,4.8,47,0.298,0.409,1.76,19.2,0.78,5.1,1171.0,6.4,120.0
C_stop15mid,15,stop,mid,,5.0,both,1.25,0.1,9.0,against,,120,0.233,-0.112,0.85,-13.4,-0.29,22.5,-613.0,-2.4,47,0.191,-0.082,0.9,-3.9,-0.16,13.5,-250.0,-1.3,120.0
C_stop15mid,15,stop,mid,,5.0,both,1.25,0.1,9.0,against,1.0,120,0.158,-0.083,0.85,-10.0,-0.25,18.1,-622.0,-1.8,47,0.085,-0.234,0.64,-11.0,-0.55,12.4,-432.0,-3.7,120.0
C_stop15mid,15,stop,mid,,5.0,both,1.25,0.1,9.0,against,2.0,120,0.208,-0.115,0.83,-13.8,-0.32,22.6,-585.0,-2.5,47,0.17,-0.073,0.9,-3.4,-0.15,11.5,-153.0,-1.1,120.0
C_stop15mid,15,stop,mid,,5.0,both,1.25,0.2,0.3,,,14,0.143,-0.208,0.77,-2.9,-0.15,6.3,45.0,-0.5,18,0.056,-0.698,0.28,-12.6,-1.1,14.5,-483.0,-4.2,120.0
C_stop15mid,15,stop,mid,,5.0,both,1.25,0.2,0.3,,1.0,14,0.071,-0.351,0.5,-4.9,-0.35,6.5,-88.0,-0.9,18,0.0,-0.698,0.0,-12.6,-2.02,12.6,-433.0,-4.2,120.0
C_stop15mid,15,stop,mid,,5.0,both,1.25,0.2,0.3,,2.0,14,0.071,-0.423,0.45,-5.9,-0.41,7.5,-102.0,-1.1,18,0.056,-0.642,0.3,-11.6,-1.03,13.5,-451.0,-3.9,120.0
C_stop15mid,15,stop,mid,,5.0,both,1.25,0.2,0.3,with,,7,0.143,-0.213,0.77,-1.5,-0.11,4.2,-49.0,-0.3,10,0.0,-1.03,0.0,-10.3,-1.82,10.3,-353.0,-3.4,120.0
C_stop15mid,15,stop,mid,,5.0,both,1.25,0.2,0.3,with,1.0,7,0.143,0.073,1.12,0.5,0.04,2.3,6.0,0.1,10,0.0,-0.63,0.0,-6.3,-1.43,6.3,-207.0,-2.1,120.0
C_stop15mid,15,stop,mid,,5.0,both,1.25,0.2,0.3,with,2.0,7,0.143,0.073,1.12,0.5,0.04,2.3,6.0,0.1,10,0.0,-0.93,0.0,-9.3,-1.73,9.3,-321.0,-3.1,120.0
C_stop15mid,15,stop,mid,,5.0,both,1.25,0.2,0.3,against,,7,0.143,-0.204,0.78,-1.4,-0.11,4.3,94.0,-0.3,8,0.125,-0.282,0.69,-2.3,-0.23,6.2,-130.0,-0.8,120.0
C_stop15mid,15,stop,mid,,5.0,both,1.25,0.2,0.3,against,1.0,7,0.0,-0.775,0.0,-5.4,-0.96,5.4,-94.0,-1.0,8,0.0,-0.782,0.0,-6.3,-1.42,6.3,-226.0,-2.1,120.0
C_stop15mid,15,stop,mid,,5.0,both,1.25,0.2,0.3,against,2.0,7,0.0,-0.918,0.0,-6.4,-1.03,6.4,-108.0,-1.2,8,0.125,-0.282,0.69,-2.3,-0.23,6.2,-130.0,-0.8,120.0
C_stop15mid,15,stop,mid,,5.0,both,1.25,0.2,0.5,,,119,0.21,-0.165,0.8,-19.6,-0.41,30.9,-508.0,-3.5,66,0.258,0.214,1.28,14.1,0.44,10.2,634.0,4.7,120.0
C_stop15mid,15,stop,mid,,5.0,both,1.25,0.2,0.5,,1.0,119,0.151,-0.068,0.88,-8.1,-0.2,21.1,-480.0,-1.4,66,0.167,0.158,1.31,10.4,0.4,8.2,587.0,3.5,120.0
C_stop15mid,15,stop,mid,,5.0,both,1.25,0.2,0.5,,2.0,119,0.202,-0.112,0.84,-13.3,-0.29,24.7,-378.0,-2.4,66,0.227,0.184,1.29,12.1,0.42,8.2,614.0,4.1,120.0
C_stop15mid,15,stop,mid,,5.0,both,1.25,0.2,0.5,with,,59,0.254,-0.032,0.96,-1.9,-0.05,15.8,-74.0,-0.3,35,0.343,0.545,1.81,19.1,0.76,6.0,1052.0,6.4,120.0
C_stop15mid,15,stop,mid,,5.0,both,1.25,0.2,0.5,with,1.0,59,0.22,0.174,1.33,10.2,0.31,8.8,162.0,1.8,35,0.257,0.605,2.68,21.2,0.98,3.2,1134.0,7.1,120.0
C_stop15mid,15,stop,mid,,5.0,both,1.25,0.2,0.5,with,2.0,59,0.254,0.07,1.1,4.1,0.12,12.8,95.0,0.7,35,0.314,0.516,1.92,18.1,0.78,5.0,1024.0,6.0,120.0
C_stop15mid,15,stop,mid,,5.0,both,1.25,0.2,0.5,against,,60,0.167,-0.296,0.64,-17.8,-0.56,26.3,-434.0,-3.2,31,0.161,-0.159,0.81,-4.9,-0.25,11.5,-419.0,-1.6,120.0
C_stop15mid,15,stop,mid,,5.0,both,1.25,0.2,0.5,against,1.0,60,0.083,-0.305,0.46,-18.3,-0.78,21.5,-642.0,-3.3,31,0.065,-0.348,0.48,-10.8,-0.73,11.3,-547.0,-3.6,120.0
C_stop15mid,15,stop,mid,,5.0,both,1.25,0.2,0.5,against,2.0,60,0.15,-0.29,0.6,-17.4,-0.61,25.8,-474.0,-3.1,31,0.129,-0.191,0.74,-5.9,-0.34,10.5,-410.0,-2.0,120.0
C_stop15mid,15,stop,mid,,5.0,both,1.25,0.2,9.0,,,236,0.284,0.035,1.05,8.2,0.12,18.0,-135.0,1.5,93,0.269,0.184,1.25,17.1,0.47,12.6,1020.0,5.7,120.0
C_stop15mid,15,stop,mid,,5.0,both,1.25,0.2,9.0,,1.0,236,0.212,0.098,1.19,23.1,0.37,19.9,122.0,4.1,93,0.161,0.115,1.22,10.7,0.35,12.5,811.0,3.6,120.0
C_stop15mid,15,stop,mid,,5.0,both,1.25,0.2,9.0,,2.0,236,0.263,0.055,1.09,13.0,0.2,13.4,60.0,2.3,93,0.237,0.171,1.27,15.9,0.47,10.5,1019.0,5.3,120.0
C_stop15mid,15,stop,mid,,5.0,both,1.25,0.2,9.0,with,,116,0.336,0.187,1.28,21.6,0.43,10.8,478.0,3.9,46,0.348,0.456,1.71,21.0,0.79,7.1,1270.0,7.0,120.0
C_stop15mid,15,stop,mid,,5.0,both,1.25,0.2,9.0,with,1.0,116,0.267,0.285,1.58,33.1,0.69,8.8,745.0,5.9,46,0.239,0.471,2.22,21.7,0.94,5.2,1243.0,7.2,120.0
C_stop15mid,15,stop,mid,,5.0,both,1.25,0.2,9.0,with,2.0,116,0.319,0.232,1.38,26.9,0.54,9.8,645.0,4.8,46,0.304,0.419,1.76,19.3,0.78,5.1,1172.0,6.4,120.0
C_stop15mid,15,stop,mid,,5.0,both,1.25,0.2,9.0,against,,120,0.233,-0.112,0.85,-13.4,-0.29,22.5,-613.0,-2.4,47,0.191,-0.082,0.9,-3.9,-0.16,13.5,-250.0,-1.3,120.0
C_stop15mid,15,stop,mid,,5.0,both,1.25,0.2,9.0,against,1.0,120,0.158,-0.083,0.85,-10.0,-0.25,18.1,-622.0,-1.8,47,0.085,-0.234,0.64,-11.0,-0.55,12.4,-432.0,-3.7,120.0
C_stop15mid,15,stop,mid,,5.0,both,1.25,0.2,9.0,against,2.0,120,0.208,-0.115,0.83,-13.8,-0.32,22.6,-585.0,-2.5,47,0.17,-0.073,0.9,-3.4,-0.15,11.5,-153.0,-1.1,120.0
C_stop15mid,15,stop,mid,,5.0,long,0.0,0.0,0.3,,,391,0.289,0.27,1.35,105.8,0.98,22.0,2067.0,19.0,232,0.211,0.076,1.09,17.7,0.3,22.1,589.0,5.9,120.0
C_stop15mid,15,stop,mid,,5.0,long,0.0,0.0,0.3,,1.0,391,0.184,0.165,1.29,64.4,0.7,21.7,1608.0,11.5,232,0.138,0.012,1.02,2.9,0.06,25.1,111.0,1.0,120.0
C_stop15mid,15,stop,mid,,5.0,long,0.0,0.0,0.3,,2.0,391,0.256,0.241,1.34,94.2,0.92,21.8,2058.0,16.9,232,0.185,0.068,1.09,15.7,0.29,16.3,574.0,5.2,120.0
C_stop15mid,15,stop,mid,,5.0,long,0.0,0.0,0.3,with,,263,0.312,0.372,1.49,97.7,1.08,19.5,2002.0,17.5,121,0.24,0.227,1.29,27.4,0.61,15.9,917.0,9.2,120.0
C_stop15mid,15,stop,mid,,5.0,long,0.0,0.0,0.3,with,1.0,263,0.202,0.22,1.38,57.9,0.74,25.4,1544.0,10.4,121,0.149,0.104,1.19,12.6,0.34,18.8,423.0,4.2,120.0
C_stop15mid,15,stop,mid,,5.0,long,0.0,0.0,0.3,with,2.0,263,0.281,0.338,1.48,88.9,1.01,18.7,2041.0,15.9,121,0.215,0.243,1.36,29.4,0.69,14.9,1053.0,9.8,120.0
C_stop15mid,15,stop,mid,,5.0,long,0.0,0.0,0.3,against,,128,0.242,0.063,1.08,8.0,0.14,19.0,65.0,1.4,111,0.18,-0.088,0.9,-9.7,-0.25,23.4,-328.0,-3.3,120.0
C_stop15mid,15,stop,mid,,5.0,long,0.0,0.0,0.3,against,1.0,128,0.148,0.05,1.09,6.4,0.13,15.9,64.0,1.2,111,0.126,-0.088,0.85,-9.7,-0.32,29.4,-312.0,-3.3,120.0
C_stop15mid,15,stop,mid,,5.0,long,0.0,0.0,0.3,against,2.0,128,0.203,0.041,1.06,5.3,0.1,20.8,16.0,0.9,111,0.153,-0.124,0.83,-13.7,-0.39,31.4,-478.0,-4.6,120.0
C_stop15mid,15,stop,mid,,5.0,long,0.0,0.0,0.5,,,656,0.296,0.192,1.26,126.1,0.97,19.5,2297.0,22.6,375,0.235,0.089,1.11,33.2,0.46,27.2,1105.0,11.1,120.0
C_stop15mid,15,stop,mid,,5.0,long,0.0,0.0,0.5,,1.0,656,0.204,0.172,1.32,113.0,1.0,18.5,2125.0,20.3,375,0.163,0.089,1.17,33.4,0.55,19.8,1445.0,11.2,120.0
C_stop15mid,15,stop,mid,,5.0,long,0.0,0.0,0.5,,2.0,656,0.271,0.189,1.27,123.8,0.99,20.4,2407.0,22.2,375,0.211,0.101,1.15,37.9,0.55,19.7,1418.0,12.7,120.0
C_stop15mid,15,stop,mid,,5.0,long,0.0,0.0,0.5,with,,398,0.329,0.307,1.43,122.0,1.18,22.5,2562.0,21.9,196,0.291,0.339,1.47,66.5,1.19,16.7,2610.0,22.2,120.0
C_stop15mid,15,stop,mid,,5.0,long,0.0,0.0,0.5,with,1.0,398,0.231,0.254,1.48,101.3,1.11,23.9,2433.0,18.2,196,0.194,0.247,1.49,48.4,1.02,21.2,1951.0,16.2,120.0
C_stop15mid,15,stop,mid,,5.0,long,0.0,0.0,0.5,with,2.0,398,0.309,0.296,1.44,117.7,1.17,19.9,2655.0,21.1,196,0.265,0.352,1.55,69.1,1.28,15.6,2781.0,23.1,120.0
C_stop15mid,15,stop,mid,,5.0,long,0.0,0.0,0.5,against,,258,0.244,0.016,1.02,4.1,0.05,23.2,-265.0,0.7,179,0.173,-0.186,0.78,-33.3,-0.73,40.0,-1505.0,-11.1,120.0
C_stop15mid,15,stop,mid,,5.0,long,0.0,0.0,0.5,against,1.0,258,0.163,0.045,1.08,11.7,0.18,25.9,-308.0,2.1,179,0.128,-0.083,0.85,-14.9,-0.4,31.7,-506.0,-5.0,120.0
C_stop15mid,15,stop,mid,,5.0,long,0.0,0.0,0.5,against,2.0,258,0.213,0.024,1.03,6.1,0.08,22.9,-248.0,1.1,179,0.151,-0.174,0.77,-31.1,-0.74,41.3,-1363.0,-10.4,120.0
C_stop15mid,15,stop,mid,,5.0,long,0.0,0.0,9.0,,,737,0.301,0.173,1.23,127.1,0.95,19.5,1600.0,22.8,388,0.235,0.081,1.1,31.5,0.43,26.8,1354.0,10.5,120.0
C_stop15mid,15,stop,mid,,5.0,long,0.0,0.0,9.0,,1.0,737,0.212,0.157,1.29,115.7,0.99,16.2,1627.0,20.7,388,0.162,0.085,1.16,32.9,0.53,19.8,1669.0,11.0,120.0
C_stop15mid,15,stop,mid,,5.0,long,0.0,0.0,9.0,,2.0,737,0.275,0.168,1.25,123.7,0.96,21.8,1802.0,22.2,388,0.211,0.096,1.14,37.2,0.54,20.7,1734.0,12.4,120.0
C_stop15mid,15,stop,mid,,5.0,long,0.0,0.0,9.0,with,,430,0.34,0.301,1.43,129.4,1.23,20.7,2453.0,23.2,202,0.287,0.317,1.43,64.0,1.14,17.7,2433.0,21.4,120.0
C_stop15mid,15,stop,mid,,5.0,long,0.0,0.0,9.0,with,1.0,430,0.244,0.256,1.49,109.9,1.18,17.5,2440.0,19.7,202,0.193,0.232,1.45,46.9,0.98,19.6,1831.0,15.7,120.0
C_stop15mid,15,stop,mid,,5.0,long,0.0,0.0,9.0,with,2.0,430,0.319,0.294,1.45,126.3,1.23,17.1,2627.0,22.6,202,0.262,0.33,1.51,66.6,1.23,15.1,2603.0,22.3,120.0
C_stop15mid,15,stop,mid,,5.0,long,0.0,0.0,9.0,against,,307,0.248,-0.007,0.99,-2.3,-0.03,27.7,-852.0,-0.4,186,0.177,-0.175,0.79,-32.5,-0.7,38.3,-1079.0,-10.9,120.0
C_stop15mid,15,stop,mid,,5.0,long,0.0,0.0,9.0,against,1.0,307,0.166,0.019,1.03,5.8,0.08,28.3,-813.0,1.0,186,0.129,-0.075,0.87,-14.0,-0.36,29.6,-162.0,-4.7,120.0
C_stop15mid,15,stop,mid,,5.0,long,0.0,0.0,9.0,against,2.0,307,0.215,-0.008,0.99,-2.6,-0.03,26.8,-825.0,-0.5,186,0.156,-0.158,0.79,-29.4,-0.68,38.3,-870.0,-9.8,120.0
C_stop15mid,15,stop,mid,,5.0,long,0.0,0.1,0.3,,,380,0.284,0.254,1.33,96.6,0.92,20.8,2056.0,17.3,227,0.216,0.102,1.13,23.1,0.39,21.0,669.0,7.7,120.0
C_stop15mid,15,stop,mid,,5.0,long,0.0,0.1,0.3,,1.0,380,0.184,0.167,1.3,63.6,0.7,20.4,1625.0,11.4,227,0.141,0.027,1.05,6.2,0.13,24.0,157.0,2.1,120.0
C_stop15mid,15,stop,mid,,5.0,long,0.0,0.1,0.3,,2.0,380,0.253,0.231,1.33,87.9,0.87,20.6,2057.0,15.8,227,0.189,0.088,1.12,20.1,0.37,15.7,630.0,6.7,120.0
C_stop15mid,15,stop,mid,,5.0,long,0.0,0.1,0.3,with,,254,0.307,0.361,1.48,91.8,1.03,18.2,1992.0,16.5,116,0.25,0.283,1.37,32.8,0.74,14.8,997.0,11.0,120.0
C_stop15mid,15,stop,mid,,5.0,long,0.0,0.1,0.3,with,1.0,254,0.205,0.238,1.42,60.3,0.78,24.1,1562.0,10.8,116,0.155,0.138,1.25,16.0,0.43,18.4,469.0,5.3,120.0
C_stop15mid,15,stop,mid,,5.0,long,0.0,0.1,0.3,with,2.0,254,0.28,0.338,1.49,85.9,1.0,17.4,2042.0,15.4,116,0.224,0.292,1.43,33.8,0.8,13.8,1109.0,11.3,120.0
C_stop15mid,15,stop,mid,,5.0,long,0.0,0.1,0.3,against,,126,0.238,0.038,1.05,4.8,0.08,17.8,63.0,0.9,111,0.18,-0.088,0.9,-9.7,-0.25,23.4,-328.0,-3.3,120.0
C_stop15mid,15,stop,mid,,5.0,long,0.0,0.1,0.3,against,1.0,126,0.143,0.025,1.05,3.2,0.07,14.7,62.0,0.6,111,0.126,-0.088,0.85,-9.7,-0.32,29.4,-312.0,-3.3,120.0
C_stop15mid,15,stop,mid,,5.0,long,0.0,0.1,0.3,against,2.0,126,0.198,0.016,1.02,2.0,0.04,19.6,15.0,0.4,111,0.153,-0.124,0.83,-13.7,-0.39,31.4,-478.0,-4.6,120.0
C_stop15mid,15,stop,mid,,5.0,long,0.0,0.1,0.5,,,645,0.293,0.181,1.24,116.9,0.91,23.3,2286.0,21.0,370,0.238,0.104,1.13,38.6,0.54,24.0,1185.0,12.9,120.0
C_stop15mid,15,stop,mid,,5.0,long,0.0,0.1,0.5,,1.0,645,0.205,0.174,1.33,112.2,1.0,17.2,2142.0,20.1,370,0.165,0.099,1.19,36.8,0.61,18.7,1491.0,12.3,120.0
C_stop15mid,15,stop,mid,,5.0,long,0.0,0.1,0.5,,2.0,645,0.27,0.182,1.26,117.5,0.95,24.9,2406.0,21.1,370,0.214,0.114,1.17,42.3,0.62,18.8,1474.0,14.1,120.0
C_stop15mid,15,stop,mid,,5.0,long,0.0,0.1,0.5,with,,389,0.326,0.298,1.41,116.1,1.14,21.2,2552.0,20.8,191,0.298,0.376,1.52,71.8,1.29,15.6,2691.0,24.0,120.0
C_stop15mid,15,stop,mid,,5.0,long,0.0,0.1,0.5,with,1.0,389,0.234,0.266,1.51,103.7,1.15,22.4,2451.0,18.6,191,0.199,0.271,1.54,51.7,1.1,20.3,1997.0,17.3,120.0
C_stop15mid,15,stop,mid,,5.0,long,0.0,0.1,0.5,with,2.0,389,0.308,0.295,1.44,114.6,1.15,18.7,2656.0,20.6,191,0.272,0.384,1.6,73.4,1.37,14.5,2837.0,24.5,120.0
C_stop15mid,15,stop,mid,,5.0,long,0.0,0.1,0.5,against,,256,0.242,0.003,1.0,0.9,0.01,24.3,-266.0,0.2,179,0.173,-0.186,0.78,-33.3,-0.73,40.0,-1505.0,-11.1,120.0
C_stop15mid,15,stop,mid,,5.0,long,0.0,0.1,0.5,against,1.0,256,0.16,0.033,1.06,8.5,0.13,25.9,-310.0,1.5,179,0.128,-0.083,0.85,-14.9,-0.4,31.7,-506.0,-5.0,120.0
C_stop15mid,15,stop,mid,,5.0,long,0.0,0.1,0.5,against,2.0,256,0.211,0.011,1.02,2.8,0.04,21.7,-250.0,0.5,179,0.151,-0.174,0.77,-31.1,-0.74,41.3,-1363.0,-10.4,120.0
C_stop15mid,15,stop,mid,,5.0,long,0.0,0.1,9.0,,,726,0.299,0.162,1.22,118.0,0.89,23.9,1589.0,21.2,383,0.238,0.096,1.12,36.8,0.51,24.4,1434.0,12.3,120.0
C_stop15mid,15,stop,mid,,5.0,long,0.0,0.1,9.0,,1.0,726,0.212,0.158,1.3,114.9,0.99,18.2,1644.0,20.6,383,0.164,0.095,1.18,36.2,0.59,18.7,1715.0,12.1,120.0
C_stop15mid,15,stop,mid,,5.0,long,0.0,0.1,9.0,,2.0,726,0.274,0.162,1.24,117.5,0.92,26.2,1801.0,21.1,383,0.214,0.109,1.16,41.6,0.6,19.6,1790.0,13.9,120.0
C_stop15mid,15,stop,mid,,5.0,long,0.0,0.1,9.0,with,,421,0.337,0.293,1.42,123.5,1.19,19.4,2443.0,22.1,197,0.294,0.352,1.49,69.4,1.24,16.6,2513.0,23.2,120.0
C_stop15mid,15,stop,mid,,5.0,long,0.0,0.1,9.0,with,1.0,421,0.247,0.267,1.52,112.3,1.22,16.2,2459.0,20.1,197,0.198,0.255,1.5,50.3,1.06,18.7,1877.0,16.8,120.0
C_stop15mid,15,stop,mid,,5.0,long,0.0,0.1,9.0,with,2.0,421,0.318,0.293,1.45,123.3,1.22,15.8,2627.0,22.1,197,0.269,0.36,1.56,71.0,1.31,14.0,2659.0,23.7,120.0
C_stop15mid,15,stop,mid,,5.0,long,0.0,0.1,9.0,against,,305,0.246,-0.018,0.98,-5.5,-0.07,26.5,-854.0,-1.0,186,0.177,-0.175,0.79,-32.5,-0.7,38.3,-1079.0,-10.9,120.0
C_stop15mid,15,stop,mid,,5.0,long,0.0,0.1,9.0,against,1.0,305,0.164,0.008,1.02,2.6,0.04,27.2,-815.0,0.5,186,0.129,-0.075,0.87,-14.0,-0.36,29.6,-162.0,-4.7,120.0
C_stop15mid,15,stop,mid,,5.0,long,0.0,0.1,9.0,against,2.0,305,0.213,-0.019,0.97,-5.8,-0.07,25.6,-826.0,-1.0,186,0.156,-0.158,0.79,-29.4,-0.68,38.3,-870.0,-9.8,120.0
C_stop15mid,15,stop,mid,,5.0,long,0.0,0.2,0.3,,,248,0.262,0.045,1.06,11.2,0.15,24.7,560.0,2.0,169,0.219,0.082,1.1,13.8,0.28,20.4,455.0,4.6,120.0
C_stop15mid,15,stop,mid,,5.0,long,0.0,0.2,0.3,,1.0,248,0.165,0.048,1.09,11.8,0.18,15.8,455.0,2.1,169,0.136,-0.02,0.96,-3.4,-0.09,22.9,-135.0,-1.1,120.0
C_stop15mid,15,stop,mid,,5.0,long,0.0,0.2,0.3,,2.0,248,0.242,0.085,1.12,21.0,0.28,20.5,652.0,3.8,169,0.195,0.076,1.11,12.9,0.27,17.4,387.0,4.3,120.0
C_stop15mid,15,stop,mid,,5.0,long,0.0,0.2,0.3,with,,159,0.277,0.056,1.07,8.8,0.15,21.2,538.0,1.6,81,0.247,0.182,1.23,14.8,0.42,17.2,541.0,4.9,120.0
C_stop15mid,15,stop,mid,,5.0,long,0.0,0.2,0.3,with,1.0,159,0.176,0.024,1.04,3.8,0.07,22.8,364.0,0.7,81,0.136,-0.006,0.99,-0.5,-0.02,22.4,27.0,-0.2,120.0
C_stop15mid,15,stop,mid,,5.0,long,0.0,0.2,0.3,with,2.0,159,0.258,0.084,1.12,13.3,0.23,20.2,621.0,2.4,81,0.222,0.207,1.3,16.8,0.5,18.0,634.0,5.6,120.0
C_stop15mid,15,stop,mid,,5.0,long,0.0,0.2,0.3,against,,89,0.236,0.026,1.03,2.3,0.05,15.6,22.0,0.4,88,0.193,-0.011,0.99,-0.9,-0.03,14.7,-86.0,-0.3,120.0
C_stop15mid,15,stop,mid,,5.0,long,0.0,0.2,0.3,against,1.0,89,0.146,0.09,1.18,8.0,0.2,15.1,90.0,1.4,88,0.136,-0.033,0.94,-2.9,-0.1,18.7,-162.0,-1.0,120.0
C_stop15mid,15,stop,mid,,5.0,long,0.0,0.2,0.3,against,2.0,89,0.213,0.086,1.12,7.7,0.17,18.5,31.0,1.4,88,0.17,-0.045,0.94,-3.9,-0.12,20.7,-246.0,-1.3,120.0
C_stop15mid,15,stop,mid,,5.0,long,0.0,0.2,0.5,,,513,0.285,0.061,1.08,31.5,0.3,23.5,790.0,5.7,312,0.244,0.094,1.12,29.4,0.45,30.9,972.0,9.8,120.0
C_stop15mid,15,stop,mid,,5.0,long,0.0,0.2,0.5,,1.0,513,0.201,0.118,1.23,60.4,0.65,25.9,972.0,10.8,312,0.167,0.087,1.17,27.2,0.5,29.2,1199.0,9.1,120.0
C_stop15mid,15,stop,mid,,5.0,long,0.0,0.2,0.5,,2.0,513,0.269,0.099,1.14,50.6,0.49,22.8,1002.0,9.1,312,0.221,0.112,1.16,35.1,0.57,27.5,1231.0,11.7,120.0
C_stop15mid,15,stop,mid,,5.0,long,0.0,0.2,0.5,with,,294,0.316,0.113,1.16,33.1,0.42,20.8,1098.0,5.9,156,0.308,0.345,1.49,53.8,1.11,23.2,2235.0,18.0,120.0
C_stop15mid,15,stop,mid,,5.0,long,0.0,0.2,0.5,with,1.0,294,0.228,0.16,1.32,47.1,0.67,18.0,1254.0,8.4,156,0.199,0.226,1.45,35.3,0.87,27.7,1555.0,11.8,120.0
C_stop15mid,15,stop,mid,,5.0,long,0.0,0.2,0.5,with,2.0,294,0.306,0.143,1.21,42.1,0.55,19.8,1234.0,7.5,156,0.282,0.362,1.57,56.4,1.2,23.0,2362.0,18.8,120.0
C_stop15mid,15,stop,mid,,5.0,long,0.0,0.2,0.5,against,,219,0.242,-0.007,0.99,-1.6,-0.02,19.6,-308.0,-0.3,156,0.179,-0.157,0.81,-24.5,-0.57,32.3,-1263.0,-8.2,120.0
C_stop15mid,15,stop,mid,,5.0,long,0.0,0.2,0.5,against,1.0,219,0.164,0.061,1.11,13.3,0.22,23.4,-282.0,2.4,156,0.135,-0.052,0.91,-8.1,-0.23,22.1,-356.0,-2.7,120.0
C_stop15mid,15,stop,mid,,5.0,long,0.0,0.2,0.5,against,2.0,219,0.219,0.039,1.05,8.5,0.12,20.2,-233.0,1.5,156,0.16,-0.137,0.82,-21.3,-0.53,30.6,-1131.0,-7.1,120.0
C_stop15mid,15,stop,mid,,5.0,long,0.0,0.2,9.0,,,594,0.293,0.055,1.07,32.6,0.29,26.9,93.0,5.8,325,0.243,0.085,1.11,27.6,0.42,30.5,1220.0,9.2,120.0
C_stop15mid,15,stop,mid,,5.0,long,0.0,0.2,9.0,,1.0,594,0.21,0.106,1.2,63.1,0.64,25.1,474.0,11.3,325,0.166,0.082,1.15,26.6,0.48,28.7,1423.0,8.9,120.0
C_stop15mid,15,stop,mid,,5.0,long,0.0,0.2,9.0,,2.0,594,0.274,0.085,1.13,50.6,0.47,23.0,397.0,9.1,325,0.222,0.106,1.15,34.4,0.54,27.1,1547.0,11.5,120.0
C_stop15mid,15,stop,mid,,5.0,long,0.0,0.2,9.0,with,,326,0.331,0.124,1.18,40.5,0.5,22.9,988.0,7.3,162,0.302,0.317,1.44,51.4,1.05,22.6,2057.0,17.2,120.0
C_stop15mid,15,stop,mid,,5.0,long,0.0,0.2,9.0,with,1.0,326,0.245,0.171,1.34,55.8,0.77,18.7,1261.0,10.0,162,0.198,0.209,1.41,33.8,0.82,26.1,1435.0,11.3,120.0
C_stop15mid,15,stop,mid,,5.0,long,0.0,0.2,9.0,with,2.0,326,0.319,0.156,1.24,50.7,0.64,21.9,1206.0,9.1,162,0.278,0.333,1.52,53.9,1.13,22.4,2184.0,18.0,120.0
C_stop15mid,15,stop,mid,,5.0,long,0.0,0.2,9.0,against,,268,0.246,-0.03,0.96,-8.0,-0.11,24.1,-896.0,-1.4,163,0.184,-0.146,0.83,-23.7,-0.54,30.5,-837.0,-7.9,120.0
C_stop15mid,15,stop,mid,,5.0,long,0.0,0.2,9.0,against,1.0,268,0.168,0.028,1.05,7.4,0.11,26.2,-787.0,1.3,163,0.135,-0.044,0.92,-7.2,-0.19,21.1,-12.0,-2.4,120.0
C_stop15mid,15,stop,mid,,5.0,long,0.0,0.2,9.0,against,2.0,268,0.22,-0.001,1.0,-0.1,-0.0,24.2,-810.0,-0.0,163,0.166,-0.12,0.84,-19.6,-0.47,27.7,-638.0,-6.5,120.0
C_stop15mid,15,stop,mid,,5.0,long,1.0,0.0,0.3,,,85,0.282,0.265,1.35,22.6,0.45,10.9,624.0,4.0,64,0.266,0.431,1.57,27.6,0.78,11.1,756.0,9.2,120.0
C_stop15mid,15,stop,mid,,5.0,long,1.0,0.0,0.3,,1.0,85,0.165,-0.004,0.99,-0.4,-0.01,15.9,174.0,-0.1,64,0.156,0.134,1.26,8.6,0.33,9.1,302.0,2.9,120.0
C_stop15mid,15,stop,mid,,5.0,long,1.0,0.0,0.3,,2.0,85,0.259,0.221,1.31,18.8,0.4,11.4,521.0,3.4,64,0.219,0.275,1.4,17.6,0.56,9.3,516.0,5.9,120.0
C_stop15mid,15,stop,mid,,5.0,long,1.0,0.0,0.3,with,,55,0.291,0.213,1.28,11.7,0.3,9.4,457.0,2.1,35,0.229,0.276,1.35,9.7,0.38,14.5,175.0,3.2,120.0
C_stop15mid,15,stop,mid,,5.0,long,1.0,0.0,0.3,with,1.0,55,0.182,0.019,1.03,1.0,0.03,8.5,289.0,0.2,35,0.143,0.133,1.26,4.7,0.24,7.5,127.0,1.6,120.0
C_stop15mid,15,stop,mid,,5.0,long,1.0,0.0,0.3,with,2.0,55,0.273,0.163,1.22,8.9,0.24,11.2,453.0,1.6,35,0.2,0.219,1.31,7.7,0.33,12.5,169.0,2.6,120.0
C_stop15mid,15,stop,mid,,5.0,long,1.0,0.0,0.3,against,,30,0.267,0.362,1.47,10.9,0.34,6.3,166.0,1.9,29,0.31,0.618,1.87,17.9,0.73,6.2,581.0,6.0,120.0
C_stop15mid,15,stop,mid,,5.0,long,1.0,0.0,0.3,against,1.0,30,0.133,-0.047,0.93,-1.4,-0.06,10.4,-115.0,-0.3,29,0.172,0.136,1.27,3.9,0.24,4.2,175.0,1.3,120.0
C_stop15mid,15,stop,mid,,5.0,long,1.0,0.0,0.3,against,2.0,30,0.233,0.328,1.51,9.9,0.34,6.1,68.0,1.8,29,0.241,0.343,1.53,9.9,0.47,6.2,347.0,3.3,120.0
C_stop15mid,15,stop,mid,,5.0,long,1.0,0.0,0.5,,,255,0.271,0.102,1.13,26.1,0.34,20.4,599.0,4.7,167,0.251,0.144,1.19,24.0,0.49,20.9,290.0,8.0,120.0
C_stop15mid,15,stop,mid,,5.0,long,1.0,0.0,0.5,,1.0,255,0.18,0.076,1.14,19.4,0.3,18.7,103.0,3.5,167,0.174,0.138,1.28,23.1,0.58,13.0,804.0,7.7,120.0
C_stop15mid,15,stop,mid,,5.0,long,1.0,0.0,0.5,,2.0,255,0.255,0.115,1.16,29.4,0.39,18.2,628.0,5.3,167,0.222,0.115,1.17,19.2,0.42,17.8,305.0,6.4,120.0
C_stop15mid,15,stop,mid,,5.0,long,1.0,0.0,0.5,with,,134,0.321,0.227,1.32,30.4,0.54,14.9,995.0,5.5,84,0.298,0.361,1.51,30.3,0.82,18.2,948.0,10.1,120.0
C_stop15mid,15,stop,mid,,5.0,long,1.0,0.0,0.5,with,1.0,134,0.224,0.234,1.48,31.3,0.64,15.0,952.0,5.6,84,0.214,0.359,1.79,30.1,0.95,8.4,1109.0,10.1,120.0
C_stop15mid,15,stop,mid,,5.0,long,1.0,0.0,0.5,with,2.0,134,0.313,0.232,1.34,31.1,0.56,16.7,1027.0,5.6,84,0.274,0.349,1.54,29.3,0.82,15.2,991.0,9.8,120.0
C_stop15mid,15,stop,mid,,5.0,long,1.0,0.0,0.5,against,,121,0.215,-0.036,0.96,-4.3,-0.08,15.4,-397.0,-0.8,83,0.205,-0.076,0.91,-6.3,-0.2,14.0,-658.0,-2.1,120.0
C_stop15mid,15,stop,mid,,5.0,long,1.0,0.0,0.5,against,1.0,121,0.132,-0.099,0.84,-12.0,-0.28,25.6,-849.0,-2.1,83,0.133,-0.084,0.84,-7.0,-0.29,12.7,-305.0,-2.3,120.0
C_stop15mid,15,stop,mid,,5.0,long,1.0,0.0,0.5,against,2.0,121,0.19,-0.015,0.98,-1.8,-0.03,14.5,-399.0,-0.3,83,0.169,-0.123,0.83,-10.2,-0.36,14.1,-686.0,-3.4,120.0
C_stop15mid,15,stop,mid,,5.0,long,1.0,0.0,9.0,,,333,0.285,0.07,1.09,23.1,0.28,21.6,-147.0,4.2,179,0.246,0.12,1.16,21.5,0.43,22.3,391.0,7.2,120.0
C_stop15mid,15,stop,mid,,5.0,long,1.0,0.0,9.0,,1.0,333,0.198,0.053,1.1,17.6,0.24,21.3,-483.0,3.1,179,0.173,0.126,1.25,22.6,0.54,13.4,1029.0,7.5,120.0
C_stop15mid,15,stop,mid,,5.0,long,1.0,0.0,9.0,,2.0,333,0.264,0.075,1.11,24.8,0.31,23.8,-66.0,4.5,179,0.218,0.098,1.14,17.6,0.37,19.2,473.0,5.9,120.0
C_stop15mid,15,stop,mid,,5.0,long,1.0,0.0,9.0,with,,164,0.341,0.203,1.3,33.3,0.56,13.9,796.0,6.0,90,0.289,0.31,1.43,27.9,0.74,17.6,771.0,9.3,120.0
C_stop15mid,15,stop,mid,,5.0,long,1.0,0.0,9.0,with,1.0,164,0.25,0.216,1.45,35.5,0.68,14.8,869.0,6.4,90,0.211,0.318,1.68,28.7,0.89,8.4,989.0,9.6,120.0
C_stop15mid,15,stop,mid,,5.0,long,1.0,0.0,9.0,with,2.0,164,0.329,0.215,1.33,35.2,0.61,16.5,909.0,6.3,90,0.267,0.299,1.45,26.9,0.74,14.6,813.0,9.0,120.0
C_stop15mid,15,stop,mid,,5.0,long,1.0,0.0,9.0,against,,169,0.231,-0.06,0.92,-10.2,-0.17,20.5,-943.0,-1.8,89,0.202,-0.072,0.91,-6.4,-0.19,13.8,-380.0,-2.1,120.0
C_stop15mid,15,stop,mid,,5.0,long,1.0,0.0,9.0,against,1.0,169,0.148,-0.106,0.82,-17.9,-0.36,32.9,-1353.0,-3.2,89,0.135,-0.068,0.88,-6.1,-0.23,14.7,40.0,-2.0,120.0
C_stop15mid,15,stop,mid,,5.0,long,1.0,0.0,9.0,against,2.0,169,0.201,-0.061,0.92,-10.4,-0.18,18.5,-975.0,-1.9,89,0.169,-0.104,0.85,-9.3,-0.31,14.1,-340.0,-3.1,120.0
C_stop15mid,15,stop,mid,,5.0,long,1.0,0.1,0.3,,,85,0.282,0.265,1.35,22.6,0.45,10.9,624.0,4.0,64,0.266,0.431,1.57,27.6,0.78,11.1,756.0,9.2,120.0
C_stop15mid,15,stop,mid,,5.0,long,1.0,0.1,0.3,,1.0,85,0.165,-0.004,0.99,-0.4,-0.01,15.9,174.0,-0.1,64,0.156,0.134,1.26,8.6,0.33,9.1,302.0,2.9,120.0
C_stop15mid,15,stop,mid,,5.0,long,1.0,0.1,0.3,,2.0,85,0.259,0.221,1.31,18.8,0.4,11.4,521.0,3.4,64,0.219,0.275,1.4,17.6,0.56,9.3,516.0,5.9,120.0
C_stop15mid,15,stop,mid,,5.0,long,1.0,0.1,0.3,with,,55,0.291,0.213,1.28,11.7,0.3,9.4,457.0,2.1,35,0.229,0.276,1.35,9.7,0.38,14.5,175.0,3.2,120.0
C_stop15mid,15,stop,mid,,5.0,long,1.0,0.1,0.3,with,1.0,55,0.182,0.019,1.03,1.0,0.03,8.5,289.0,0.2,35,0.143,0.133,1.26,4.7,0.24,7.5,127.0,1.6,120.0
C_stop15mid,15,stop,mid,,5.0,long,1.0,0.1,0.3,with,2.0,55,0.273,0.163,1.22,8.9,0.24,11.2,453.0,1.6,35,0.2,0.219,1.31,7.7,0.33,12.5,169.0,2.6,120.0
C_stop15mid,15,stop,mid,,5.0,long,1.0,0.1,0.3,against,,30,0.267,0.362,1.47,10.9,0.34,6.3,166.0,1.9,29,0.31,0.618,1.87,17.9,0.73,6.2,581.0,6.0,120.0
C_stop15mid,15,stop,mid,,5.0,long,1.0,0.1,0.3,against,1.0,30,0.133,-0.047,0.93,-1.4,-0.06,10.4,-115.0,-0.3,29,0.172,0.136,1.27,3.9,0.24,4.2,175.0,1.3,120.0
C_stop15mid,15,stop,mid,,5.0,long,1.0,0.1,0.3,against,2.0,30,0.233,0.328,1.51,9.9,0.34,6.1,68.0,1.8,29,0.241,0.343,1.53,9.9,0.47,6.2,347.0,3.3,120.0
C_stop15mid,15,stop,mid,,5.0,long,1.0,0.1,0.5,,,255,0.271,0.102,1.13,26.1,0.34,20.4,599.0,4.7,167,0.251,0.144,1.19,24.0,0.49,20.9,290.0,8.0,120.0
C_stop15mid,15,stop,mid,,5.0,long,1.0,0.1,0.5,,1.0,255,0.18,0.076,1.14,19.4,0.3,18.7,103.0,3.5,167,0.174,0.138,1.28,23.1,0.58,13.0,804.0,7.7,120.0
C_stop15mid,15,stop,mid,,5.0,long,1.0,0.1,0.5,,2.0,255,0.255,0.115,1.16,29.4,0.39,18.2,628.0,5.3,167,0.222,0.115,1.17,19.2,0.42,17.8,305.0,6.4,120.0
C_stop15mid,15,stop,mid,,5.0,long,1.0,0.1,0.5,with,,134,0.321,0.227,1.32,30.4,0.54,14.9,995.0,5.5,84,0.298,0.361,1.51,30.3,0.82,18.2,948.0,10.1,120.0
C_stop15mid,15,stop,mid,,5.0,long,1.0,0.1,0.5,with,1.0,134,0.224,0.234,1.48,31.3,0.64,15.0,952.0,5.6,84,0.214,0.359,1.79,30.1,0.95,8.4,1109.0,10.1,120.0
C_stop15mid,15,stop,mid,,5.0,long,1.0,0.1,0.5,with,2.0,134,0.313,0.232,1.34,31.1,0.56,16.7,1027.0,5.6,84,0.274,0.349,1.54,29.3,0.82,15.2,991.0,9.8,120.0
C_stop15mid,15,stop,mid,,5.0,long,1.0,0.1,0.5,against,,121,0.215,-0.036,0.96,-4.3,-0.08,15.4,-397.0,-0.8,83,0.205,-0.076,0.91,-6.3,-0.2,14.0,-658.0,-2.1,120.0
C_stop15mid,15,stop,mid,,5.0,long,1.0,0.1,0.5,against,1.0,121,0.132,-0.099,0.84,-12.0,-0.28,25.6,-849.0,-2.1,83,0.133,-0.084,0.84,-7.0,-0.29,12.7,-305.0,-2.3,120.0
C_stop15mid,15,stop,mid,,5.0,long,1.0,0.1,0.5,against,2.0,121,0.19,-0.015,0.98,-1.8,-0.03,14.5,-399.0,-0.3,83,0.169,-0.123,0.83,-10.2,-0.36,14.1,-686.0,-3.4,120.0
C_stop15mid,15,stop,mid,,5.0,long,1.0,0.1,9.0,,,333,0.285,0.07,1.09,23.1,0.28,21.6,-147.0,4.2,179,0.246,0.12,1.16,21.5,0.43,22.3,391.0,7.2,120.0
C_stop15mid,15,stop,mid,,5.0,long,1.0,0.1,9.0,,1.0,333,0.198,0.053,1.1,17.6,0.24,21.3,-483.0,3.1,179,0.173,0.126,1.25,22.6,0.54,13.4,1029.0,7.5,120.0
C_stop15mid,15,stop,mid,,5.0,long,1.0,0.1,9.0,,2.0,333,0.264,0.075,1.11,24.8,0.31,23.8,-66.0,4.5,179,0.218,0.098,1.14,17.6,0.37,19.2,473.0,5.9,120.0
C_stop15mid,15,stop,mid,,5.0,long,1.0,0.1,9.0,with,,164,0.341,0.203,1.3,33.3,0.56,13.9,796.0,6.0,90,0.289,0.31,1.43,27.9,0.74,17.6,771.0,9.3,120.0
C_stop15mid,15,stop,mid,,5.0,long,1.0,0.1,9.0,with,1.0,164,0.25,0.216,1.45,35.5,0.68,14.8,869.0,6.4,90,0.211,0.318,1.68,28.7,0.89,8.4,989.0,9.6,120.0
C_stop15mid,15,stop,mid,,5.0,long,1.0,0.1,9.0,with,2.0,164,0.329,0.215,1.33,35.2,0.61,16.5,909.0,6.3,90,0.267,0.299,1.45,26.9,0.74,14.6,813.0,9.0,120.0
C_stop15mid,15,stop,mid,,5.0,long,1.0,0.1,9.0,against,,169,0.231,-0.06,0.92,-10.2,-0.17,20.5,-943.0,-1.8,89,0.202,-0.072,0.91,-6.4,-0.19,13.8,-380.0,-2.1,120.0
C_stop15mid,15,stop,mid,,5.0,long,1.0,0.1,9.0,against,1.0,169,0.148,-0.106,0.82,-17.9,-0.36,32.9,-1353.0,-3.2,89,0.135,-0.068,0.88,-6.1,-0.23,14.7,40.0,-2.0,120.0
C_stop15mid,15,stop,mid,,5.0,long,1.0,0.1,9.0,against,2.0,169,0.201,-0.061,0.92,-10.4,-0.18,18.5,-975.0,-1.9,89,0.169,-0.104,0.85,-9.3,-0.31,14.1,-340.0,-3.1,120.0
C_stop15mid,15,stop,mid,,5.0,long,1.0,0.2,0.3,,,75,0.253,0.044,1.06,3.3,0.08,13.6,191.0,0.6,60,0.233,0.231,1.29,13.8,0.44,10.4,473.0,4.6,120.0
C_stop15mid,15,stop,mid,,5.0,long,1.0,0.2,0.3,,1.0,75,0.147,-0.129,0.8,-9.6,-0.28,19.6,-61.0,-1.7,60,0.167,0.164,1.31,9.8,0.38,8.0,317.0,3.3,120.0
C_stop15mid,15,stop,mid,,5.0,long,1.0,0.2,0.3,,2.0,75,0.227,-0.006,0.99,-0.5,-0.01,14.6,88.0,-0.1,60,0.217,0.231,1.33,13.8,0.46,9.3,417.0,4.6,120.0
C_stop15mid,15,stop,mid,,5.0,long,1.0,0.2,0.3,with,,46,0.239,-0.187,0.77,-8.6,-0.31,10.7,7.0,-1.5,33,0.182,-0.007,0.99,-0.2,-0.01,14.7,-27.0,-0.1,120.0
C_stop15mid,15,stop,mid,,5.0,long,1.0,0.2,0.3,with,1.0,46,0.152,-0.202,0.68,-9.3,-0.38,10.5,37.0,-1.7,33,0.152,0.145,1.27,4.8,0.24,7.5,129.0,1.6,120.0
C_stop15mid,15,stop,mid,,5.0,long,1.0,0.2,0.3,with,2.0,46,0.217,-0.247,0.69,-11.4,-0.43,13.4,3.0,-2.0,33,0.182,0.084,1.11,2.8,0.13,12.7,57.0,0.9,120.0
C_stop15mid,15,stop,mid,,5.0,long,1.0,0.2,0.3,against,,29,0.276,0.411,1.53,11.9,0.37,6.3,184.0,2.1,27,0.296,0.521,1.72,14.1,0.62,6.2,500.0,4.7,120.0
C_stop15mid,15,stop,mid,,5.0,long,1.0,0.2,0.3,against,1.0,29,0.138,-0.012,0.98,-0.3,-0.01,10.4,-98.0,-0.1,27,0.185,0.188,1.37,5.1,0.31,4.2,188.0,1.7,120.0
C_stop15mid,15,stop,mid,,5.0,long,1.0,0.2,0.3,against,2.0,29,0.241,0.376,1.6,10.9,0.37,6.1,85.0,2.0,27,0.259,0.41,1.63,11.1,0.53,6.2,360.0,3.7,120.0
C_stop15mid,15,stop,mid,,5.0,long,1.0,0.2,0.5,,,245,0.261,0.028,1.04,6.8,0.09,21.6,165.0,1.2,163,0.239,0.063,1.08,10.2,0.22,20.9,8.0,3.4,120.0
C_stop15mid,15,stop,mid,,5.0,long,1.0,0.2,0.5,,1.0,245,0.176,0.041,1.08,10.1,0.16,25.7,-132.0,1.8,163,0.178,0.149,1.3,24.4,0.61,13.0,819.0,8.1,120.0
C_stop15mid,15,stop,mid,,5.0,long,1.0,0.2,0.5,,2.0,245,0.245,0.041,1.06,10.1,0.14,20.1,195.0,1.8,163,0.221,0.094,1.14,15.4,0.34,17.8,206.0,5.1,120.0
C_stop15mid,15,stop,mid,,5.0,long,1.0,0.2,0.5,with,,125,0.304,0.081,1.11,10.1,0.2,15.7,545.0,1.8,82,0.28,0.249,1.34,20.4,0.59,18.2,747.0,6.8,120.0
C_stop15mid,15,stop,mid,,5.0,long,1.0,0.2,0.5,with,1.0,125,0.216,0.168,1.35,21.0,0.47,15.0,699.0,3.8,82,0.22,0.369,1.8,30.2,0.95,8.4,1111.0,10.1,120.0
C_stop15mid,15,stop,mid,,5.0,long,1.0,0.2,0.5,with,2.0,125,0.296,0.086,1.12,10.8,0.22,16.7,577.0,1.9,82,0.268,0.298,1.45,24.4,0.71,15.2,878.0,8.2,120.0
C_stop15mid,15,stop,mid,,5.0,long,1.0,0.2,0.5,against,,120,0.217,-0.027,0.97,-3.3,-0.06,14.4,-379.0,-0.6,81,0.198,-0.126,0.85,-10.2,-0.34,16.0,-739.0,-3.4,120.0
C_stop15mid,15,stop,mid,,5.0,long,1.0,0.2,0.5,against,1.0,120,0.133,-0.091,0.85,-10.9,-0.26,25.6,-831.0,-2.0,81,0.136,-0.072,0.87,-5.9,-0.24,11.5,-292.0,-2.0,120.0
C_stop15mid,15,stop,mid,,5.0,long,1.0,0.2,0.5,against,2.0,120,0.192,-0.006,0.99,-0.7,-0.01,14.5,-382.0,-0.1,81,0.173,-0.112,0.85,-9.0,-0.32,13.0,-672.0,-3.0,120.0
C_stop15mid,15,stop,mid,,5.0,long,1.0,0.2,9.0,,,323,0.279,0.012,1.02,3.9,0.05,22.7,-580.0,0.7,175,0.234,0.044,1.06,7.7,0.16,22.3,109.0,2.6,120.0
C_stop15mid,15,stop,mid,,5.0,long,1.0,0.2,9.0,,1.0,323,0.195,0.026,1.05,8.3,0.12,29.3,-719.0,1.5,175,0.177,0.136,1.27,23.8,0.57,13.4,1045.0,8.0,120.0
C_stop15mid,15,stop,mid,,5.0,long,1.0,0.2,9.0,,2.0,323,0.257,0.017,1.03,5.6,0.07,24.3,-499.0,1.0,175,0.217,0.079,1.11,13.8,0.3,19.2,374.0,4.6,120.0
C_stop15mid,15,stop,mid,,5.0,long,1.0,0.2,9.0,with,,155,0.329,0.084,1.12,13.0,0.25,15.3,346.0,2.3,88,0.273,0.204,1.28,18.0,0.51,17.6,569.0,6.0,120.0
C_stop15mid,15,stop,mid,,5.0,long,1.0,0.2,9.0,with,1.0,155,0.245,0.162,1.34,25.1,0.52,14.8,617.0,4.5,88,0.216,0.327,1.69,28.8,0.89,8.4,991.0,9.6,120.0
C_stop15mid,15,stop,mid,,5.0,long,1.0,0.2,9.0,with,2.0,155,0.316,0.096,1.15,14.9,0.29,16.9,459.0,2.7,88,0.261,0.25,1.37,22.0,0.63,14.6,701.0,7.3,120.0
C_stop15mid,15,stop,mid,,5.0,long,1.0,0.2,9.0,against,,168,0.232,-0.054,0.93,-9.1,-0.16,19.4,-926.0,-1.6,87,0.195,-0.118,0.86,-10.3,-0.32,17.0,-461.0,-3.4,120.0
C_stop15mid,15,stop,mid,,5.0,long,1.0,0.2,9.0,against,1.0,168,0.149,-0.1,0.83,-16.8,-0.34,32.9,-1335.0,-3.0,87,0.138,-0.057,0.9,-5.0,-0.19,13.6,54.0,-1.7,120.0
C_stop15mid,15,stop,mid,,5.0,long,1.0,0.2,9.0,against,2.0,168,0.202,-0.055,0.92,-9.3,-0.16,17.4,-958.0,-1.7,87,0.172,-0.093,0.87,-8.1,-0.27,13.0,-327.0,-2.7,120.0
C_stop15mid,15,stop,mid,,5.0,long,1.25,0.0,0.3,,,5,0.2,0.13,1.15,0.6,0.05,2.3,121.0,0.1,6,0.0,-1.029,0.0,-6.2,-1.4,6.2,-220.0,-2.1,120.0
C_stop15mid,15,stop,mid,,5.0,long,1.25,0.0,0.3,,1.0,5,0.0,-0.87,0.0,-4.4,-0.84,4.4,-81.0,-0.8,6,0.0,-0.529,0.0,-3.2,-1.02,3.2,-106.0,-1.1,120.0
C_stop15mid,15,stop,mid,,5.0,long,1.25,0.0,0.3,,2.0,5,0.0,-0.87,0.0,-4.4,-0.84,4.4,-81.0,-0.8,6,0.0,-1.029,0.0,-6.2,-1.4,6.2,-220.0,-2.1,120.0
C_stop15mid,15,stop,mid,,5.0,long,1.25,0.0,0.3,with,,3,0.0,-1.095,0.0,-3.3,-0.73,3.3,-54.0,-0.6,5,0.0,-1.029,0.0,-5.1,-1.28,5.1,-184.0,-1.7,120.0
C_stop15mid,15,stop,mid,,5.0,long,1.25,0.0,0.3,with,1.0,3,0.0,-1.095,0.0,-3.3,-0.73,3.3,-54.0,-0.6,5,0.0,-0.429,0.0,-2.1,-0.84,2.1,-71.0,-0.7,120.0
C_stop15mid,15,stop,mid,,5.0,long,1.25,0.0,0.3,with,2.0,3,0.0,-1.095,0.0,-3.3,-0.73,3.3,-54.0,-0.6,5,0.0,-1.029,0.0,-5.1,-1.28,5.1,-184.0,-1.7,120.0
C_stop15mid,15,stop,mid,,5.0,long,1.25,0.0,0.3,against,,2,0.5,1.967,4.78,3.9,0.32,1.0,176.0,0.7,1,0.0,-1.029,0.0,-1.0,-0.57,1.0,-35.0,-0.3,120.0
C_stop15mid,15,stop,mid,,5.0,long,1.25,0.0,0.3,against,1.0,2,0.0,-0.533,0.0,-1.1,-0.43,1.1,-26.0,-0.2,1,0.0,-1.029,0.0,-1.0,-0.57,1.0,-35.0,-0.3,120.0
C_stop15mid,15,stop,mid,,5.0,long,1.25,0.0,0.3,against,2.0,2,0.0,-0.533,0.0,-1.1,-0.43,1.1,-26.0,-0.2,1,0.0,-1.029,0.0,-1.0,-0.57,1.0,-35.0,-0.3,120.0
C_stop15mid,15,stop,mid,,5.0,long,1.25,0.0,0.5,,,54,0.259,0.103,1.14,5.6,0.15,9.6,-32.0,1.0,29,0.172,-0.325,0.62,-9.4,-0.57,14.2,-438.0,-3.1,120.0
C_stop15mid,15,stop,mid,,5.0,long,1.25,0.0,0.5,,1.0,54,0.167,0.083,1.17,4.5,0.15,11.1,-272.0,0.8,29,0.103,-0.149,0.72,-4.3,-0.3,8.6,-276.0,-1.4,120.0
C_stop15mid,15,stop,mid,,5.0,long,1.25,0.0,0.5,,2.0,54,0.241,0.07,1.1,3.8,0.11,9.5,-132.0,0.7,29,0.172,-0.187,0.74,-5.4,-0.33,11.2,-258.0,-1.8,120.0
C_stop15mid,15,stop,mid,,5.0,long,1.25,0.0,0.5,with,,21,0.381,0.322,1.48,6.8,0.3,4.5,80.0,1.2,14,0.286,-0.006,0.99,-0.1,-0.01,8.0,38.0,-0.0,120.0
C_stop15mid,15,stop,mid,,5.0,long,1.25,0.0,0.5,with,1.0,21,0.286,0.375,1.86,7.9,0.39,3.7,79.0,1.4,14,0.143,0.144,1.47,2.0,0.21,2.2,69.0,0.7,120.0
C_stop15mid,15,stop,mid,,5.0,long,1.25,0.0,0.5,with,2.0,21,0.381,0.322,1.48,6.8,0.3,4.5,80.0,1.2,14,0.286,0.065,1.1,0.9,0.07,7.0,87.0,0.3,120.0
C_stop15mid,15,stop,mid,,5.0,long,1.25,0.0,0.5,against,,33,0.182,-0.036,0.96,-1.2,-0.04,8.9,-112.0,-0.2,15,0.067,-0.622,0.35,-9.3,-0.85,9.3,-475.0,-3.1,120.0
C_stop15mid,15,stop,mid,,5.0,long,1.25,0.0,0.5,against,1.0,33,0.091,-0.104,0.79,-3.4,-0.17,11.6,-352.0,-0.6,15,0.067,-0.422,0.44,-6.3,-0.6,6.3,-345.0,-2.1,120.0
C_stop15mid,15,stop,mid,,5.0,long,1.25,0.0,0.5,against,2.0,33,0.152,-0.091,0.87,-3.0,-0.12,10.6,-212.0,-0.5,15,0.067,-0.422,0.44,-6.3,-0.6,6.3,-345.0,-2.1,120.0
C_stop15mid,15,stop,mid,,5.0,long,1.25,0.0,9.0,,,117,0.308,0.069,1.1,8.1,0.17,13.2,-458.0,1.4,38,0.184,-0.235,0.72,-8.9,-0.45,15.8,-117.0,-3.0,120.0
C_stop15mid,15,stop,mid,,5.0,long,1.25,0.0,9.0,,1.0,117,0.214,0.052,1.1,6.1,0.15,13.7,-610.0,1.1,38,0.132,-0.074,0.87,-2.8,-0.16,8.0,112.0,-0.9,120.0
C_stop15mid,15,stop,mid,,5.0,long,1.25,0.0,9.0,,2.0,117,0.274,0.032,1.05,3.7,0.08,11.0,-567.0,0.7,38,0.184,-0.103,0.85,-3.9,-0.2,10.8,130.0,-1.3,120.0
C_stop15mid,15,stop,mid,,5.0,long,1.25,0.0,9.0,with,,43,0.395,0.181,1.29,7.8,0.29,9.8,-19.0,1.4,17,0.294,0.029,1.04,0.5,0.04,7.4,80.0,0.2,120.0
C_stop15mid,15,stop,mid,,5.0,long,1.25,0.0,9.0,with,1.0,43,0.302,0.212,1.46,9.1,0.36,6.8,35.0,1.6,17,0.176,0.153,1.41,2.6,0.24,3.1,112.0,0.9,120.0
C_stop15mid,15,stop,mid,,5.0,long,1.25,0.0,9.0,with,2.0,43,0.372,0.186,1.31,8.0,0.3,8.8,1.0,1.4,17,0.294,0.088,1.13,1.5,0.11,6.4,130.0,0.5,120.0
C_stop15mid,15,stop,mid,,5.0,long,1.25,0.0,9.0,against,,74,0.257,0.004,1.01,0.3,0.01,12.5,-438.0,0.1,21,0.095,-0.448,0.51,-9.4,-0.65,10.3,-197.0,-3.1,120.0
C_stop15mid,15,stop,mid,,5.0,long,1.25,0.0,9.0,against,1.0,74,0.162,-0.041,0.92,-3.0,-0.1,14.3,-645.0,-0.5,21,0.095,-0.258,0.65,-5.4,-0.38,7.2,0.0,-1.8,120.0
C_stop15mid,15,stop,mid,,5.0,long,1.25,0.0,9.0,against,2.0,74,0.216,-0.058,0.91,-4.3,-0.12,12.3,-568.0,-0.8,21,0.095,-0.258,0.65,-5.4,-0.38,7.2,0.0,-1.8,120.0
C_stop15mid,15,stop,mid,,5.0,long,1.25,0.1,0.3,,,5,0.2,0.13,1.15,0.6,0.05,2.3,121.0,0.1,6,0.0,-1.029,0.0,-6.2,-1.4,6.2,-220.0,-2.1,120.0
C_stop15mid,15,stop,mid,,5.0,long,1.25,0.1,0.3,,1.0,5,0.0,-0.87,0.0,-4.4,-0.84,4.4,-81.0,-0.8,6,0.0,-0.529,0.0,-3.2,-1.02,3.2,-106.0,-1.1,120.0
C_stop15mid,15,stop,mid,,5.0,long,1.25,0.1,0.3,,2.0,5,0.0,-0.87,0.0,-4.4,-0.84,4.4,-81.0,-0.8,6,0.0,-1.029,0.0,-6.2,-1.4,6.2,-220.0,-2.1,120.0
C_stop15mid,15,stop,mid,,5.0,long,1.25,0.1,0.3,with,,3,0.0,-1.095,0.0,-3.3,-0.73,3.3,-54.0,-0.6,5,0.0,-1.029,0.0,-5.1,-1.28,5.1,-184.0,-1.7,120.0
C_stop15mid,15,stop,mid,,5.0,long,1.25,0.1,0.3,with,1.0,3,0.0,-1.095,0.0,-3.3,-0.73,3.3,-54.0,-0.6,5,0.0,-0.429,0.0,-2.1,-0.84,2.1,-71.0,-0.7,120.0
C_stop15mid,15,stop,mid,,5.0,long,1.25,0.1,0.3,with,2.0,3,0.0,-1.095,0.0,-3.3,-0.73,3.3,-54.0,-0.6,5,0.0,-1.029,0.0,-5.1,-1.28,5.1,-184.0,-1.7,120.0
C_stop15mid,15,stop,mid,,5.0,long,1.25,0.1,0.3,against,,2,0.5,1.967,4.78,3.9,0.32,1.0,176.0,0.7,1,0.0,-1.029,0.0,-1.0,-0.57,1.0,-35.0,-0.3,120.0
C_stop15mid,15,stop,mid,,5.0,long,1.25,0.1,0.3,against,1.0,2,0.0,-0.533,0.0,-1.1,-0.43,1.1,-26.0,-0.2,1,0.0,-1.029,0.0,-1.0,-0.57,1.0,-35.0,-0.3,120.0
C_stop15mid,15,stop,mid,,5.0,long,1.25,0.1,0.3,against,2.0,2,0.0,-0.533,0.0,-1.1,-0.43,1.1,-26.0,-0.2,1,0.0,-1.029,0.0,-1.0,-0.57,1.0,-35.0,-0.3,120.0
C_stop15mid,15,stop,mid,,5.0,long,1.25,0.1,0.5,,,54,0.259,0.103,1.14,5.6,0.15,9.6,-32.0,1.0,29,0.172,-0.325,0.62,-9.4,-0.57,14.2,-438.0,-3.1,120.0
C_stop15mid,15,stop,mid,,5.0,long,1.25,0.1,0.5,,1.0,54,0.167,0.083,1.17,4.5,0.15,11.1,-272.0,0.8,29,0.103,-0.149,0.72,-4.3,-0.3,8.6,-276.0,-1.4,120.0
C_stop15mid,15,stop,mid,,5.0,long,1.25,0.1,0.5,,2.0,54,0.241,0.07,1.1,3.8,0.11,9.5,-132.0,0.7,29,0.172,-0.187,0.74,-5.4,-0.33,11.2,-258.0,-1.8,120.0
C_stop15mid,15,stop,mid,,5.0,long,1.25,0.1,0.5,with,,21,0.381,0.322,1.48,6.8,0.3,4.5,80.0,1.2,14,0.286,-0.006,0.99,-0.1,-0.01,8.0,38.0,-0.0,120.0
C_stop15mid,15,stop,mid,,5.0,long,1.25,0.1,0.5,with,1.0,21,0.286,0.375,1.86,7.9,0.39,3.7,79.0,1.4,14,0.143,0.144,1.47,2.0,0.21,2.2,69.0,0.7,120.0
C_stop15mid,15,stop,mid,,5.0,long,1.25,0.1,0.5,with,2.0,21,0.381,0.322,1.48,6.8,0.3,4.5,80.0,1.2,14,0.286,0.065,1.1,0.9,0.07,7.0,87.0,0.3,120.0
C_stop15mid,15,stop,mid,,5.0,long,1.25,0.1,0.5,against,,33,0.182,-0.036,0.96,-1.2,-0.04,8.9,-112.0,-0.2,15,0.067,-0.622,0.35,-9.3,-0.85,9.3,-475.0,-3.1,120.0
C_stop15mid,15,stop,mid,,5.0,long,1.25,0.1,0.5,against,1.0,33,0.091,-0.104,0.79,-3.4,-0.17,11.6,-352.0,-0.6,15,0.067,-0.422,0.44,-6.3,-0.6,6.3,-345.0,-2.1,120.0
C_stop15mid,15,stop,mid,,5.0,long,1.25,0.1,0.5,against,2.0,33,0.152,-0.091,0.87,-3.0,-0.12,10.6,-212.0,-0.5,15,0.067,-0.422,0.44,-6.3,-0.6,6.3,-345.0,-2.1,120.0
C_stop15mid,15,stop,mid,,5.0,long,1.25,0.1,9.0,,,117,0.308,0.069,1.1,8.1,0.17,13.2,-458.0,1.4,38,0.184,-0.235,0.72,-8.9,-0.45,15.8,-117.0,-3.0,120.0
C_stop15mid,15,stop,mid,,5.0,long,1.25,0.1,9.0,,1.0,117,0.214,0.052,1.1,6.1,0.15,13.7,-610.0,1.1,38,0.132,-0.074,0.87,-2.8,-0.16,8.0,112.0,-0.9,120.0
C_stop15mid,15,stop,mid,,5.0,long,1.25,0.1,9.0,,2.0,117,0.274,0.032,1.05,3.7,0.08,11.0,-567.0,0.7,38,0.184,-0.103,0.85,-3.9,-0.2,10.8,130.0,-1.3,120.0
C_stop15mid,15,stop,mid,,5.0,long,1.25,0.1,9.0,with,,43,0.395,0.181,1.29,7.8,0.29,9.8,-19.0,1.4,17,0.294,0.029,1.04,0.5,0.04,7.4,80.0,0.2,120.0
C_stop15mid,15,stop,mid,,5.0,long,1.25,0.1,9.0,with,1.0,43,0.302,0.212,1.46,9.1,0.36,6.8,35.0,1.6,17,0.176,0.153,1.41,2.6,0.24,3.1,112.0,0.9,120.0
C_stop15mid,15,stop,mid,,5.0,long,1.25,0.1,9.0,with,2.0,43,0.372,0.186,1.31,8.0,0.3,8.8,1.0,1.4,17,0.294,0.088,1.13,1.5,0.11,6.4,130.0,0.5,120.0
C_stop15mid,15,stop,mid,,5.0,long,1.25,0.1,9.0,against,,74,0.257,0.004,1.01,0.3,0.01,12.5,-438.0,0.1,21,0.095,-0.448,0.51,-9.4,-0.65,10.3,-197.0,-3.1,120.0
C_stop15mid,15,stop,mid,,5.0,long,1.25,0.1,9.0,against,1.0,74,0.162,-0.041,0.92,-3.0,-0.1,14.3,-645.0,-0.5,21,0.095,-0.258,0.65,-5.4,-0.38,7.2,0.0,-1.8,120.0
C_stop15mid,15,stop,mid,,5.0,long,1.25,0.1,9.0,against,2.0,74,0.216,-0.058,0.91,-4.3,-0.12,12.3,-568.0,-0.8,21,0.095,-0.258,0.65,-5.4,-0.38,7.2,0.0,-1.8,120.0
C_stop15mid,15,stop,mid,,5.0,long,1.25,0.2,0.3,,,5,0.2,0.13,1.15,0.6,0.05,2.3,121.0,0.1,6,0.0,-1.029,0.0,-6.2,-1.4,6.2,-220.0,-2.1,120.0
C_stop15mid,15,stop,mid,,5.0,long,1.25,0.2,0.3,,1.0,5,0.0,-0.87,0.0,-4.4,-0.84,4.4,-81.0,-0.8,6,0.0,-0.529,0.0,-3.2,-1.02,3.2,-106.0,-1.1,120.0
C_stop15mid,15,stop,mid,,5.0,long,1.25,0.2,0.3,,2.0,5,0.0,-0.87,0.0,-4.4,-0.84,4.4,-81.0,-0.8,6,0.0,-1.029,0.0,-6.2,-1.4,6.2,-220.0,-2.1,120.0
C_stop15mid,15,stop,mid,,5.0,long,1.25,0.2,0.3,with,,3,0.0,-1.095,0.0,-3.3,-0.73,3.3,-54.0,-0.6,5,0.0,-1.029,0.0,-5.1,-1.28,5.1,-184.0,-1.7,120.0
C_stop15mid,15,stop,mid,,5.0,long,1.25,0.2,0.3,with,1.0,3,0.0,-1.095,0.0,-3.3,-0.73,3.3,-54.0,-0.6,5,0.0,-0.429,0.0,-2.1,-0.84,2.1,-71.0,-0.7,120.0
C_stop15mid,15,stop,mid,,5.0,long,1.25,0.2,0.3,with,2.0,3,0.0,-1.095,0.0,-3.3,-0.73,3.3,-54.0,-0.6,5,0.0,-1.029,0.0,-5.1,-1.28,5.1,-184.0,-1.7,120.0
C_stop15mid,15,stop,mid,,5.0,long,1.25,0.2,0.3,against,,2,0.5,1.967,4.78,3.9,0.32,1.0,176.0,0.7,1,0.0,-1.029,0.0,-1.0,-0.57,1.0,-35.0,-0.3,120.0
C_stop15mid,15,stop,mid,,5.0,long,1.25,0.2,0.3,against,1.0,2,0.0,-0.533,0.0,-1.1,-0.43,1.1,-26.0,-0.2,1,0.0,-1.029,0.0,-1.0,-0.57,1.0,-35.0,-0.3,120.0
C_stop15mid,15,stop,mid,,5.0,long,1.25,0.2,0.3,against,2.0,2,0.0,-0.533,0.0,-1.1,-0.43,1.1,-26.0,-0.2,1,0.0,-1.029,0.0,-1.0,-0.57,1.0,-35.0,-0.3,120.0
C_stop15mid,15,stop,mid,,5.0,long,1.25,0.2,0.5,,,54,0.259,0.103,1.14,5.6,0.15,9.6,-32.0,1.0,29,0.172,-0.325,0.62,-9.4,-0.57,14.2,-438.0,-3.1,120.0
C_stop15mid,15,stop,mid,,5.0,long,1.25,0.2,0.5,,1.0,54,0.167,0.083,1.17,4.5,0.15,11.1,-272.0,0.8,29,0.103,-0.149,0.72,-4.3,-0.3,8.6,-276.0,-1.4,120.0
C_stop15mid,15,stop,mid,,5.0,long,1.25,0.2,0.5,,2.0,54,0.241,0.07,1.1,3.8,0.11,9.5,-132.0,0.7,29,0.172,-0.187,0.74,-5.4,-0.33,11.2,-258.0,-1.8,120.0
C_stop15mid,15,stop,mid,,5.0,long,1.25,0.2,0.5,with,,21,0.381,0.322,1.48,6.8,0.3,4.5,80.0,1.2,14,0.286,-0.006,0.99,-0.1,-0.01,8.0,38.0,-0.0,120.0
C_stop15mid,15,stop,mid,,5.0,long,1.25,0.2,0.5,with,1.0,21,0.286,0.375,1.86,7.9,0.39,3.7,79.0,1.4,14,0.143,0.144,1.47,2.0,0.21,2.2,69.0,0.7,120.0
C_stop15mid,15,stop,mid,,5.0,long,1.25,0.2,0.5,with,2.0,21,0.381,0.322,1.48,6.8,0.3,4.5,80.0,1.2,14,0.286,0.065,1.1,0.9,0.07,7.0,87.0,0.3,120.0
C_stop15mid,15,stop,mid,,5.0,long,1.25,0.2,0.5,against,,33,0.182,-0.036,0.96,-1.2,-0.04,8.9,-112.0,-0.2,15,0.067,-0.622,0.35,-9.3,-0.85,9.3,-475.0,-3.1,120.0
C_stop15mid,15,stop,mid,,5.0,long,1.25,0.2,0.5,against,1.0,33,0.091,-0.104,0.79,-3.4,-0.17,11.6,-352.0,-0.6,15,0.067,-0.422,0.44,-6.3,-0.6,6.3,-345.0,-2.1,120.0
C_stop15mid,15,stop,mid,,5.0,long,1.25,0.2,0.5,against,2.0,33,0.152,-0.091,0.87,-3.0,-0.12,10.6,-212.0,-0.5,15,0.067,-0.422,0.44,-6.3,-0.6,6.3,-345.0,-2.1,120.0
C_stop15mid,15,stop,mid,,5.0,long,1.25,0.2,9.0,,,117,0.308,0.069,1.1,8.1,0.17,13.2,-458.0,1.4,38,0.184,-0.235,0.72,-8.9,-0.45,15.8,-117.0,-3.0,120.0
C_stop15mid,15,stop,mid,,5.0,long,1.25,0.2,9.0,,1.0,117,0.214,0.052,1.1,6.1,0.15,13.7,-610.0,1.1,38,0.132,-0.074,0.87,-2.8,-0.16,8.0,112.0,-0.9,120.0
C_stop15mid,15,stop,mid,,5.0,long,1.25,0.2,9.0,,2.0,117,0.274,0.032,1.05,3.7,0.08,11.0,-567.0,0.7,38,0.184,-0.103,0.85,-3.9,-0.2,10.8,130.0,-1.3,120.0
C_stop15mid,15,stop,mid,,5.0,long,1.25,0.2,9.0,with,,43,0.395,0.181,1.29,7.8,0.29,9.8,-19.0,1.4,17,0.294,0.029,1.04,0.5,0.04,7.4,80.0,0.2,120.0
C_stop15mid,15,stop,mid,,5.0,long,1.25,0.2,9.0,with,1.0,43,0.302,0.212,1.46,9.1,0.36,6.8,35.0,1.6,17,0.176,0.153,1.41,2.6,0.24,3.1,112.0,0.9,120.0
C_stop15mid,15,stop,mid,,5.0,long,1.25,0.2,9.0,with,2.0,43,0.372,0.186,1.31,8.0,0.3,8.8,1.0,1.4,17,0.294,0.088,1.13,1.5,0.11,6.4,130.0,0.5,120.0
C_stop15mid,15,stop,mid,,5.0,long,1.25,0.2,9.0,against,,74,0.257,0.004,1.01,0.3,0.01,12.5,-438.0,0.1,21,0.095,-0.448,0.51,-9.4,-0.65,10.3,-197.0,-3.1,120.0
C_stop15mid,15,stop,mid,,5.0,long,1.25,0.2,9.0,against,1.0,74,0.162,-0.041,0.92,-3.0,-0.1,14.3,-645.0,-0.5,21,0.095,-0.258,0.65,-5.4,-0.38,7.2,0.0,-1.8,120.0
C_stop15mid,15,stop,mid,,5.0,long,1.25,0.2,9.0,against,2.0,74,0.216,-0.058,0.91,-4.3,-0.12,12.3,-568.0,-0.8,21,0.095,-0.258,0.65,-5.4,-0.38,7.2,0.0,-1.8,120.0
D_stop30atr25,30,stop,atr,0.25,,both,0.0,0.0,0.3,,,413,0.416,0.008,1.02,3.5,0.05,30.2,256.0,0.6,237,0.418,0.12,1.23,28.3,0.74,14.5,2287.0,9.5,120.0
D_stop30atr25,30,stop,atr,0.25,,both,0.0,0.0,0.3,,1.0,413,0.351,0.005,1.01,2.1,0.03,25.8,2.0,0.4,237,0.35,0.107,1.25,25.4,0.73,13.1,2174.0,8.5,120.0
D_stop30atr25,30,stop,atr,0.25,,both,0.0,0.0,0.3,,2.0,413,0.402,0.006,1.01,2.6,0.04,27.8,78.0,0.5,237,0.405,0.119,1.24,28.2,0.75,15.2,2335.0,9.4,120.0
D_stop30atr25,30,stop,atr,0.25,,both,0.0,0.0,0.3,with,,203,0.473,0.117,1.25,23.8,0.53,10.5,1889.0,4.3,122,0.418,0.122,1.24,14.9,0.56,8.5,1333.0,5.0,120.0
D_stop30atr25,30,stop,atr,0.25,,both,0.0,0.0,0.3,with,1.0,203,0.419,0.104,1.25,21.2,0.5,8.9,1819.0,3.8,122,0.361,0.096,1.22,11.8,0.49,9.2,1081.0,3.9,120.0
D_stop30atr25,30,stop,atr,0.25,,both,0.0,0.0,0.3,with,2.0,203,0.458,0.108,1.23,21.9,0.5,8.5,1734.0,3.9,122,0.41,0.114,1.22,13.9,0.53,8.5,1275.0,4.6,120.0
D_stop30atr25,30,stop,atr,0.25,,both,0.0,0.0,0.3,against,,210,0.362,-0.097,0.82,-20.3,-0.41,39.6,-1633.0,-3.6,113,0.425,0.128,1.24,14.5,0.52,13.6,1041.0,4.8,120.0
D_stop30atr25,30,stop,atr,0.25,,both,0.0,0.0,0.3,against,1.0,210,0.286,-0.091,0.81,-19.1,-0.4,39.9,-1817.0,-3.4,113,0.345,0.13,1.32,14.6,0.59,12.6,1180.0,4.9,120.0
D_stop30atr25,30,stop,atr,0.25,,both,0.0,0.0,0.3,against,2.0,210,0.348,-0.092,0.83,-19.3,-0.39,39.6,-1655.0,-3.5,113,0.407,0.136,1.28,15.4,0.57,12.3,1146.0,5.1,120.0
D_stop30atr25,30,stop,atr,0.25,,both,0.0,0.0,0.5,,,1028,0.398,0.032,1.06,33.1,0.29,34.7,1630.0,5.9,604,0.409,0.174,1.31,105.3,1.52,19.2,7274.0,35.2,120.0
D_stop30atr25,30,stop,atr,0.25,,both,0.0,0.0,0.5,,1.0,1028,0.324,0.046,1.1,46.9,0.44,25.9,1680.0,8.4,604,0.318,0.145,1.32,87.3,1.39,14.5,6426.0,29.2,120.0
D_stop30atr25,30,stop,atr,0.25,,both,0.0,0.0,0.5,,2.0,1028,0.384,0.036,1.06,36.9,0.33,35.8,1675.0,6.6,604,0.402,0.179,1.33,108.4,1.58,16.7,7518.0,36.2,120.0
D_stop30atr25,30,stop,atr,0.25,,both,0.0,0.0,0.5,with,,513,0.435,0.082,1.15,41.9,0.55,24.5,2437.0,7.5,302,0.427,0.178,1.33,53.8,1.2,14.9,3760.0,18.0,120.0
D_stop30atr25,30,stop,atr,0.25,,both,0.0,0.0,0.5,with,1.0,513,0.368,0.101,1.22,51.8,0.71,19.9,2726.0,9.3,302,0.358,0.176,1.4,53.1,1.26,12.5,3587.0,17.8,120.0
D_stop30atr25,30,stop,atr,0.25,,both,0.0,0.0,0.5,with,2.0,513,0.421,0.072,1.14,37.2,0.5,24.5,2304.0,6.7,302,0.421,0.177,1.34,53.5,1.2,14.9,3734.0,17.9,120.0
D_stop30atr25,30,stop,atr,0.25,,both,0.0,0.0,0.5,against,,515,0.361,-0.017,0.97,-8.8,-0.1,41.3,-807.0,-1.6,300,0.393,0.175,1.3,52.5,1.0,16.6,3600.0,17.6,120.0
D_stop30atr25,30,stop,atr,0.25,,both,0.0,0.0,0.5,against,1.0,515,0.28,-0.009,0.98,-4.8,-0.06,44.7,-1046.0,-0.9,300,0.28,0.117,1.25,35.2,0.75,12.7,2927.0,11.8,120.0
D_stop30atr25,30,stop,atr,0.25,,both,0.0,0.0,0.5,against,2.0,515,0.348,-0.001,1.0,-0.3,-0.0,34.8,-628.0,-0.1,300,0.387,0.186,1.33,55.9,1.07,14.1,3871.0,18.7,120.0
D_stop30atr25,30,stop,atr,0.25,,both,0.0,0.0,9.0,,,1336,0.379,0.044,1.07,58.4,0.42,29.4,1601.0,10.5,741,0.391,0.149,1.26,110.1,1.42,17.8,7834.0,36.8,120.0
D_stop30atr25,30,stop,atr,0.25,,both,0.0,0.0,9.0,,1.0,1336,0.3,0.05,1.1,66.3,0.52,26.2,1642.0,11.9,741,0.305,0.127,1.27,94.3,1.34,14.6,7058.0,31.5,120.0
D_stop30atr25,30,stop,atr,0.25,,both,0.0,0.0,9.0,,2.0,1336,0.363,0.054,1.09,71.6,0.52,29.6,2042.0,12.8,741,0.383,0.157,1.28,116.0,1.51,19.1,8229.0,38.8,120.0
D_stop30atr25,30,stop,atr,0.25,,both,0.0,0.0,9.0,with,,664,0.413,0.102,1.18,67.6,0.7,28.8,3066.0,12.1,372,0.422,0.195,1.36,72.6,1.41,17.9,5094.0,24.3,120.0
D_stop30atr25,30,stop,atr,0.25,,both,0.0,0.0,9.0,with,1.0,664,0.333,0.09,1.19,59.7,0.7,19.5,2753.0,10.7,372,0.355,0.207,1.47,77.0,1.59,15.6,5252.0,25.7,120.0
D_stop30atr25,30,stop,atr,0.25,,both,0.0,0.0,9.0,with,2.0,664,0.396,0.105,1.19,69.9,0.74,27.5,3207.0,12.5,372,0.417,0.204,1.38,75.8,1.48,17.9,5277.0,25.3,120.0
D_stop30atr25,30,stop,atr,0.25,,both,0.0,0.0,9.0,against,,672,0.345,-0.014,0.98,-9.3,-0.09,37.1,-1466.0,-1.7,367,0.362,0.105,1.17,38.5,0.67,21.1,2826.0,12.9,120.0
D_stop30atr25,30,stop,atr,0.25,,both,0.0,0.0,9.0,against,1.0,672,0.268,0.01,1.02,6.6,0.07,36.5,-1111.0,1.2,367,0.256,0.05,1.1,18.3,0.36,21.7,1894.0,6.1,120.0
D_stop30atr25,30,stop,atr,0.25,,both,0.0,0.0,9.0,against,2.0,672,0.33,0.003,1.0,1.8,0.02,35.9,-1165.0,0.3,367,0.351,0.112,1.19,41.2,0.72,17.6,3038.0,13.8,120.0
D_stop30atr25,30,stop,atr,0.25,,both,0.0,0.1,0.3,,,397,0.406,0.006,1.01,2.5,0.04,30.3,204.0,0.4,225,0.418,0.127,1.24,28.6,0.75,15.0,2348.0,9.6,120.0
D_stop30atr25,30,stop,atr,0.25,,both,0.0,0.1,0.3,,1.0,397,0.338,0.003,1.01,1.2,0.02,26.6,-50.0,0.2,225,0.347,0.114,1.26,25.6,0.74,13.6,2235.0,8.6,120.0
D_stop30atr25,30,stop,atr,0.25,,both,0.0,0.1,0.3,,2.0,397,0.39,0.004,1.01,1.6,0.02,28.6,27.0,0.3,225,0.404,0.127,1.24,28.5,0.76,15.7,2396.0,9.5,120.0
D_stop30atr25,30,stop,atr,0.25,,both,0.0,0.1,0.3,with,,194,0.459,0.118,1.24,22.9,0.51,10.7,1842.0,4.1,116,0.422,0.124,1.23,14.4,0.54,8.7,1317.0,4.8,120.0
D_stop30atr25,30,stop,atr,0.25,,both,0.0,0.1,0.3,with,1.0,194,0.402,0.105,1.24,20.3,0.48,9.2,1773.0,3.6,116,0.362,0.097,1.22,11.3,0.47,9.7,1065.0,3.8,120.0
D_stop30atr25,30,stop,atr,0.25,,both,0.0,0.1,0.3,with,2.0,194,0.443,0.108,1.23,21.0,0.48,8.7,1687.0,3.8,116,0.414,0.116,1.22,13.4,0.51,8.7,1260.0,4.5,120.0
D_stop30atr25,30,stop,atr,0.25,,both,0.0,0.1,0.3,against,,203,0.355,-0.1,0.82,-20.4,-0.41,39.4,-1638.0,-3.7,107,0.421,0.142,1.26,15.2,0.55,13.3,1118.0,5.1,120.0
D_stop30atr25,30,stop,atr,0.25,,both,0.0,0.1,0.3,against,1.0,203,0.276,-0.094,0.81,-19.1,-0.41,39.7,-1822.0,-3.4,107,0.336,0.144,1.34,15.4,0.62,12.2,1257.0,5.1,120.0
D_stop30atr25,30,stop,atr,0.25,,both,0.0,0.1,0.3,against,2.0,203,0.34,-0.095,0.83,-19.4,-0.4,39.3,-1660.0,-3.5,107,0.402,0.15,1.3,16.1,0.6,12.0,1223.0,5.4,120.0
D_stop30atr25,30,stop,atr,0.25,,both,0.0,0.1,0.5,,,1012,0.393,0.032,1.05,32.2,0.28,35.2,1578.0,5.8,592,0.409,0.178,1.31,105.6,1.53,19.2,7335.0,35.3,120.0
D_stop30atr25,30,stop,atr,0.25,,both,0.0,0.1,0.5,,1.0,1012,0.318,0.045,1.09,46.0,0.43,26.5,1628.0,8.2,592,0.316,0.148,1.32,87.6,1.39,14.5,6487.0,29.3,120.0
D_stop30atr25,30,stop,atr,0.25,,both,0.0,0.1,0.5,,2.0,1012,0.379,0.036,1.06,35.9,0.32,36.3,1623.0,6.4,592,0.402,0.184,1.33,108.7,1.59,17.2,7579.0,36.3,120.0
D_stop30atr25,30,stop,atr,0.25,,both,0.0,0.1,0.5,with,,504,0.429,0.081,1.15,41.0,0.53,24.4,2390.0,7.3,296,0.429,0.18,1.33,53.3,1.19,15.2,3745.0,17.8,120.0
D_stop30atr25,30,stop,atr,0.25,,both,0.0,0.1,0.5,with,1.0,504,0.361,0.101,1.21,50.9,0.7,19.8,2679.0,9.1,296,0.358,0.178,1.4,52.6,1.25,12.5,3571.0,17.6,120.0
D_stop30atr25,30,stop,atr,0.25,,both,0.0,0.1,0.5,with,2.0,504,0.415,0.072,1.13,36.3,0.48,24.4,2257.0,6.5,296,0.422,0.179,1.33,53.0,1.19,15.2,3718.0,17.7,120.0
D_stop30atr25,30,stop,atr,0.25,,both,0.0,0.1,0.5,against,,508,0.358,-0.017,0.97,-8.8,-0.1,41.2,-812.0,-1.6,294,0.391,0.181,1.31,53.3,1.01,16.6,3676.0,17.8,120.0
D_stop30atr25,30,stop,atr,0.25,,both,0.0,0.1,0.5,against,1.0,508,0.276,-0.01,0.98,-4.9,-0.06,44.4,-1051.0,-0.9,294,0.276,0.122,1.26,35.9,0.76,12.7,3004.0,12.0,120.0
D_stop30atr25,30,stop,atr,0.25,,both,0.0,0.1,0.5,against,2.0,508,0.344,-0.001,1.0,-0.3,-0.0,34.6,-633.0,-0.1,294,0.384,0.193,1.34,56.7,1.09,14.1,3948.0,18.9,120.0
D_stop30atr25,30,stop,atr,0.25,,both,0.0,0.1,9.0,,,1320,0.375,0.043,1.07,57.4,0.41,29.9,1549.0,10.3,729,0.391,0.151,1.26,110.3,1.43,17.8,7895.0,36.9,120.0
D_stop30atr25,30,stop,atr,0.25,,both,0.0,0.1,9.0,,1.0,1320,0.295,0.049,1.1,65.3,0.51,26.3,1590.0,11.7,729,0.303,0.13,1.27,94.5,1.35,14.4,7119.0,31.6,120.0
D_stop30atr25,30,stop,atr,0.25,,both,0.0,0.1,9.0,,2.0,1320,0.359,0.054,1.09,70.7,0.51,30.2,1990.0,12.7,729,0.383,0.159,1.28,116.2,1.51,19.3,8290.0,38.8,120.0
D_stop30atr25,30,stop,atr,0.25,,both,0.0,0.1,9.0,with,,655,0.408,0.102,1.18,66.7,0.69,28.7,3020.0,12.0,366,0.423,0.197,1.36,72.1,1.4,17.9,5079.0,24.1,120.0
D_stop30atr25,30,stop,atr,0.25,,both,0.0,0.1,9.0,with,1.0,655,0.327,0.09,1.19,58.8,0.69,19.4,2706.0,10.5,366,0.355,0.209,1.46,76.6,1.58,15.6,5237.0,25.6,120.0
D_stop30atr25,30,stop,atr,0.25,,both,0.0,0.1,9.0,with,2.0,655,0.391,0.105,1.19,69.0,0.73,27.3,3160.0,12.4,366,0.418,0.206,1.38,75.3,1.47,17.9,5262.0,25.2,120.0
D_stop30atr25,30,stop,atr,0.25,,both,0.0,0.1,9.0,against,,665,0.343,-0.014,0.98,-9.3,-0.09,37.3,-1471.0,-1.7,361,0.36,0.109,1.18,39.2,0.68,21.1,2902.0,13.1,120.0
D_stop30atr25,30,stop,atr,0.25,,both,0.0,0.1,9.0,against,1.0,665,0.265,0.01,1.02,6.5,0.07,36.3,-1116.0,1.2,361,0.252,0.053,1.11,19.0,0.37,21.8,1970.0,6.3,120.0
D_stop30atr25,30,stop,atr,0.25,,both,0.0,0.1,9.0,against,2.0,665,0.328,0.003,1.0,1.7,0.02,36.1,-1170.0,0.3,361,0.349,0.116,1.19,42.0,0.73,17.6,3114.0,14.0,120.0
D_stop30atr25,30,stop,atr,0.25,,both,0.0,0.2,0.3,,,311,0.399,-0.025,0.96,-7.7,-0.13,42.9,251.0,-1.4,183,0.454,0.231,1.44,42.3,1.16,11.1,3084.0,14.1,120.0
D_stop30atr25,30,stop,atr,0.25,,both,0.0,0.2,0.3,,1.0,311,0.325,-0.023,0.95,-7.1,-0.12,38.3,99.0,-1.3,183,0.366,0.194,1.46,35.5,1.08,10.0,2664.0,11.9,120.0
D_stop30atr25,30,stop,atr,0.25,,both,0.0,0.2,0.3,,2.0,311,0.383,-0.023,0.96,-7.0,-0.12,40.4,133.0,-1.3,183,0.437,0.225,1.45,41.2,1.15,10.9,3066.0,13.8,120.0
D_stop30atr25,30,stop,atr,0.25,,both,0.0,0.2,0.3,with,,153,0.451,0.074,1.14,11.4,0.28,18.4,1399.0,2.0,92,0.467,0.239,1.46,22.0,0.87,8.7,1805.0,7.4,120.0
D_stop30atr25,30,stop,atr,0.25,,both,0.0,0.2,0.3,with,1.0,153,0.392,0.065,1.14,9.9,0.26,17.9,1385.0,1.8,92,0.391,0.176,1.4,16.2,0.71,9.7,1323.0,5.4,120.0
D_stop30atr25,30,stop,atr,0.25,,both,0.0,0.2,0.3,with,2.0,153,0.438,0.072,1.14,11.0,0.28,16.4,1304.0,2.0,92,0.457,0.228,1.44,21.0,0.84,8.7,1748.0,7.0,120.0
D_stop30atr25,30,stop,atr,0.25,,both,0.0,0.2,0.3,against,,158,0.348,-0.12,0.8,-19.0,-0.42,39.5,-1148.0,-3.4,89,0.449,0.239,1.45,21.3,0.81,7.6,1366.0,7.1,120.0
D_stop30atr25,30,stop,atr,0.25,,both,0.0,0.2,0.3,against,1.0,158,0.259,-0.108,0.78,-17.0,-0.4,39.3,-1286.0,-3.1,89,0.348,0.229,1.57,20.3,0.86,8.7,1429.0,6.8,120.0
D_stop30atr25,30,stop,atr,0.25,,both,0.0,0.2,0.3,against,2.0,158,0.329,-0.114,0.8,-18.0,-0.4,39.5,-1170.0,-3.2,89,0.427,0.238,1.48,21.2,0.83,8.5,1405.0,7.1,120.0
D_stop30atr25,30,stop,atr,0.25,,both,0.0,0.2,0.5,,,926,0.39,0.024,1.04,22.0,0.2,31.6,1625.0,3.9,550,0.42,0.217,1.38,119.3,1.76,19.9,8070.0,39.9,120.0
D_stop30atr25,30,stop,atr,0.25,,both,0.0,0.2,0.5,,1.0,926,0.312,0.041,1.08,37.7,0.36,22.3,1777.0,6.8,550,0.32,0.177,1.39,97.5,1.57,14.7,6917.0,32.6,120.0
D_stop30atr25,30,stop,atr,0.25,,both,0.0,0.2,0.5,,2.0,926,0.376,0.029,1.05,27.3,0.25,32.7,1730.0,4.9,550,0.413,0.221,1.4,121.4,1.8,16.4,8249.0,40.6,120.0
D_stop30atr25,30,stop,atr,0.25,,both,0.0,0.2,0.5,with,,463,0.423,0.064,1.11,29.5,0.4,21.8,1946.0,5.3,272,0.445,0.224,1.41,60.9,1.38,11.1,4232.0,20.3,120.0
D_stop30atr25,30,stop,atr,0.25,,both,0.0,0.2,0.5,with,1.0,463,0.354,0.087,1.18,40.5,0.58,17.2,2291.0,7.3,272,0.368,0.212,1.47,57.6,1.4,9.5,3829.0,19.2,120.0
D_stop30atr25,30,stop,atr,0.25,,both,0.0,0.2,0.5,with,2.0,463,0.41,0.057,1.1,26.3,0.36,21.8,1873.0,4.7,272,0.438,0.223,1.42,60.6,1.39,11.1,4206.0,20.2,120.0
D_stop30atr25,30,stop,atr,0.25,,both,0.0,0.2,0.5,against,,463,0.356,-0.016,0.97,-7.5,-0.09,43.2,-322.0,-1.3,276,0.399,0.215,1.36,59.4,1.14,16.9,3924.0,19.9,120.0
D_stop30atr25,30,stop,atr,0.25,,both,0.0,0.2,0.5,against,1.0,463,0.27,-0.006,0.99,-2.8,-0.04,45.1,-514.0,-0.5,276,0.275,0.148,1.31,40.9,0.88,13.0,3176.0,13.7,120.0
D_stop30atr25,30,stop,atr,0.25,,both,0.0,0.2,0.5,against,2.0,463,0.341,0.002,1.0,1.0,0.01,36.6,-143.0,0.2,276,0.391,0.224,1.39,61.8,1.2,14.4,4130.0,20.7,120.0
D_stop30atr25,30,stop,atr,0.25,,both,0.0,0.2,9.0,,,1234,0.371,0.038,1.06,47.2,0.34,29.9,1596.0,8.5,687,0.399,0.181,1.31,124.1,1.62,17.8,8630.0,41.5,120.0
D_stop30atr25,30,stop,atr,0.25,,both,0.0,0.2,9.0,,1.0,1234,0.289,0.046,1.09,57.0,0.46,24.9,1739.0,10.2,687,0.306,0.152,1.32,104.5,1.51,14.2,7549.0,34.9,120.0
D_stop30atr25,30,stop,atr,0.25,,both,0.0,0.2,9.0,,2.0,1234,0.355,0.05,1.09,62.0,0.46,26.4,2097.0,11.1,687,0.39,0.188,1.33,129.0,1.7,16.7,8959.0,43.1,120.0
D_stop30atr25,30,stop,atr,0.25,,both,0.0,0.2,9.0,with,,614,0.402,0.09,1.15,55.2,0.58,29.2,2576.0,9.9,342,0.436,0.233,1.42,79.7,1.57,13.8,5566.0,26.6,120.0
D_stop30atr25,30,stop,atr,0.25,,both,0.0,0.2,9.0,with,1.0,614,0.319,0.079,1.16,48.4,0.58,20.3,2318.0,8.7,342,0.363,0.238,1.53,81.5,1.7,12.5,5494.0,27.2,120.0
D_stop30atr25,30,stop,atr,0.25,,both,0.0,0.2,9.0,with,2.0,614,0.386,0.096,1.17,59.0,0.64,27.2,2777.0,10.6,342,0.43,0.242,1.45,82.9,1.64,13.8,5750.0,27.7,120.0
D_stop30atr25,30,stop,atr,0.25,,both,0.0,0.2,9.0,against,,620,0.34,-0.013,0.98,-8.0,-0.08,36.8,-980.0,-1.4,343,0.364,0.132,1.21,45.4,0.79,21.4,3150.0,15.2,120.0
D_stop30atr25,30,stop,atr,0.25,,both,0.0,0.2,9.0,against,1.0,620,0.26,0.014,1.03,8.6,0.09,36.9,-579.0,1.5,343,0.251,0.07,1.14,24.0,0.48,18.0,2142.0,8.0,120.0
D_stop30atr25,30,stop,atr,0.25,,both,0.0,0.2,9.0,against,2.0,620,0.324,0.005,1.01,3.1,0.03,35.6,-680.0,0.6,343,0.353,0.137,1.23,47.1,0.83,18.0,3296.0,15.7,120.0
D_stop30atr25,30,stop,atr,0.25,,both,1.0,0.0,0.3,,,60,0.417,-0.107,0.81,-6.4,-0.3,12.3,111.0,-1.2,47,0.532,0.564,2.23,26.5,1.3,3.1,1768.0,8.9,120.0
D_stop30atr25,30,stop,atr,0.25,,both,1.0,0.0,0.3,,1.0,60,0.317,-0.111,0.77,-6.7,-0.34,14.4,18.0,-1.2,47,0.383,0.348,2.06,16.4,1.01,3.1,949.0,5.5,120.0
D_stop30atr25,30,stop,atr,0.25,,both,1.0,0.0,0.3,,2.0,60,0.383,-0.121,0.78,-7.3,-0.35,14.1,70.0,-1.3,47,0.511,0.524,2.15,24.6,1.23,3.1,1663.0,8.2,120.0
D_stop30atr25,30,stop,atr,0.25,,both,1.0,0.0,0.3,with,,32,0.469,0.018,1.04,0.6,0.04,5.9,250.0,0.1,24,0.625,0.738,2.94,17.7,1.21,2.0,1309.0,5.9,120.0
D_stop30atr25,30,stop,atr,0.25,,both,1.0,0.0,0.3,with,1.0,32,0.438,0.053,1.12,1.7,0.11,4.7,309.0,0.3,24,0.417,0.461,2.78,11.1,0.94,2.1,711.0,3.7,120.0
D_stop30atr25,30,stop,atr,0.25,,both,1.0,0.0,0.3,with,2.0,32,0.469,0.018,1.04,0.6,0.04,5.9,250.0,0.1,24,0.583,0.654,2.71,15.7,1.11,2.0,1195.0,5.2,120.0
D_stop30atr25,30,stop,atr,0.25,,both,1.0,0.0,0.3,against,,28,0.357,-0.251,0.59,-7.0,-0.5,11.1,-139.0,-1.3,23,0.435,0.381,1.71,8.8,0.62,3.2,459.0,2.9,120.0
D_stop30atr25,30,stop,atr,0.25,,both,1.0,0.0,0.3,against,1.0,28,0.179,-0.298,0.43,-8.4,-0.67,13.1,-291.0,-1.5,23,0.348,0.231,1.57,5.3,0.48,4.1,238.0,1.8,120.0
D_stop30atr25,30,stop,atr,0.25,,both,1.0,0.0,0.3,against,2.0,28,0.286,-0.28,0.51,-7.8,-0.59,12.5,-180.0,-1.4,23,0.435,0.388,1.73,8.9,0.63,3.1,468.0,3.0,120.0
D_stop30atr25,30,stop,atr,0.25,,both,1.0,0.0,0.5,,,365,0.373,-0.006,0.99,-2.1,-0.03,29.3,551.0,-0.4,256,0.367,0.109,1.17,27.9,0.58,25.4,1389.0,9.3,120.0
D_stop30atr25,30,stop,atr,0.25,,both,1.0,0.0,0.5,,1.0,365,0.282,0.022,1.04,8.0,0.12,22.7,764.0,1.4,256,0.266,0.086,1.17,22.0,0.5,19.4,1002.0,7.4,120.0
D_stop30atr25,30,stop,atr,0.25,,both,1.0,0.0,0.5,,2.0,365,0.353,0.001,1.0,0.3,0.0,30.3,676.0,0.0,256,0.363,0.119,1.19,30.5,0.64,22.9,1549.0,10.2,120.0
D_stop30atr25,30,stop,atr,0.25,,both,1.0,0.0,0.5,with,,193,0.399,0.038,1.06,7.4,0.15,15.8,472.0,1.3,126,0.389,0.065,1.11,8.2,0.27,15.9,306.0,2.7,120.0
D_stop30atr25,30,stop,atr,0.25,,both,1.0,0.0,0.5,with,1.0,193,0.311,0.054,1.11,10.5,0.23,11.5,598.0,1.9,126,0.294,0.057,1.11,7.1,0.26,11.7,9.0,2.4,120.0
D_stop30atr25,30,stop,atr,0.25,,both,1.0,0.0,0.5,with,2.0,193,0.389,0.02,1.03,3.9,0.08,15.8,454.0,0.7,126,0.381,0.065,1.11,8.2,0.28,14.9,290.0,2.7,120.0
D_stop30atr25,30,stop,atr,0.25,,both,1.0,0.0,0.5,against,,172,0.343,-0.055,0.92,-9.5,-0.19,28.2,78.0,-1.7,130,0.346,0.151,1.23,19.6,0.53,11.1,1084.0,6.6,120.0
D_stop30atr25,30,stop,atr,0.25,,both,1.0,0.0,0.5,against,1.0,172,0.25,-0.015,0.97,-2.5,-0.06,24.4,165.0,-0.5,130,0.238,0.114,1.23,14.8,0.44,12.7,993.0,5.0,120.0
D_stop30atr25,30,stop,atr,0.25,,both,1.0,0.0,0.5,against,2.0,172,0.314,-0.021,0.97,-3.6,-0.07,24.7,222.0,-0.6,130,0.346,0.171,1.27,22.3,0.6,11.1,1259.0,7.4,120.0
D_stop30atr25,30,stop,atr,0.25,,both,1.0,0.0,9.0,,,635,0.343,0.019,1.03,12.2,0.12,27.1,569.0,2.2,376,0.351,0.103,1.16,38.7,0.66,20.4,2289.0,12.9,120.0
D_stop30atr25,30,stop,atr,0.25,,both,1.0,0.0,9.0,,1.0,635,0.252,0.033,1.06,20.9,0.23,31.1,937.0,3.8,376,0.261,0.089,1.18,33.4,0.63,20.7,1889.0,11.2,120.0
D_stop30atr25,30,stop,atr,0.25,,both,1.0,0.0,9.0,,2.0,635,0.321,0.035,1.06,22.1,0.22,26.7,1019.0,4.0,376,0.346,0.119,1.19,44.7,0.77,19.8,2669.0,14.9,120.0
D_stop30atr25,30,stop,atr,0.25,,both,1.0,0.0,9.0,with,,328,0.366,0.066,1.1,21.7,0.29,23.1,678.0,3.9,189,0.397,0.156,1.26,29.5,0.76,14.3,1777.0,9.8,120.0
D_stop30atr25,30,stop,atr,0.25,,both,1.0,0.0,9.0,with,1.0,328,0.268,0.044,1.09,14.5,0.23,20.9,611.0,2.6,189,0.312,0.177,1.38,33.5,0.92,13.4,1812.0,11.2,120.0
D_stop30atr25,30,stop,atr,0.25,,both,1.0,0.0,9.0,with,2.0,328,0.348,0.074,1.12,24.1,0.33,23.9,918.0,4.3,189,0.392,0.174,1.31,32.9,0.85,14.3,1971.0,11.0,120.0
D_stop30atr25,30,stop,atr,0.25,,both,1.0,0.0,9.0,against,,307,0.319,-0.031,0.96,-9.5,-0.13,33.6,-109.0,-1.7,187,0.305,0.05,1.07,9.3,0.21,17.4,512.0,3.1,120.0
D_stop30atr25,30,stop,atr,0.25,,both,1.0,0.0,9.0,against,1.0,307,0.235,0.021,1.04,6.4,0.1,26.9,326.0,1.1,187,0.209,-0.001,1.0,-0.1,-0.0,18.0,77.0,-0.0,120.0
D_stop30atr25,30,stop,atr,0.25,,both,1.0,0.0,9.0,against,2.0,307,0.293,-0.007,0.99,-2.0,-0.03,31.1,100.0,-0.4,187,0.299,0.063,1.1,11.8,0.27,17.4,698.0,3.9,120.0
D_stop30atr25,30,stop,atr,0.25,,both,1.0,0.1,0.3,,,60,0.417,-0.107,0.81,-6.4,-0.3,12.3,111.0,-1.2,47,0.532,0.564,2.23,26.5,1.3,3.1,1768.0,8.9,120.0
D_stop30atr25,30,stop,atr,0.25,,both,1.0,0.1,0.3,,1.0,60,0.317,-0.111,0.77,-6.7,-0.34,14.4,18.0,-1.2,47,0.383,0.348,2.06,16.4,1.01,3.1,949.0,5.5,120.0
D_stop30atr25,30,stop,atr,0.25,,both,1.0,0.1,0.3,,2.0,60,0.383,-0.121,0.78,-7.3,-0.35,14.1,70.0,-1.3,47,0.511,0.524,2.15,24.6,1.23,3.1,1663.0,8.2,120.0
D_stop30atr25,30,stop,atr,0.25,,both,1.0,0.1,0.3,with,,32,0.469,0.018,1.04,0.6,0.04,5.9,250.0,0.1,24,0.625,0.738,2.94,17.7,1.21,2.0,1309.0,5.9,120.0
D_stop30atr25,30,stop,atr,0.25,,both,1.0,0.1,0.3,with,1.0,32,0.438,0.053,1.12,1.7,0.11,4.7,309.0,0.3,24,0.417,0.461,2.78,11.1,0.94,2.1,711.0,3.7,120.0
D_stop30atr25,30,stop,atr,0.25,,both,1.0,0.1,0.3,with,2.0,32,0.469,0.018,1.04,0.6,0.04,5.9,250.0,0.1,24,0.583,0.654,2.71,15.7,1.11,2.0,1195.0,5.2,120.0
D_stop30atr25,30,stop,atr,0.25,,both,1.0,0.1,0.3,against,,28,0.357,-0.251,0.59,-7.0,-0.5,11.1,-139.0,-1.3,23,0.435,0.381,1.71,8.8,0.62,3.2,459.0,2.9,120.0
D_stop30atr25,30,stop,atr,0.25,,both,1.0,0.1,0.3,against,1.0,28,0.179,-0.298,0.43,-8.4,-0.67,13.1,-291.0,-1.5,23,0.348,0.231,1.57,5.3,0.48,4.1,238.0,1.8,120.0
D_stop30atr25,30,stop,atr,0.25,,both,1.0,0.1,0.3,against,2.0,28,0.286,-0.28,0.51,-7.8,-0.59,12.5,-180.0,-1.4,23,0.435,0.388,1.73,8.9,0.63,3.1,468.0,3.0,120.0
D_stop30atr25,30,stop,atr,0.25,,both,1.0,0.1,0.5,,,365,0.373,-0.006,0.99,-2.1,-0.03,29.3,551.0,-0.4,256,0.367,0.109,1.17,27.9,0.58,25.4,1389.0,9.3,120.0
D_stop30atr25,30,stop,atr,0.25,,both,1.0,0.1,0.5,,1.0,365,0.282,0.022,1.04,8.0,0.12,22.7,764.0,1.4,256,0.266,0.086,1.17,22.0,0.5,19.4,1002.0,7.4,120.0
D_stop30atr25,30,stop,atr,0.25,,both,1.0,0.1,0.5,,2.0,365,0.353,0.001,1.0,0.3,0.0,30.3,676.0,0.0,256,0.363,0.119,1.19,30.5,0.64,22.9,1549.0,10.2,120.0
D_stop30atr25,30,stop,atr,0.25,,both,1.0,0.1,0.5,with,,193,0.399,0.038,1.06,7.4,0.15,15.8,472.0,1.3,126,0.389,0.065,1.11,8.2,0.27,15.9,306.0,2.7,120.0
D_stop30atr25,30,stop,atr,0.25,,both,1.0,0.1,0.5,with,1.0,193,0.311,0.054,1.11,10.5,0.23,11.5,598.0,1.9,126,0.294,0.057,1.11,7.1,0.26,11.7,9.0,2.4,120.0
D_stop30atr25,30,stop,atr,0.25,,both,1.0,0.1,0.5,with,2.0,193,0.389,0.02,1.03,3.9,0.08,15.8,454.0,0.7,126,0.381,0.065,1.11,8.2,0.28,14.9,290.0,2.7,120.0
D_stop30atr25,30,stop,atr,0.25,,both,1.0,0.1,0.5,against,,172,0.343,-0.055,0.92,-9.5,-0.19,28.2,78.0,-1.7,130,0.346,0.151,1.23,19.6,0.53,11.1,1084.0,6.6,120.0
D_stop30atr25,30,stop,atr,0.25,,both,1.0,0.1,0.5,against,1.0,172,0.25,-0.015,0.97,-2.5,-0.06,24.4,165.0,-0.5,130,0.238,0.114,1.23,14.8,0.44,12.7,993.0,5.0,120.0
D_stop30atr25,30,stop,atr,0.25,,both,1.0,0.1,0.5,against,2.0,172,0.314,-0.021,0.97,-3.6,-0.07,24.7,222.0,-0.6,130,0.346,0.171,1.27,22.3,0.6,11.1,1259.0,7.4,120.0
D_stop30atr25,30,stop,atr,0.25,,both,1.0,0.1,9.0,,,635,0.343,0.019,1.03,12.2,0.12,27.1,569.0,2.2,376,0.351,0.103,1.16,38.7,0.66,20.4,2289.0,12.9,120.0
D_stop30atr25,30,stop,atr,0.25,,both,1.0,0.1,9.0,,1.0,635,0.252,0.033,1.06,20.9,0.23,31.1,937.0,3.8,376,0.261,0.089,1.18,33.4,0.63,20.7,1889.0,11.2,120.0
D_stop30atr25,30,stop,atr,0.25,,both,1.0,0.1,9.0,,2.0,635,0.321,0.035,1.06,22.1,0.22,26.7,1019.0,4.0,376,0.346,0.119,1.19,44.7,0.77,19.8,2669.0,14.9,120.0
D_stop30atr25,30,stop,atr,0.25,,both,1.0,0.1,9.0,with,,328,0.366,0.066,1.1,21.7,0.29,23.1,678.0,3.9,189,0.397,0.156,1.26,29.5,0.76,14.3,1777.0,9.8,120.0
D_stop30atr25,30,stop,atr,0.25,,both,1.0,0.1,9.0,with,1.0,328,0.268,0.044,1.09,14.5,0.23,20.9,611.0,2.6,189,0.312,0.177,1.38,33.5,0.92,13.4,1812.0,11.2,120.0
D_stop30atr25,30,stop,atr,0.25,,both,1.0,0.1,9.0,with,2.0,328,0.348,0.074,1.12,24.1,0.33,23.9,918.0,4.3,189,0.392,0.174,1.31,32.9,0.85,14.3,1971.0,11.0,120.0
D_stop30atr25,30,stop,atr,0.25,,both,1.0,0.1,9.0,against,,307,0.319,-0.031,0.96,-9.5,-0.13,33.6,-109.0,-1.7,187,0.305,0.05,1.07,9.3,0.21,17.4,512.0,3.1,120.0
D_stop30atr25,30,stop,atr,0.25,,both,1.0,0.1,9.0,against,1.0,307,0.235,0.021,1.04,6.4,0.1,26.9,326.0,1.1,187,0.209,-0.001,1.0,-0.1,-0.0,18.0,77.0,-0.0,120.0
D_stop30atr25,30,stop,atr,0.25,,both,1.0,0.1,9.0,against,2.0,307,0.293,-0.007,0.99,-2.0,-0.03,31.1,100.0,-0.4,187,0.299,0.063,1.1,11.8,0.27,17.4,698.0,3.9,120.0
D_stop30atr25,30,stop,atr,0.25,,both,1.0,0.2,0.3,,,59,0.424,-0.092,0.83,-5.4,-0.26,11.2,186.0,-1.0,44,0.568,0.671,2.6,29.5,1.47,3.0,1943.0,9.9,120.0
D_stop30atr25,30,stop,atr,0.25,,both,1.0,0.2,0.3,,1.0,59,0.322,-0.096,0.8,-5.7,-0.29,13.4,93.0,-1.0,44,0.409,0.419,2.38,18.4,1.15,3.1,1056.0,6.2,120.0
D_stop30atr25,30,stop,atr,0.25,,both,1.0,0.2,0.3,,2.0,59,0.39,-0.106,0.8,-6.2,-0.3,13.1,145.0,-1.1,44,0.545,0.629,2.51,27.7,1.4,3.0,1838.0,9.2,120.0
D_stop30atr25,30,stop,atr,0.25,,both,1.0,0.2,0.3,with,,32,0.469,0.018,1.04,0.6,0.04,5.9,250.0,0.1,22,0.682,0.898,3.78,19.7,1.37,2.0,1435.0,6.6,120.0
D_stop30atr25,30,stop,atr,0.25,,both,1.0,0.2,0.3,with,1.0,32,0.438,0.053,1.12,1.7,0.11,4.7,309.0,0.3,22,0.455,0.55,3.34,12.1,1.04,2.0,768.0,4.0,120.0
D_stop30atr25,30,stop,atr,0.25,,both,1.0,0.2,0.3,with,2.0,32,0.469,0.018,1.04,0.6,0.04,5.9,250.0,0.1,22,0.636,0.806,3.48,17.7,1.27,2.0,1321.0,5.9,120.0
D_stop30atr25,30,stop,atr,0.25,,both,1.0,0.2,0.3,against,,27,0.37,-0.222,0.63,-6.0,-0.44,10.1,-64.0,-1.1,22,0.455,0.445,1.86,9.8,0.69,3.2,508.0,3.3,120.0
D_stop30atr25,30,stop,atr,0.25,,both,1.0,0.2,0.3,against,1.0,27,0.185,-0.272,0.46,-7.3,-0.6,12.0,-216.0,-1.3,22,0.364,0.287,1.77,6.3,0.57,4.1,287.0,2.1,120.0
D_stop30atr25,30,stop,atr,0.25,,both,1.0,0.2,0.3,against,2.0,27,0.296,-0.253,0.55,-6.8,-0.52,11.5,-105.0,-1.2,22,0.455,0.452,1.89,9.9,0.7,3.1,517.0,3.3,120.0
D_stop30atr25,30,stop,atr,0.25,,both,1.0,0.2,0.5,,,364,0.374,-0.003,1.0,-1.1,-0.02,29.3,626.0,-0.2,253,0.372,0.122,1.2,30.9,0.65,25.4,1565.0,10.3,120.0
D_stop30atr25,30,stop,atr,0.25,,both,1.0,0.2,0.5,,1.0,364,0.283,0.025,1.05,9.0,0.14,22.7,839.0,1.6,253,0.269,0.095,1.19,24.0,0.55,19.4,1109.0,8.0,120.0
D_stop30atr25,30,stop,atr,0.25,,both,1.0,0.2,0.5,,2.0,364,0.354,0.004,1.01,1.3,0.02,30.3,751.0,0.2,253,0.368,0.133,1.22,33.5,0.71,22.9,1725.0,11.2,120.0
D_stop30atr25,30,stop,atr,0.25,,both,1.0,0.2,0.5,with,,193,0.399,0.038,1.06,7.4,0.15,15.8,472.0,1.3,124,0.395,0.083,1.14,10.3,0.34,15.9,432.0,3.4,120.0
D_stop30atr25,30,stop,atr,0.25,,both,1.0,0.2,0.5,with,1.0,193,0.311,0.054,1.11,10.5,0.23,11.5,598.0,1.9,124,0.298,0.066,1.13,8.2,0.3,11.7,67.0,2.7,120.0
D_stop30atr25,30,stop,atr,0.25,,both,1.0,0.2,0.5,with,2.0,193,0.389,0.02,1.03,3.9,0.08,15.8,454.0,0.7,124,0.387,0.082,1.14,10.2,0.35,14.9,416.0,3.4,120.0
D_stop30atr25,30,stop,atr,0.25,,both,1.0,0.2,0.5,against,,171,0.345,-0.05,0.92,-8.5,-0.17,28.1,153.0,-1.5,129,0.349,0.16,1.25,20.7,0.55,11.1,1133.0,6.9,120.0
D_stop30atr25,30,stop,atr,0.25,,both,1.0,0.2,0.5,against,1.0,171,0.251,-0.009,0.98,-1.5,-0.03,23.4,241.0,-0.3,129,0.24,0.123,1.25,15.9,0.47,12.7,1042.0,5.3,120.0
D_stop30atr25,30,stop,atr,0.25,,both,1.0,0.2,0.5,against,2.0,171,0.316,-0.015,0.97,-2.6,-0.05,24.7,297.0,-0.5,129,0.349,0.181,1.29,23.3,0.63,11.1,1309.0,7.8,120.0
D_stop30atr25,30,stop,atr,0.25,,both,1.0,0.2,9.0,,,634,0.344,0.021,1.03,13.2,0.13,27.1,644.0,2.4,373,0.354,0.112,1.18,41.8,0.71,20.4,2465.0,14.0,120.0
D_stop30atr25,30,stop,atr,0.25,,both,1.0,0.2,9.0,,1.0,634,0.252,0.035,1.07,22.0,0.24,31.1,1012.0,3.9,373,0.263,0.095,1.19,35.5,0.67,20.7,1996.0,11.9,120.0
D_stop30atr25,30,stop,atr,0.25,,both,1.0,0.2,9.0,,2.0,634,0.322,0.036,1.06,23.1,0.23,26.7,1094.0,4.1,373,0.349,0.128,1.21,47.8,0.82,18.7,2844.0,16.0,120.0
D_stop30atr25,30,stop,atr,0.25,,both,1.0,0.2,9.0,with,,328,0.366,0.066,1.1,21.7,0.29,23.1,678.0,3.9,187,0.401,0.168,1.28,31.5,0.81,13.3,1903.0,10.5,120.0
D_stop30atr25,30,stop,atr,0.25,,both,1.0,0.2,9.0,with,1.0,328,0.268,0.044,1.09,14.5,0.23,20.9,611.0,2.6,187,0.316,0.185,1.39,34.5,0.95,13.3,1870.0,11.5,120.0
D_stop30atr25,30,stop,atr,0.25,,both,1.0,0.2,9.0,with,2.0,328,0.348,0.074,1.12,24.1,0.33,23.9,918.0,4.3,187,0.396,0.187,1.33,35.0,0.91,13.3,2097.0,11.7,120.0
D_stop30atr25,30,stop,atr,0.25,,both,1.0,0.2,9.0,against,,306,0.32,-0.028,0.96,-8.5,-0.12,33.6,-34.0,-1.5,186,0.306,0.055,1.08,10.3,0.23,17.4,561.0,3.4,120.0
D_stop30atr25,30,stop,atr,0.25,,both,1.0,0.2,9.0,against,1.0,306,0.235,0.024,1.05,7.4,0.11,26.9,401.0,1.3,186,0.21,0.005,1.01,0.9,0.02,18.0,126.0,0.3,120.0
D_stop30atr25,30,stop,atr,0.25,,both,1.0,0.2,9.0,against,2.0,306,0.294,-0.003,0.99,-1.0,-0.01,31.1,175.0,-0.2,186,0.301,0.069,1.1,12.8,0.29,17.4,747.0,4.3,120.0
D_stop30atr25,30,stop,atr,0.25,,both,1.25,0.0,0.3,,,3,0.0,-1.033,0.0,-3.1,-0.73,3.1,-97.0,-0.6,4,1.0,2.623,inf,10.5,1.11,0.0,674.0,3.5,120.0
D_stop30atr25,30,stop,atr,0.25,,both,1.25,0.0,0.3,,1.0,3,0.0,-0.7,0.0,-2.1,-0.6,2.1,-69.0,-0.4,4,0.5,1.498,216.98,6.0,0.79,0.0,350.0,2.0,120.0
D_stop30atr25,30,stop,atr,0.25,,both,1.25,0.0,0.3,,2.0,3,0.0,-0.7,0.0,-2.1,-0.6,2.1,-69.0,-0.4,4,1.0,2.623,inf,10.5,1.11,0.0,674.0,3.5,120.0
D_stop30atr25,30,stop,atr,0.25,,both,1.25,0.0,0.3,with,,1,0.0,-1.025,0.0,-1.0,-0.42,1.0,-41.0,-0.2,2,1.0,2.66,inf,5.3,0.77,0.0,329.0,1.8,120.0
D_stop30atr25,30,stop,atr,0.25,,both,1.25,0.0,0.3,with,1.0,1,0.0,-1.025,0.0,-1.0,-0.42,1.0,-41.0,-0.2,2,0.5,1.772,324.97,3.5,0.57,0.0,166.0,1.2,120.0
D_stop30atr25,30,stop,atr,0.25,,both,1.25,0.0,0.3,with,2.0,1,0.0,-1.025,0.0,-1.0,-0.42,1.0,-41.0,-0.2,2,1.0,2.66,inf,5.3,0.77,0.0,329.0,1.8,120.0
D_stop30atr25,30,stop,atr,0.25,,both,1.25,0.0,0.3,against,,2,0.0,-1.038,0.0,-2.1,-0.59,2.1,-55.0,-0.4,2,1.0,2.586,inf,5.2,0.81,0.0,345.0,1.7,120.0
D_stop30atr25,30,stop,atr,0.25,,both,1.25,0.0,0.3,against,1.0,2,0.0,-0.538,0.0,-1.1,-0.43,1.1,-28.0,-0.2,2,0.5,1.225,146.71,2.4,0.57,0.0,183.0,0.8,120.0
D_stop30atr25,30,stop,atr,0.25,,both,1.25,0.0,0.3,against,2.0,2,0.0,-0.538,0.0,-1.1,-0.43,1.1,-28.0,-0.2,2,1.0,2.586,inf,5.2,0.81,0.0,345.0,1.7,120.0
D_stop30atr25,30,stop,atr,0.25,,both,1.25,0.0,0.5,,,57,0.316,0.042,1.06,2.4,0.07,8.0,36.0,0.4,33,0.485,0.823,2.57,27.1,1.11,4.7,1733.0,9.1,120.0
D_stop30atr25,30,stop,atr,0.25,,both,1.25,0.0,0.5,,1.0,57,0.211,-0.078,0.86,-4.5,-0.16,10.2,-177.0,-0.8,33,0.364,0.703,2.74,23.2,1.0,2.7,1433.0,7.8,120.0
D_stop30atr25,30,stop,atr,0.25,,both,1.25,0.0,0.5,,2.0,57,0.281,-0.026,0.96,-1.5,-0.05,8.5,0.0,-0.3,33,0.485,0.883,2.91,29.1,1.19,3.7,1845.0,9.7,120.0
D_stop30atr25,30,stop,atr,0.25,,both,1.25,0.0,0.5,with,,31,0.355,0.017,1.02,0.5,0.02,6.3,-35.0,0.1,12,0.5,0.661,2.3,7.9,0.69,2.0,491.0,2.7,120.0
D_stop30atr25,30,stop,atr,0.25,,both,1.25,0.0,0.5,with,1.0,31,0.258,-0.126,0.79,-3.9,-0.22,8.8,-103.0,-0.7,12,0.417,0.68,2.98,8.2,0.76,2.0,461.0,2.7,120.0
D_stop30atr25,30,stop,atr,0.25,,both,1.25,0.0,0.5,with,2.0,31,0.29,-0.179,0.74,-5.6,-0.3,8.5,-124.0,-1.0,12,0.5,0.744,2.75,8.9,0.79,2.0,550.0,3.0,120.0
D_stop30atr25,30,stop,atr,0.25,,both,1.25,0.0,0.5,against,,26,0.269,0.072,1.11,1.9,0.08,5.6,71.0,0.3,21,0.476,0.915,2.72,19.2,0.89,4.1,1242.0,6.4,120.0
D_stop30atr25,30,stop,atr,0.25,,both,1.25,0.0,0.5,against,1.0,26,0.154,-0.022,0.96,-0.6,-0.03,7.4,-73.0,-0.1,21,0.333,0.716,2.63,15.0,0.73,2.1,972.0,5.0,120.0
D_stop30atr25,30,stop,atr,0.25,,both,1.25,0.0,0.5,against,2.0,26,0.269,0.156,1.27,4.1,0.17,5.4,124.0,0.7,21,0.476,0.962,2.98,20.2,0.93,3.1,1295.0,6.8,120.0
D_stop30atr25,30,stop,atr,0.25,,both,1.25,0.0,9.0,,,223,0.3,0.106,1.15,23.7,0.32,16.1,-78.0,4.2,94,0.372,0.344,1.55,32.3,0.91,8.7,2217.0,10.8,120.0
D_stop30atr25,30,stop,atr,0.25,,both,1.25,0.0,9.0,,1.0,223,0.188,0.026,1.05,5.8,0.09,23.3,-337.0,1.0,94,0.298,0.31,1.62,29.2,0.9,7.1,1761.0,9.8,120.0
D_stop30atr25,30,stop,atr,0.25,,both,1.25,0.0,9.0,,2.0,223,0.265,0.101,1.16,22.5,0.32,18.3,48.0,4.0,94,0.372,0.388,1.66,36.5,1.03,8.7,2460.0,12.2,120.0
D_stop30atr25,30,stop,atr,0.25,,both,1.25,0.0,9.0,with,,116,0.293,0.056,1.08,6.5,0.12,22.8,-378.0,1.2,44,0.409,0.313,1.52,13.8,0.67,6.1,833.0,4.6,120.0
D_stop30atr25,30,stop,atr,0.25,,both,1.25,0.0,9.0,with,1.0,116,0.181,-0.077,0.87,-8.9,-0.21,24.4,-556.0,-1.6,44,0.341,0.411,1.93,18.1,0.92,6.1,1073.0,6.0,120.0
D_stop30atr25,30,stop,atr,0.25,,both,1.25,0.0,9.0,with,2.0,116,0.25,0.032,1.05,3.8,0.07,21.8,-294.0,0.7,44,0.409,0.358,1.64,15.8,0.77,6.1,966.0,5.3,120.0
D_stop30atr25,30,stop,atr,0.25,,both,1.25,0.0,9.0,against,,107,0.308,0.16,1.23,17.2,0.34,9.5,300.0,3.1,50,0.34,0.371,1.57,18.6,0.64,9.2,1383.0,6.2,120.0
D_stop30atr25,30,stop,atr,0.25,,both,1.25,0.0,9.0,against,1.0,107,0.196,0.137,1.27,14.7,0.32,8.0,219.0,2.6,50,0.26,0.222,1.4,11.1,0.43,7.8,688.0,3.7,120.0
D_stop30atr25,30,stop,atr,0.25,,both,1.25,0.0,9.0,against,2.0,107,0.28,0.175,1.28,18.7,0.38,8.1,342.0,3.4,50,0.34,0.414,1.68,20.7,0.72,8.1,1494.0,6.9,120.0
D_stop30atr25,30,stop,atr,0.25,,both,1.25,0.1,0.3,,,3,0.0,-1.033,0.0,-3.1,-0.73,3.1,-97.0,-0.6,4,1.0,2.623,inf,10.5,1.11,0.0,674.0,3.5,120.0
D_stop30atr25,30,stop,atr,0.25,,both,1.25,0.1,0.3,,1.0,3,0.0,-0.7,0.0,-2.1,-0.6,2.1,-69.0,-0.4,4,0.5,1.498,216.98,6.0,0.79,0.0,350.0,2.0,120.0
D_stop30atr25,30,stop,atr,0.25,,both,1.25,0.1,0.3,,2.0,3,0.0,-0.7,0.0,-2.1,-0.6,2.1,-69.0,-0.4,4,1.0,2.623,inf,10.5,1.11,0.0,674.0,3.5,120.0
D_stop30atr25,30,stop,atr,0.25,,both,1.25,0.1,0.3,with,,1,0.0,-1.025,0.0,-1.0,-0.42,1.0,-41.0,-0.2,2,1.0,2.66,inf,5.3,0.77,0.0,329.0,1.8,120.0
D_stop30atr25,30,stop,atr,0.25,,both,1.25,0.1,0.3,with,1.0,1,0.0,-1.025,0.0,-1.0,-0.42,1.0,-41.0,-0.2,2,0.5,1.772,324.97,3.5,0.57,0.0,166.0,1.2,120.0
D_stop30atr25,30,stop,atr,0.25,,both,1.25,0.1,0.3,with,2.0,1,0.0,-1.025,0.0,-1.0,-0.42,1.0,-41.0,-0.2,2,1.0,2.66,inf,5.3,0.77,0.0,329.0,1.8,120.0
D_stop30atr25,30,stop,atr,0.25,,both,1.25,0.1,0.3,against,,2,0.0,-1.038,0.0,-2.1,-0.59,2.1,-55.0,-0.4,2,1.0,2.586,inf,5.2,0.81,0.0,345.0,1.7,120.0
D_stop30atr25,30,stop,atr,0.25,,both,1.25,0.1,0.3,against,1.0,2,0.0,-0.538,0.0,-1.1,-0.43,1.1,-28.0,-0.2,2,0.5,1.225,146.71,2.4,0.57,0.0,183.0,0.8,120.0
D_stop30atr25,30,stop,atr,0.25,,both,1.25,0.1,0.3,against,2.0,2,0.0,-0.538,0.0,-1.1,-0.43,1.1,-28.0,-0.2,2,1.0,2.586,inf,5.2,0.81,0.0,345.0,1.7,120.0
D_stop30atr25,30,stop,atr,0.25,,both,1.25,0.1,0.5,,,57,0.316,0.042,1.06,2.4,0.07,8.0,36.0,0.4,33,0.485,0.823,2.57,27.1,1.11,4.7,1733.0,9.1,120.0
D_stop30atr25,30,stop,atr,0.25,,both,1.25,0.1,0.5,,1.0,57,0.211,-0.078,0.86,-4.5,-0.16,10.2,-177.0,-0.8,33,0.364,0.703,2.74,23.2,1.0,2.7,1433.0,7.8,120.0
D_stop30atr25,30,stop,atr,0.25,,both,1.25,0.1,0.5,,2.0,57,0.281,-0.026,0.96,-1.5,-0.05,8.5,0.0,-0.3,33,0.485,0.883,2.91,29.1,1.19,3.7,1845.0,9.7,120.0
D_stop30atr25,30,stop,atr,0.25,,both,1.25,0.1,0.5,with,,31,0.355,0.017,1.02,0.5,0.02,6.3,-35.0,0.1,12,0.5,0.661,2.3,7.9,0.69,2.0,491.0,2.7,120.0
D_stop30atr25,30,stop,atr,0.25,,both,1.25,0.1,0.5,with,1.0,31,0.258,-0.126,0.79,-3.9,-0.22,8.8,-103.0,-0.7,12,0.417,0.68,2.98,8.2,0.76,2.0,461.0,2.7,120.0
D_stop30atr25,30,stop,atr,0.25,,both,1.25,0.1,0.5,with,2.0,31,0.29,-0.179,0.74,-5.6,-0.3,8.5,-124.0,-1.0,12,0.5,0.744,2.75,8.9,0.79,2.0,550.0,3.0,120.0
D_stop30atr25,30,stop,atr,0.25,,both,1.25,0.1,0.5,against,,26,0.269,0.072,1.11,1.9,0.08,5.6,71.0,0.3,21,0.476,0.915,2.72,19.2,0.89,4.1,1242.0,6.4,120.0
D_stop30atr25,30,stop,atr,0.25,,both,1.25,0.1,0.5,against,1.0,26,0.154,-0.022,0.96,-0.6,-0.03,7.4,-73.0,-0.1,21,0.333,0.716,2.63,15.0,0.73,2.1,972.0,5.0,120.0
D_stop30atr25,30,stop,atr,0.25,,both,1.25,0.1,0.5,against,2.0,26,0.269,0.156,1.27,4.1,0.17,5.4,124.0,0.7,21,0.476,0.962,2.98,20.2,0.93,3.1,1295.0,6.8,120.0
D_stop30atr25,30,stop,atr,0.25,,both,1.25,0.1,9.0,,,223,0.3,0.106,1.15,23.7,0.32,16.1,-78.0,4.2,94,0.372,0.344,1.55,32.3,0.91,8.7,2217.0,10.8,120.0
D_stop30atr25,30,stop,atr,0.25,,both,1.25,0.1,9.0,,1.0,223,0.188,0.026,1.05,5.8,0.09,23.3,-337.0,1.0,94,0.298,0.31,1.62,29.2,0.9,7.1,1761.0,9.8,120.0
D_stop30atr25,30,stop,atr,0.25,,both,1.25,0.1,9.0,,2.0,223,0.265,0.101,1.16,22.5,0.32,18.3,48.0,4.0,94,0.372,0.388,1.66,36.5,1.03,8.7,2460.0,12.2,120.0
D_stop30atr25,30,stop,atr,0.25,,both,1.25,0.1,9.0,with,,116,0.293,0.056,1.08,6.5,0.12,22.8,-378.0,1.2,44,0.409,0.313,1.52,13.8,0.67,6.1,833.0,4.6,120.0
D_stop30atr25,30,stop,atr,0.25,,both,1.25,0.1,9.0,with,1.0,116,0.181,-0.077,0.87,-8.9,-0.21,24.4,-556.0,-1.6,44,0.341,0.411,1.93,18.1,0.92,6.1,1073.0,6.0,120.0
D_stop30atr25,30,stop,atr,0.25,,both,1.25,0.1,9.0,with,2.0,116,0.25,0.032,1.05,3.8,0.07,21.8,-294.0,0.7,44,0.409,0.358,1.64,15.8,0.77,6.1,966.0,5.3,120.0
D_stop30atr25,30,stop,atr,0.25,,both,1.25,0.1,9.0,against,,107,0.308,0.16,1.23,17.2,0.34,9.5,300.0,3.1,50,0.34,0.371,1.57,18.6,0.64,9.2,1383.0,6.2,120.0
D_stop30atr25,30,stop,atr,0.25,,both,1.25,0.1,9.0,against,1.0,107,0.196,0.137,1.27,14.7,0.32,8.0,219.0,2.6,50,0.26,0.222,1.4,11.1,0.43,7.8,688.0,3.7,120.0
D_stop30atr25,30,stop,atr,0.25,,both,1.25,0.1,9.0,against,2.0,107,0.28,0.175,1.28,18.7,0.38,8.1,342.0,3.4,50,0.34,0.414,1.68,20.7,0.72,8.1,1494.0,6.9,120.0
D_stop30atr25,30,stop,atr,0.25,,both,1.25,0.2,0.3,,,3,0.0,-1.033,0.0,-3.1,-0.73,3.1,-97.0,-0.6,4,1.0,2.623,inf,10.5,1.11,0.0,674.0,3.5,120.0
D_stop30atr25,30,stop,atr,0.25,,both,1.25,0.2,0.3,,1.0,3,0.0,-0.7,0.0,-2.1,-0.6,2.1,-69.0,-0.4,4,0.5,1.498,216.98,6.0,0.79,0.0,350.0,2.0,120.0
D_stop30atr25,30,stop,atr,0.25,,both,1.25,0.2,0.3,,2.0,3,0.0,-0.7,0.0,-2.1,-0.6,2.1,-69.0,-0.4,4,1.0,2.623,inf,10.5,1.11,0.0,674.0,3.5,120.0
D_stop30atr25,30,stop,atr,0.25,,both,1.25,0.2,0.3,with,,1,0.0,-1.025,0.0,-1.0,-0.42,1.0,-41.0,-0.2,2,1.0,2.66,inf,5.3,0.77,0.0,329.0,1.8,120.0
D_stop30atr25,30,stop,atr,0.25,,both,1.25,0.2,0.3,with,1.0,1,0.0,-1.025,0.0,-1.0,-0.42,1.0,-41.0,-0.2,2,0.5,1.772,324.97,3.5,0.57,0.0,166.0,1.2,120.0
D_stop30atr25,30,stop,atr,0.25,,both,1.25,0.2,0.3,with,2.0,1,0.0,-1.025,0.0,-1.0,-0.42,1.0,-41.0,-0.2,2,1.0,2.66,inf,5.3,0.77,0.0,329.0,1.8,120.0
D_stop30atr25,30,stop,atr,0.25,,both,1.25,0.2,0.3,against,,2,0.0,-1.038,0.0,-2.1,-0.59,2.1,-55.0,-0.4,2,1.0,2.586,inf,5.2,0.81,0.0,345.0,1.7,120.0
D_stop30atr25,30,stop,atr,0.25,,both,1.25,0.2,0.3,against,1.0,2,0.0,-0.538,0.0,-1.1,-0.43,1.1,-28.0,-0.2,2,0.5,1.225,146.71,2.4,0.57,0.0,183.0,0.8,120.0
D_stop30atr25,30,stop,atr,0.25,,both,1.25,0.2,0.3,against,2.0,2,0.0,-0.538,0.0,-1.1,-0.43,1.1,-28.0,-0.2,2,1.0,2.586,inf,5.2,0.81,0.0,345.0,1.7,120.0
D_stop30atr25,30,stop,atr,0.25,,both,1.25,0.2,0.5,,,57,0.316,0.042,1.06,2.4,0.07,8.0,36.0,0.4,33,0.485,0.823,2.57,27.1,1.11,4.7,1733.0,9.1,120.0
D_stop30atr25,30,stop,atr,0.25,,both,1.25,0.2,0.5,,1.0,57,0.211,-0.078,0.86,-4.5,-0.16,10.2,-177.0,-0.8,33,0.364,0.703,2.74,23.2,1.0,2.7,1433.0,7.8,120.0
D_stop30atr25,30,stop,atr,0.25,,both,1.25,0.2,0.5,,2.0,57,0.281,-0.026,0.96,-1.5,-0.05,8.5,0.0,-0.3,33,0.485,0.883,2.91,29.1,1.19,3.7,1845.0,9.7,120.0
D_stop30atr25,30,stop,atr,0.25,,both,1.25,0.2,0.5,with,,31,0.355,0.017,1.02,0.5,0.02,6.3,-35.0,0.1,12,0.5,0.661,2.3,7.9,0.69,2.0,491.0,2.7,120.0
D_stop30atr25,30,stop,atr,0.25,,both,1.25,0.2,0.5,with,1.0,31,0.258,-0.126,0.79,-3.9,-0.22,8.8,-103.0,-0.7,12,0.417,0.68,2.98,8.2,0.76,2.0,461.0,2.7,120.0
D_stop30atr25,30,stop,atr,0.25,,both,1.25,0.2,0.5,with,2.0,31,0.29,-0.179,0.74,-5.6,-0.3,8.5,-124.0,-1.0,12,0.5,0.744,2.75,8.9,0.79,2.0,550.0,3.0,120.0
D_stop30atr25,30,stop,atr,0.25,,both,1.25,0.2,0.5,against,,26,0.269,0.072,1.11,1.9,0.08,5.6,71.0,0.3,21,0.476,0.915,2.72,19.2,0.89,4.1,1242.0,6.4,120.0
D_stop30atr25,30,stop,atr,0.25,,both,1.25,0.2,0.5,against,1.0,26,0.154,-0.022,0.96,-0.6,-0.03,7.4,-73.0,-0.1,21,0.333,0.716,2.63,15.0,0.73,2.1,972.0,5.0,120.0
D_stop30atr25,30,stop,atr,0.25,,both,1.25,0.2,0.5,against,2.0,26,0.269,0.156,1.27,4.1,0.17,5.4,124.0,0.7,21,0.476,0.962,2.98,20.2,0.93,3.1,1295.0,6.8,120.0
D_stop30atr25,30,stop,atr,0.25,,both,1.25,0.2,9.0,,,223,0.3,0.106,1.15,23.7,0.32,16.1,-78.0,4.2,94,0.372,0.344,1.55,32.3,0.91,8.7,2217.0,10.8,120.0
D_stop30atr25,30,stop,atr,0.25,,both,1.25,0.2,9.0,,1.0,223,0.188,0.026,1.05,5.8,0.09,23.3,-337.0,1.0,94,0.298,0.31,1.62,29.2,0.9,7.1,1761.0,9.8,120.0
D_stop30atr25,30,stop,atr,0.25,,both,1.25,0.2,9.0,,2.0,223,0.265,0.101,1.16,22.5,0.32,18.3,48.0,4.0,94,0.372,0.388,1.66,36.5,1.03,8.7,2460.0,12.2,120.0
D_stop30atr25,30,stop,atr,0.25,,both,1.25,0.2,9.0,with,,116,0.293,0.056,1.08,6.5,0.12,22.8,-378.0,1.2,44,0.409,0.313,1.52,13.8,0.67,6.1,833.0,4.6,120.0
D_stop30atr25,30,stop,atr,0.25,,both,1.25,0.2,9.0,with,1.0,116,0.181,-0.077,0.87,-8.9,-0.21,24.4,-556.0,-1.6,44,0.341,0.411,1.93,18.1,0.92,6.1,1073.0,6.0,120.0
D_stop30atr25,30,stop,atr,0.25,,both,1.25,0.2,9.0,with,2.0,116,0.25,0.032,1.05,3.8,0.07,21.8,-294.0,0.7,44,0.409,0.358,1.64,15.8,0.77,6.1,966.0,5.3,120.0
D_stop30atr25,30,stop,atr,0.25,,both,1.25,0.2,9.0,against,,107,0.308,0.16,1.23,17.2,0.34,9.5,300.0,3.1,50,0.34,0.371,1.57,18.6,0.64,9.2,1383.0,6.2,120.0
D_stop30atr25,30,stop,atr,0.25,,both,1.25,0.2,9.0,against,1.0,107,0.196,0.137,1.27,14.7,0.32,8.0,219.0,2.6,50,0.26,0.222,1.4,11.1,0.43,7.8,688.0,3.7,120.0
D_stop30atr25,30,stop,atr,0.25,,both,1.25,0.2,9.0,against,2.0,107,0.28,0.175,1.28,18.7,0.38,8.1,342.0,3.4,50,0.34,0.414,1.68,20.7,0.72,8.1,1494.0,6.9,120.0
D_stop30atr25,30,stop,atr,0.25,,long,0.0,0.0,0.3,,,232,0.427,-0.064,0.87,-15.0,-0.37,31.1,-486.0,-2.7,120,0.442,0.117,1.22,14.1,0.53,15.1,978.0,4.7,120.0
D_stop30atr25,30,stop,atr,0.25,,long,0.0,0.0,0.3,,1.0,232,0.371,-0.063,0.86,-14.5,-0.38,23.3,-478.0,-2.6,120,0.367,0.108,1.25,13.0,0.54,13.2,885.0,4.3,120.0
D_stop30atr25,30,stop,atr,0.25,,long,0.0,0.0,0.3,,2.0,232,0.422,-0.058,0.88,-13.5,-0.34,29.1,-506.0,-2.4,120,0.433,0.117,1.23,14.0,0.53,13.1,1014.0,4.7,120.0
D_stop30atr25,30,stop,atr,0.25,,long,0.0,0.0,0.3,with,,155,0.484,0.064,1.14,9.9,0.29,11.4,800.0,1.8,67,0.418,0.104,1.19,7.0,0.34,10.3,836.0,2.3,120.0
D_stop30atr25,30,stop,atr,0.25,,long,0.0,0.0,0.3,with,1.0,155,0.426,0.037,1.09,5.7,0.18,8.9,724.0,1.0,67,0.358,0.103,1.23,6.9,0.37,7.6,809.0,2.3,120.0
D_stop30atr25,30,stop,atr,0.25,,long,0.0,0.0,0.3,with,2.0,155,0.477,0.066,1.15,10.3,0.31,9.4,769.0,1.8,67,0.403,0.074,1.13,4.9,0.25,10.3,722.0,1.6,120.0
D_stop30atr25,30,stop,atr,0.25,,long,0.0,0.0,0.3,against,,77,0.312,-0.322,0.48,-24.8,-1.18,28.9,-1287.0,-4.4,53,0.472,0.134,1.26,7.1,0.41,10.0,142.0,2.4,120.0
D_stop30atr25,30,stop,atr,0.25,,long,0.0,0.0,0.3,against,1.0,77,0.26,-0.263,0.5,-20.2,-1.02,24.7,-1203.0,-3.6,53,0.377,0.115,1.28,6.1,0.4,10.9,76.0,2.0,120.0
D_stop30atr25,30,stop,atr,0.25,,long,0.0,0.0,0.3,against,2.0,77,0.312,-0.309,0.49,-23.8,-1.14,28.9,-1274.0,-4.3,53,0.472,0.172,1.36,9.1,0.53,8.0,292.0,3.0,120.0
D_stop30atr25,30,stop,atr,0.25,,long,0.0,0.0,0.5,,,581,0.427,0.03,1.05,17.2,0.22,20.4,723.0,3.1,318,0.415,0.14,1.25,44.6,0.94,13.9,2806.0,14.9,120.0
D_stop30atr25,30,stop,atr,0.25,,long,0.0,0.0,0.5,,1.0,581,0.363,0.055,1.11,31.7,0.43,16.7,959.0,5.7,318,0.343,0.15,1.32,47.7,1.07,11.9,2976.0,16.0,120.0
D_stop30atr25,30,stop,atr,0.25,,long,0.0,0.0,0.5,,2.0,581,0.42,0.032,1.06,18.9,0.25,20.7,754.0,3.4,318,0.412,0.146,1.26,46.6,0.99,13.9,2956.0,15.6,120.0
D_stop30atr25,30,stop,atr,0.25,,long,0.0,0.0,0.5,with,,364,0.47,0.1,1.2,36.5,0.61,11.5,1529.0,6.5,162,0.469,0.281,1.56,45.6,1.36,8.1,3159.0,15.2,120.0
D_stop30atr25,30,stop,atr,0.25,,long,0.0,0.0,0.5,with,1.0,364,0.407,0.107,1.24,39.0,0.68,10.1,1586.0,7.0,162,0.407,0.29,1.7,47.1,1.48,7.9,3166.0,15.7,120.0
D_stop30atr25,30,stop,atr,0.25,,long,0.0,0.0,0.5,with,2.0,364,0.462,0.098,1.19,35.8,0.61,11.6,1496.0,6.4,162,0.463,0.275,1.55,44.6,1.34,8.1,3106.0,14.9,120.0
D_stop30atr25,30,stop,atr,0.25,,long,0.0,0.0,0.5,against,,217,0.355,-0.089,0.86,-19.3,-0.39,38.5,-806.0,-3.5,156,0.359,-0.007,0.99,-1.0,-0.03,20.6,-353.0,-0.3,120.0
D_stop30atr25,30,stop,atr,0.25,,long,0.0,0.0,0.5,against,1.0,217,0.29,-0.033,0.94,-7.3,-0.15,26.7,-627.0,-1.3,156,0.276,0.004,1.01,0.7,0.02,22.1,-190.0,0.2,120.0
D_stop30atr25,30,stop,atr,0.25,,long,0.0,0.0,0.5,against,2.0,217,0.35,-0.078,0.87,-16.9,-0.34,36.2,-741.0,-3.0,156,0.359,0.013,1.02,2.0,0.06,19.6,-150.0,0.7,120.0
D_stop30atr25,30,stop,atr,0.25,,long,0.0,0.0,9.0,,,735,0.411,0.042,1.07,30.6,0.33,19.3,503.0,5.5,382,0.403,0.119,1.2,45.3,0.86,13.0,2850.0,15.1,120.0
D_stop30atr25,30,stop,atr,0.25,,long,0.0,0.0,9.0,,1.0,735,0.341,0.066,1.14,48.6,0.56,15.8,905.0,8.7,382,0.327,0.111,1.23,42.3,0.88,13.9,2475.0,14.2,120.0
D_stop30atr25,30,stop,atr,0.25,,long,0.0,0.0,9.0,,2.0,735,0.401,0.045,1.08,33.1,0.37,20.7,666.0,5.9,382,0.395,0.122,1.21,46.6,0.89,11.4,2948.0,15.6,120.0
D_stop30atr25,30,stop,atr,0.25,,long,0.0,0.0,9.0,with,,428,0.456,0.107,1.21,45.9,0.69,16.3,1588.0,8.2,198,0.449,0.238,1.45,47.1,1.26,11.2,3090.0,15.8,120.0
D_stop30atr25,30,stop,atr,0.25,,long,0.0,0.0,9.0,with,1.0,428,0.386,0.119,1.26,50.8,0.8,13.8,1654.0,9.1,198,0.389,0.242,1.54,47.9,1.35,11.3,3041.0,16.0,120.0
D_stop30atr25,30,stop,atr,0.25,,long,0.0,0.0,9.0,with,2.0,428,0.446,0.108,1.21,46.1,0.7,17.5,1612.0,8.3,198,0.444,0.239,1.46,47.3,1.27,11.2,3101.0,15.8,120.0
D_stop30atr25,30,stop,atr,0.25,,long,0.0,0.0,9.0,against,,307,0.349,-0.05,0.92,-15.2,-0.24,29.5,-1085.0,-2.7,184,0.353,-0.01,0.98,-1.9,-0.05,19.6,-239.0,-0.6,120.0
D_stop30atr25,30,stop,atr,0.25,,long,0.0,0.0,9.0,against,1.0,307,0.28,-0.007,0.99,-2.2,-0.04,19.7,-749.0,-0.4,184,0.261,-0.03,0.94,-5.6,-0.17,23.5,-566.0,-1.9,120.0
D_stop30atr25,30,stop,atr,0.25,,long,0.0,0.0,9.0,against,2.0,307,0.339,-0.042,0.93,-13.0,-0.21,27.5,-945.0,-2.3,184,0.342,-0.004,0.99,-0.7,-0.02,18.6,-153.0,-0.2,120.0
D_stop30atr25,30,stop,atr,0.25,,long,0.0,0.1,0.3,,,226,0.412,-0.072,0.86,-16.3,-0.41,31.7,-518.0,-2.9,117,0.444,0.118,1.22,13.8,0.52,15.5,971.0,4.6,120.0
D_stop30atr25,30,stop,atr,0.25,,long,0.0,0.1,0.3,,1.0,226,0.354,-0.07,0.85,-15.8,-0.42,23.9,-510.0,-2.8,117,0.368,0.108,1.25,12.7,0.53,13.6,878.0,4.2,120.0
D_stop30atr25,30,stop,atr,0.25,,long,0.0,0.1,0.3,,2.0,226,0.407,-0.066,0.87,-14.8,-0.38,29.7,-537.0,-2.7,117,0.436,0.118,1.22,13.8,0.52,13.5,1006.0,4.6,120.0
D_stop30atr25,30,stop,atr,0.25,,long,0.0,0.1,0.3,with,,150,0.467,0.061,1.13,9.1,0.27,11.9,779.0,1.6,64,0.422,0.104,1.18,6.7,0.33,10.7,828.0,2.2,120.0
D_stop30atr25,30,stop,atr,0.25,,long,0.0,0.1,0.3,with,1.0,150,0.407,0.033,1.08,5.0,0.15,9.4,702.0,0.9,64,0.359,0.103,1.22,6.6,0.36,8.1,802.0,2.2,120.0
D_stop30atr25,30,stop,atr,0.25,,long,0.0,0.1,0.3,with,2.0,150,0.46,0.064,1.14,9.6,0.29,9.9,747.0,1.7,64,0.406,0.073,1.13,4.7,0.23,10.7,714.0,1.6,120.0
D_stop30atr25,30,stop,atr,0.25,,long,0.0,0.1,0.3,against,,76,0.303,-0.334,0.46,-25.4,-1.2,28.9,-1296.0,-4.6,53,0.472,0.134,1.26,7.1,0.41,10.0,142.0,2.4,120.0
D_stop30atr25,30,stop,atr,0.25,,long,0.0,0.1,0.3,against,1.0,76,0.25,-0.274,0.49,-20.8,-1.05,24.7,-1212.0,-3.7,53,0.377,0.115,1.28,6.1,0.4,10.9,76.0,2.0,120.0
D_stop30atr25,30,stop,atr,0.25,,long,0.0,0.1,0.3,against,2.0,76,0.303,-0.321,0.47,-24.4,-1.17,28.9,-1284.0,-4.4,53,0.472,0.172,1.36,9.1,0.53,8.0,292.0,3.0,120.0
D_stop30atr25,30,stop,atr,0.25,,long,0.0,0.1,0.5,,,575,0.421,0.028,1.05,15.9,0.21,21.1,691.0,2.8,315,0.416,0.141,1.25,44.3,0.93,13.9,2798.0,14.8,120.0
D_stop30atr25,30,stop,atr,0.25,,long,0.0,0.1,0.5,,1.0,575,0.357,0.053,1.11,30.4,0.41,16.7,927.0,5.5,315,0.343,0.151,1.32,47.5,1.07,11.9,2969.0,15.9,120.0
D_stop30atr25,30,stop,atr,0.25,,long,0.0,0.1,0.5,,2.0,575,0.414,0.031,1.06,17.6,0.23,20.7,723.0,3.1,315,0.413,0.147,1.26,46.3,0.98,13.9,2949.0,15.5,120.0
D_stop30atr25,30,stop,atr,0.25,,long,0.0,0.1,0.5,with,,359,0.462,0.099,1.19,35.7,0.6,11.5,1507.0,6.4,159,0.472,0.285,1.56,45.3,1.35,8.1,3151.0,15.1,120.0
D_stop30atr25,30,stop,atr,0.25,,long,0.0,0.1,0.5,with,1.0,359,0.398,0.107,1.23,38.3,0.67,10.1,1564.0,6.9,159,0.409,0.294,1.69,46.8,1.47,7.9,3159.0,15.6,120.0
D_stop30atr25,30,stop,atr,0.25,,long,0.0,0.1,0.5,with,2.0,359,0.454,0.098,1.19,35.0,0.59,11.6,1474.0,6.3,159,0.465,0.279,1.55,44.3,1.33,8.1,3099.0,14.8,120.0
D_stop30atr25,30,stop,atr,0.25,,long,0.0,0.1,0.5,against,,216,0.352,-0.092,0.86,-19.8,-0.4,39.1,-816.0,-3.6,156,0.359,-0.007,0.99,-1.0,-0.03,20.6,-353.0,-0.3,120.0
D_stop30atr25,30,stop,atr,0.25,,long,0.0,0.1,0.5,against,1.0,216,0.287,-0.036,0.93,-7.8,-0.17,26.7,-637.0,-1.4,156,0.276,0.004,1.01,0.7,0.02,22.1,-190.0,0.2,120.0
D_stop30atr25,30,stop,atr,0.25,,long,0.0,0.1,0.5,against,2.0,216,0.347,-0.081,0.87,-17.5,-0.35,36.7,-751.0,-3.1,156,0.359,0.013,1.02,2.0,0.06,19.6,-150.0,0.7,120.0
D_stop30atr25,30,stop,atr,0.25,,long,0.0,0.1,9.0,,,729,0.406,0.04,1.07,29.3,0.32,19.8,471.0,5.3,379,0.404,0.119,1.2,45.0,0.85,12.8,2843.0,15.0,120.0
D_stop30atr25,30,stop,atr,0.25,,long,0.0,0.1,9.0,,1.0,729,0.336,0.065,1.13,47.3,0.55,16.0,873.0,8.5,379,0.327,0.111,1.23,42.1,0.87,13.9,2467.0,14.1,120.0
D_stop30atr25,30,stop,atr,0.25,,long,0.0,0.1,9.0,,2.0,729,0.396,0.044,1.08,31.8,0.35,21.3,635.0,5.7,379,0.396,0.122,1.21,46.3,0.88,11.4,2940.0,15.5,120.0
D_stop30atr25,30,stop,atr,0.25,,long,0.0,0.1,9.0,with,,423,0.449,0.107,1.2,45.1,0.68,16.3,1566.0,8.1,195,0.451,0.24,1.45,46.9,1.25,11.2,3082.0,15.7,120.0
D_stop30atr25,30,stop,atr,0.25,,long,0.0,0.1,9.0,with,1.0,423,0.378,0.118,1.26,50.1,0.79,13.8,1632.0,9.0,195,0.39,0.244,1.54,47.7,1.34,11.3,3034.0,15.9,120.0
D_stop30atr25,30,stop,atr,0.25,,long,0.0,0.1,9.0,with,2.0,423,0.44,0.107,1.21,45.3,0.69,17.5,1590.0,8.1,195,0.446,0.241,1.46,47.0,1.27,11.2,3093.0,15.7,120.0
D_stop30atr25,30,stop,atr,0.25,,long,0.0,0.1,9.0,against,,306,0.346,-0.052,0.92,-15.8,-0.25,29.5,-1095.0,-2.8,184,0.353,-0.01,0.98,-1.9,-0.05,19.6,-239.0,-0.6,120.0
D_stop30atr25,30,stop,atr,0.25,,long,0.0,0.1,9.0,against,1.0,306,0.278,-0.009,0.98,-2.8,-0.05,19.7,-759.0,-0.5,184,0.261,-0.03,0.94,-5.6,-0.17,23.5,-566.0,-1.9,120.0
D_stop30atr25,30,stop,atr,0.25,,long,0.0,0.1,9.0,against,2.0,306,0.337,-0.044,0.93,-13.5,-0.22,27.5,-955.0,-2.4,184,0.342,-0.004,0.99,-0.7,-0.02,18.6,-153.0,-0.2,120.0
D_stop30atr25,30,stop,atr,0.25,,long,0.0,0.2,0.3,,,177,0.401,-0.117,0.79,-20.7,-0.59,35.3,-488.0,-3.7,94,0.479,0.243,1.46,22.8,0.9,7.3,1305.0,7.6,120.0
D_stop30atr25,30,stop,atr,0.25,,long,0.0,0.2,0.3,,1.0,177,0.339,-0.116,0.76,-20.6,-0.63,28.3,-448.0,-3.7,94,0.383,0.199,1.47,18.7,0.82,8.8,971.0,6.3,120.0
D_stop30atr25,30,stop,atr,0.25,,long,0.0,0.2,0.3,,2.0,177,0.395,-0.109,0.8,-19.3,-0.56,33.3,-508.0,-3.5,94,0.468,0.232,1.45,21.8,0.87,7.3,1274.0,7.3,120.0
D_stop30atr25,30,stop,atr,0.25,,long,0.0,0.2,0.3,with,,116,0.457,-0.014,0.97,-1.6,-0.06,20.8,446.0,-0.3,50,0.46,0.222,1.4,11.1,0.58,6.7,907.0,3.7,120.0
D_stop30atr25,30,stop,atr,0.25,,long,0.0,0.2,0.3,with,1.0,116,0.388,-0.053,0.89,-6.2,-0.23,19.2,366.0,-1.1,50,0.38,0.181,1.4,9.0,0.52,7.7,707.0,3.0,120.0
D_stop30atr25,30,stop,atr,0.25,,long,0.0,0.2,0.3,with,2.0,116,0.448,-0.01,0.98,-1.2,-0.04,18.8,415.0,-0.2,50,0.44,0.182,1.33,9.1,0.49,6.7,793.0,3.0,120.0
D_stop30atr25,30,stop,atr,0.25,,long,0.0,0.2,0.3,against,,61,0.295,-0.314,0.51,-19.1,-0.97,24.0,-935.0,-3.4,44,0.5,0.266,1.54,11.7,0.69,7.6,397.0,3.9,120.0
D_stop30atr25,30,stop,atr,0.25,,long,0.0,0.2,0.3,against,1.0,61,0.246,-0.236,0.56,-14.4,-0.77,19.6,-814.0,-2.6,44,0.386,0.22,1.56,9.7,0.65,9.2,265.0,3.2,120.0
D_stop30atr25,30,stop,atr,0.25,,long,0.0,0.2,0.3,against,2.0,61,0.295,-0.297,0.52,-18.1,-0.93,24.0,-922.0,-3.3,44,0.5,0.288,1.61,12.7,0.76,6.6,481.0,4.2,120.0
D_stop30atr25,30,stop,atr,0.25,,long,0.0,0.2,0.5,,,526,0.418,0.022,1.04,11.4,0.15,21.7,721.0,2.0,292,0.425,0.183,1.32,53.3,1.14,13.7,3132.0,17.8,120.0
D_stop30atr25,30,stop,atr,0.25,,long,0.0,0.2,0.5,,1.0,526,0.352,0.049,1.1,25.7,0.36,13.8,989.0,4.6,292,0.346,0.183,1.39,53.5,1.22,12.7,3062.0,17.9,120.0
D_stop30atr25,30,stop,atr,0.25,,long,0.0,0.2,0.5,,2.0,526,0.411,0.025,1.04,13.1,0.18,20.8,752.0,2.3,292,0.421,0.186,1.33,54.3,1.17,13.7,3217.0,18.1,120.0
D_stop30atr25,30,stop,atr,0.25,,long,0.0,0.2,0.5,with,,325,0.458,0.077,1.14,25.0,0.44,16.0,1175.0,4.5,145,0.49,0.343,1.68,49.7,1.52,7.8,3230.0,16.6,120.0
D_stop30atr25,30,stop,atr,0.25,,long,0.0,0.2,0.5,with,1.0,325,0.391,0.083,1.18,27.1,0.5,13.2,1228.0,4.9,145,0.421,0.339,1.81,49.2,1.58,7.9,3064.0,16.4,120.0
D_stop30atr25,30,stop,atr,0.25,,long,0.0,0.2,0.5,with,2.0,325,0.449,0.075,1.14,24.3,0.43,14.0,1142.0,4.4,145,0.483,0.336,1.68,48.7,1.5,7.8,3178.0,16.3,120.0
D_stop30atr25,30,stop,atr,0.25,,long,0.0,0.2,0.5,against,,201,0.353,-0.068,0.89,-13.6,-0.28,32.8,-454.0,-2.4,147,0.361,0.024,1.04,3.6,0.11,19.1,-98.0,1.2,120.0
D_stop30atr25,30,stop,atr,0.25,,long,0.0,0.2,0.5,against,1.0,201,0.289,-0.007,0.99,-1.4,-0.03,23.3,-239.0,-0.3,147,0.272,0.029,1.06,4.3,0.14,20.6,-2.0,1.4,120.0
D_stop30atr25,30,stop,atr,0.25,,long,0.0,0.2,0.5,against,2.0,201,0.348,-0.056,0.91,-11.2,-0.23,30.5,-390.0,-2.0,147,0.361,0.038,1.06,5.6,0.17,18.1,39.0,1.9,120.0
D_stop30atr25,30,stop,atr,0.25,,long,0.0,0.2,9.0,,,680,0.403,0.037,1.06,24.8,0.28,19.7,501.0,4.5,356,0.41,0.152,1.26,54.0,1.04,11.7,3177.0,18.1,120.0
D_stop30atr25,30,stop,atr,0.25,,long,0.0,0.2,9.0,,1.0,680,0.331,0.063,1.13,42.6,0.5,15.9,935.0,7.6,356,0.329,0.135,1.28,48.1,1.01,14.7,2561.0,16.1,120.0
D_stop30atr25,30,stop,atr,0.25,,long,0.0,0.2,9.0,,2.0,680,0.393,0.04,1.07,27.3,0.31,20.3,664.0,4.9,356,0.402,0.153,1.27,54.4,1.05,11.7,3208.0,18.2,120.0
D_stop30atr25,30,stop,atr,0.25,,long,0.0,0.2,9.0,with,,389,0.445,0.088,1.16,34.4,0.54,16.6,1234.0,6.2,181,0.464,0.283,1.54,51.3,1.4,10.8,3161.0,17.1,120.0
D_stop30atr25,30,stop,atr,0.25,,long,0.0,0.2,9.0,with,1.0,389,0.37,0.1,1.22,39.0,0.64,15.3,1296.0,7.0,181,0.398,0.277,1.62,50.1,1.43,11.3,2938.0,16.7,120.0
D_stop30atr25,30,stop,atr,0.25,,long,0.0,0.2,9.0,with,2.0,389,0.434,0.089,1.17,34.6,0.54,17.3,1258.0,6.2,181,0.459,0.284,1.55,51.5,1.41,10.8,3172.0,17.2,120.0
D_stop30atr25,30,stop,atr,0.25,,long,0.0,0.2,9.0,against,,291,0.347,-0.033,0.95,-9.6,-0.15,24.0,-733.0,-1.7,175,0.354,0.015,1.02,2.7,0.07,18.2,16.0,0.9,120.0
D_stop30atr25,30,stop,atr,0.25,,long,0.0,0.2,9.0,against,1.0,291,0.278,0.012,1.02,3.6,0.06,17.0,-361.0,0.6,175,0.257,-0.011,0.98,-2.0,-0.06,22.1,-377.0,-0.7,120.0
D_stop30atr25,30,stop,atr,0.25,,long,0.0,0.2,9.0,against,2.0,291,0.337,-0.025,0.96,-7.3,-0.12,22.6,-594.0,-1.3,175,0.343,0.017,1.03,2.9,0.08,17.2,36.0,1.0,120.0
D_stop30atr25,30,stop,atr,0.25,,long,1.0,0.0,0.3,,,27,0.407,-0.25,0.58,-6.8,-0.52,10.4,-52.0,-1.2,26,0.5,0.502,1.99,13.0,0.85,4.1,828.0,4.4,120.0
D_stop30atr25,30,stop,atr,0.25,,long,1.0,0.0,0.3,,1.0,27,0.333,-0.299,0.5,-8.1,-0.64,10.6,-116.0,-1.4,26,0.346,0.366,2.15,9.5,0.77,3.1,488.0,3.2,120.0
D_stop30atr25,30,stop,atr,0.25,,long,1.0,0.0,0.3,,2.0,27,0.407,-0.25,0.58,-6.8,-0.52,10.4,-52.0,-1.2,26,0.462,0.424,1.83,11.0,0.73,4.1,714.0,3.7,120.0
D_stop30atr25,30,stop,atr,0.25,,long,1.0,0.0,0.3,with,,20,0.5,-0.038,0.92,-0.8,-0.07,5.5,179.0,-0.1,13,0.538,0.448,1.96,5.8,0.59,3.0,473.0,1.9,120.0
D_stop30atr25,30,stop,atr,0.25,,long,1.0,0.0,0.3,with,1.0,20,0.45,-0.094,0.81,-1.9,-0.17,5.5,130.0,-0.3,13,0.308,0.323,2.34,4.2,0.53,1.1,286.0,1.4,120.0
D_stop30atr25,30,stop,atr,0.25,,long,1.0,0.0,0.3,with,2.0,20,0.5,-0.038,0.92,-0.8,-0.07,5.5,179.0,-0.1,13,0.462,0.292,1.62,3.8,0.41,3.0,358.0,1.3,120.0
D_stop30atr25,30,stop,atr,0.25,,long,1.0,0.0,0.3,against,,7,0.143,-0.858,0.03,-6.0,-1.0,6.0,-231.0,-1.1,13,0.462,0.555,2.02,7.2,0.61,3.0,355.0,2.4,120.0
D_stop30atr25,30,stop,atr,0.25,,long,1.0,0.0,0.3,against,1.0,7,0.0,-0.884,0.0,-6.2,-1.03,6.2,-246.0,-1.1,13,0.385,0.409,2.04,5.3,0.56,3.1,202.0,1.8,120.0
D_stop30atr25,30,stop,atr,0.25,,long,1.0,0.0,0.3,against,2.0,7,0.143,-0.858,0.03,-6.0,-1.0,6.0,-231.0,-1.1,13,0.462,0.555,2.02,7.2,0.61,3.0,355.0,2.4,120.0
D_stop30atr25,30,stop,atr,0.25,,long,1.0,0.0,0.5,,,201,0.413,0.111,1.19,22.3,0.42,8.9,997.0,4.0,133,0.361,0.016,1.02,2.1,0.07,20.4,-282.0,0.7,120.0
D_stop30atr25,30,stop,atr,0.25,,long,1.0,0.0,0.5,,1.0,201,0.338,0.13,1.25,26.2,0.52,8.0,956.0,4.7,133,0.271,0.038,1.08,5.1,0.18,20.8,-230.0,1.7,120.0
D_stop30atr25,30,stop,atr,0.25,,long,1.0,0.0,0.5,,2.0,201,0.408,0.12,1.21,24.2,0.46,8.9,1063.0,4.3,133,0.353,0.016,1.03,2.1,0.07,20.4,-285.0,0.7,120.0
D_stop30atr25,30,stop,atr,0.25,,long,1.0,0.0,0.5,with,,122,0.475,0.193,1.36,23.5,0.61,8.4,1078.0,4.2,61,0.426,0.071,1.12,4.4,0.23,9.2,133.0,1.5,120.0
D_stop30atr25,30,stop,atr,0.25,,long,1.0,0.0,0.5,with,1.0,122,0.385,0.192,1.41,23.4,0.62,7.4,976.0,4.2,61,0.311,0.057,1.12,3.5,0.19,8.3,-62.0,1.2,120.0
D_stop30atr25,30,stop,atr,0.25,,long,1.0,0.0,0.5,with,2.0,122,0.475,0.197,1.37,24.1,0.62,8.4,1093.0,4.3,61,0.41,0.055,1.1,3.3,0.18,9.2,78.0,1.1,120.0
D_stop30atr25,30,stop,atr,0.25,,long,1.0,0.0,0.5,against,,79,0.316,-0.015,0.98,-1.2,-0.03,13.3,-82.0,-0.2,72,0.306,-0.031,0.96,-2.2,-0.09,17.0,-416.0,-0.7,120.0
D_stop30atr25,30,stop,atr,0.25,,long,1.0,0.0,0.5,against,1.0,79,0.266,0.036,1.06,2.8,0.08,11.1,-20.0,0.5,72,0.236,0.022,1.04,1.6,0.07,16.3,-168.0,0.5,120.0
D_stop30atr25,30,stop,atr,0.25,,long,1.0,0.0,0.5,against,2.0,79,0.304,0.002,1.0,0.2,0.0,12.3,-30.0,0.0,72,0.306,-0.017,0.98,-1.2,-0.05,17.0,-363.0,-0.4,120.0
D_stop30atr25,30,stop,atr,0.25,,long,1.0,0.0,9.0,,,328,0.387,0.108,1.17,35.3,0.51,11.3,1042.0,6.3,185,0.351,0.025,1.04,4.6,0.12,22.6,-218.0,1.5,120.0
D_stop30atr25,30,stop,atr,0.25,,long,1.0,0.0,9.0,,1.0,328,0.305,0.121,1.24,39.7,0.61,11.3,1030.0,7.1,185,0.259,0.006,1.01,1.1,0.03,24.9,-721.0,0.4,120.0
D_stop30atr25,30,stop,atr,0.25,,long,1.0,0.0,9.0,,2.0,328,0.375,0.113,1.19,36.9,0.54,13.7,1183.0,6.6,185,0.341,0.025,1.04,4.5,0.12,22.6,-205.0,1.5,120.0
D_stop30atr25,30,stop,atr,0.25,,long,1.0,0.0,9.0,with,,173,0.439,0.172,1.32,29.8,0.63,12.0,1101.0,5.3,91,0.407,0.081,1.14,7.4,0.29,10.6,132.0,2.5,120.0
D_stop30atr25,30,stop,atr,0.25,,long,1.0,0.0,9.0,with,1.0,173,0.347,0.18,1.39,31.2,0.69,8.7,1028.0,5.6,91,0.308,0.063,1.13,5.8,0.25,9.6,-120.0,1.9,120.0
D_stop30atr25,30,stop,atr,0.25,,long,1.0,0.0,9.0,with,2.0,173,0.434,0.18,1.34,31.2,0.66,12.0,1173.0,5.6,91,0.396,0.082,1.15,7.5,0.3,10.6,140.0,2.5,120.0
D_stop30atr25,30,stop,atr,0.25,,long,1.0,0.0,9.0,against,,155,0.329,0.035,1.05,5.5,0.11,15.2,-60.0,1.0,94,0.298,-0.029,0.96,-2.7,-0.09,15.5,-350.0,-0.9,120.0
D_stop30atr25,30,stop,atr,0.25,,long,1.0,0.0,9.0,against,1.0,155,0.258,0.055,1.1,8.6,0.18,14.3,2.0,1.5,94,0.213,-0.05,0.91,-4.7,-0.19,18.1,-601.0,-1.6,120.0
D_stop30atr25,30,stop,atr,0.25,,long,1.0,0.0,9.0,against,2.0,155,0.31,0.037,1.06,5.8,0.12,17.4,11.0,1.0,94,0.287,-0.031,0.96,-2.9,-0.1,15.5,-345.0,-1.0,120.0
D_stop30atr25,30,stop,atr,0.25,,long,1.0,0.1,0.3,,,27,0.407,-0.25,0.58,-6.8,-0.52,10.4,-52.0,-1.2,26,0.5,0.502,1.99,13.0,0.85,4.1,828.0,4.4,120.0
D_stop30atr25,30,stop,atr,0.25,,long,1.0,0.1,0.3,,1.0,27,0.333,-0.299,0.5,-8.1,-0.64,10.6,-116.0,-1.4,26,0.346,0.366,2.15,9.5,0.77,3.1,488.0,3.2,120.0
D_stop30atr25,30,stop,atr,0.25,,long,1.0,0.1,0.3,,2.0,27,0.407,-0.25,0.58,-6.8,-0.52,10.4,-52.0,-1.2,26,0.462,0.424,1.83,11.0,0.73,4.1,714.0,3.7,120.0
D_stop30atr25,30,stop,atr,0.25,,long,1.0,0.1,0.3,with,,20,0.5,-0.038,0.92,-0.8,-0.07,5.5,179.0,-0.1,13,0.538,0.448,1.96,5.8,0.59,3.0,473.0,1.9,120.0
D_stop30atr25,30,stop,atr,0.25,,long,1.0,0.1,0.3,with,1.0,20,0.45,-0.094,0.81,-1.9,-0.17,5.5,130.0,-0.3,13,0.308,0.323,2.34,4.2,0.53,1.1,286.0,1.4,120.0
D_stop30atr25,30,stop,atr,0.25,,long,1.0,0.1,0.3,with,2.0,20,0.5,-0.038,0.92,-0.8,-0.07,5.5,179.0,-0.1,13,0.462,0.292,1.62,3.8,0.41,3.0,358.0,1.3,120.0
D_stop30atr25,30,stop,atr,0.25,,long,1.0,0.1,0.3,against,,7,0.143,-0.858,0.03,-6.0,-1.0,6.0,-231.0,-1.1,13,0.462,0.555,2.02,7.2,0.61,3.0,355.0,2.4,120.0
D_stop30atr25,30,stop,atr,0.25,,long,1.0,0.1,0.3,against,1.0,7,0.0,-0.884,0.0,-6.2,-1.03,6.2,-246.0,-1.1,13,0.385,0.409,2.04,5.3,0.56,3.1,202.0,1.8,120.0
D_stop30atr25,30,stop,atr,0.25,,long,1.0,0.1,0.3,against,2.0,7,0.143,-0.858,0.03,-6.0,-1.0,6.0,-231.0,-1.1,13,0.462,0.555,2.02,7.2,0.61,3.0,355.0,2.4,120.0
D_stop30atr25,30,stop,atr,0.25,,long,1.0,0.1,0.5,,,201,0.413,0.111,1.19,22.3,0.42,8.9,997.0,4.0,133,0.361,0.016,1.02,2.1,0.07,20.4,-282.0,0.7,120.0
D_stop30atr25,30,stop,atr,0.25,,long,1.0,0.1,0.5,,1.0,201,0.338,0.13,1.25,26.2,0.52,8.0,956.0,4.7,133,0.271,0.038,1.08,5.1,0.18,20.8,-230.0,1.7,120.0
D_stop30atr25,30,stop,atr,0.25,,long,1.0,0.1,0.5,,2.0,201,0.408,0.12,1.21,24.2,0.46,8.9,1063.0,4.3,133,0.353,0.016,1.03,2.1,0.07,20.4,-285.0,0.7,120.0
D_stop30atr25,30,stop,atr,0.25,,long,1.0,0.1,0.5,with,,122,0.475,0.193,1.36,23.5,0.61,8.4,1078.0,4.2,61,0.426,0.071,1.12,4.4,0.23,9.2,133.0,1.5,120.0
D_stop30atr25,30,stop,atr,0.25,,long,1.0,0.1,0.5,with,1.0,122,0.385,0.192,1.41,23.4,0.62,7.4,976.0,4.2,61,0.311,0.057,1.12,3.5,0.19,8.3,-62.0,1.2,120.0
D_stop30atr25,30,stop,atr,0.25,,long,1.0,0.1,0.5,with,2.0,122,0.475,0.197,1.37,24.1,0.62,8.4,1093.0,4.3,61,0.41,0.055,1.1,3.3,0.18,9.2,78.0,1.1,120.0
D_stop30atr25,30,stop,atr,0.25,,long,1.0,0.1,0.5,against,,79,0.316,-0.015,0.98,-1.2,-0.03,13.3,-82.0,-0.2,72,0.306,-0.031,0.96,-2.2,-0.09,17.0,-416.0,-0.7,120.0
D_stop30atr25,30,stop,atr,0.25,,long,1.0,0.1,0.5,against,1.0,79,0.266,0.036,1.06,2.8,0.08,11.1,-20.0,0.5,72,0.236,0.022,1.04,1.6,0.07,16.3,-168.0,0.5,120.0
D_stop30atr25,30,stop,atr,0.25,,long,1.0,0.1,0.5,against,2.0,79,0.304,0.002,1.0,0.2,0.0,12.3,-30.0,0.0,72,0.306,-0.017,0.98,-1.2,-0.05,17.0,-363.0,-0.4,120.0
D_stop30atr25,30,stop,atr,0.25,,long,1.0,0.1,9.0,,,328,0.387,0.108,1.17,35.3,0.51,11.3,1042.0,6.3,185,0.351,0.025,1.04,4.6,0.12,22.6,-218.0,1.5,120.0
D_stop30atr25,30,stop,atr,0.25,,long,1.0,0.1,9.0,,1.0,328,0.305,0.121,1.24,39.7,0.61,11.3,1030.0,7.1,185,0.259,0.006,1.01,1.1,0.03,24.9,-721.0,0.4,120.0
D_stop30atr25,30,stop,atr,0.25,,long,1.0,0.1,9.0,,2.0,328,0.375,0.113,1.19,36.9,0.54,13.7,1183.0,6.6,185,0.341,0.025,1.04,4.5,0.12,22.6,-205.0,1.5,120.0
D_stop30atr25,30,stop,atr,0.25,,long,1.0,0.1,9.0,with,,173,0.439,0.172,1.32,29.8,0.63,12.0,1101.0,5.3,91,0.407,0.081,1.14,7.4,0.29,10.6,132.0,2.5,120.0
D_stop30atr25,30,stop,atr,0.25,,long,1.0,0.1,9.0,with,1.0,173,0.347,0.18,1.39,31.2,0.69,8.7,1028.0,5.6,91,0.308,0.063,1.13,5.8,0.25,9.6,-120.0,1.9,120.0
D_stop30atr25,30,stop,atr,0.25,,long,1.0,0.1,9.0,with,2.0,173,0.434,0.18,1.34,31.2,0.66,12.0,1173.0,5.6,91,0.396,0.082,1.15,7.5,0.3,10.6,140.0,2.5,120.0
D_stop30atr25,30,stop,atr,0.25,,long,1.0,0.1,9.0,against,,155,0.329,0.035,1.05,5.5,0.11,15.2,-60.0,1.0,94,0.298,-0.029,0.96,-2.7,-0.09,15.5,-350.0,-0.9,120.0
D_stop30atr25,30,stop,atr,0.25,,long,1.0,0.1,9.0,against,1.0,155,0.258,0.055,1.1,8.6,0.18,14.3,2.0,1.5,94,0.213,-0.05,0.91,-4.7,-0.19,18.1,-601.0,-1.6,120.0
D_stop30atr25,30,stop,atr,0.25,,long,1.0,0.1,9.0,against,2.0,155,0.31,0.037,1.06,5.8,0.12,17.4,11.0,1.0,94,0.287,-0.031,0.96,-2.9,-0.1,15.5,-345.0,-1.0,120.0
D_stop30atr25,30,stop,atr,0.25,,long,1.0,0.2,0.3,,,27,0.407,-0.25,0.58,-6.8,-0.52,10.4,-52.0,-1.2,24,0.542,0.628,2.35,15.1,0.99,3.0,947.0,5.0,120.0
D_stop30atr25,30,stop,atr,0.25,,long,1.0,0.2,0.3,,1.0,27,0.333,-0.299,0.5,-8.1,-0.64,10.6,-116.0,-1.4,24,0.375,0.439,2.46,10.5,0.86,3.1,538.0,3.5,120.0
D_stop30atr25,30,stop,atr,0.25,,long,1.0,0.2,0.3,,2.0,27,0.407,-0.25,0.58,-6.8,-0.52,10.4,-52.0,-1.2,24,0.5,0.544,2.17,13.0,0.88,3.0,832.0,4.4,120.0
D_stop30atr25,30,stop,atr,0.25,,long,1.0,0.2,0.3,with,,20,0.5,-0.038,0.92,-0.8,-0.07,5.5,179.0,-0.1,12,0.583,0.57,2.35,6.8,0.71,2.0,542.0,2.3,120.0
D_stop30atr25,30,stop,atr,0.25,,long,1.0,0.2,0.3,with,1.0,20,0.45,-0.094,0.81,-1.9,-0.17,5.5,130.0,-0.3,12,0.333,0.351,2.35,4.2,0.53,1.1,287.0,1.4,120.0
D_stop30atr25,30,stop,atr,0.25,,long,1.0,0.2,0.3,with,2.0,20,0.5,-0.038,0.92,-0.8,-0.07,5.5,179.0,-0.1,12,0.5,0.401,1.94,4.8,0.53,2.0,428.0,1.6,120.0
D_stop30atr25,30,stop,atr,0.25,,long,1.0,0.2,0.3,against,,7,0.143,-0.858,0.03,-6.0,-1.0,6.0,-231.0,-1.1,12,0.5,0.686,2.36,8.2,0.7,3.0,405.0,2.8,120.0
D_stop30atr25,30,stop,atr,0.25,,long,1.0,0.2,0.3,against,1.0,7,0.0,-0.884,0.0,-6.2,-1.03,6.2,-246.0,-1.1,12,0.417,0.528,2.55,6.3,0.68,3.1,251.0,2.1,120.0
D_stop30atr25,30,stop,atr,0.25,,long,1.0,0.2,0.3,against,2.0,7,0.143,-0.858,0.03,-6.0,-1.0,6.0,-231.0,-1.1,12,0.5,0.686,2.36,8.2,0.7,3.0,405.0,2.8,120.0
D_stop30atr25,30,stop,atr,0.25,,long,1.0,0.2,0.5,,,201,0.413,0.111,1.19,22.3,0.42,8.9,997.0,4.0,131,0.366,0.032,1.05,4.2,0.13,20.4,-164.0,1.4,120.0
D_stop30atr25,30,stop,atr,0.25,,long,1.0,0.2,0.5,,1.0,201,0.338,0.13,1.25,26.2,0.52,8.0,956.0,4.7,131,0.275,0.047,1.09,6.1,0.21,20.8,-180.0,2.0,120.0
D_stop30atr25,30,stop,atr,0.25,,long,1.0,0.2,0.5,,2.0,201,0.408,0.12,1.21,24.2,0.46,8.9,1063.0,4.3,131,0.359,0.032,1.05,4.1,0.13,20.4,-166.0,1.4,120.0
D_stop30atr25,30,stop,atr,0.25,,long,1.0,0.2,0.5,with,,122,0.475,0.193,1.36,23.5,0.61,8.4,1078.0,4.2,60,0.433,0.09,1.16,5.4,0.28,9.2,203.0,1.8,120.0
D_stop30atr25,30,stop,atr,0.25,,long,1.0,0.2,0.5,with,1.0,122,0.385,0.192,1.41,23.4,0.62,7.4,976.0,4.2,60,0.317,0.058,1.12,3.5,0.2,8.3,-61.0,1.2,120.0
D_stop30atr25,30,stop,atr,0.25,,long,1.0,0.2,0.5,with,2.0,122,0.475,0.197,1.37,24.1,0.62,8.4,1093.0,4.3,60,0.417,0.072,1.13,4.3,0.23,9.2,147.0,1.5,120.0
D_stop30atr25,30,stop,atr,0.25,,long,1.0,0.2,0.5,against,,79,0.316,-0.015,0.98,-1.2,-0.03,13.3,-82.0,-0.2,71,0.31,-0.017,0.98,-1.2,-0.05,17.0,-366.0,-0.4,120.0
D_stop30atr25,30,stop,atr,0.25,,long,1.0,0.2,0.5,against,1.0,79,0.266,0.036,1.06,2.8,0.08,11.1,-20.0,0.5,71,0.239,0.037,1.07,2.6,0.12,16.3,-119.0,0.9,120.0
D_stop30atr25,30,stop,atr,0.25,,long,1.0,0.2,0.5,against,2.0,79,0.304,0.002,1.0,0.2,0.0,12.3,-30.0,0.0,71,0.31,-0.003,1.0,-0.2,-0.01,17.0,-314.0,-0.1,120.0
D_stop30atr25,30,stop,atr,0.25,,long,1.0,0.2,9.0,,,328,0.387,0.108,1.17,35.3,0.51,11.3,1042.0,6.3,183,0.355,0.036,1.06,6.7,0.17,21.6,-99.0,2.2,120.0
D_stop30atr25,30,stop,atr,0.25,,long,1.0,0.2,9.0,,1.0,328,0.305,0.121,1.24,39.7,0.61,11.3,1030.0,7.1,183,0.262,0.011,1.02,2.1,0.06,24.9,-671.0,0.7,120.0
D_stop30atr25,30,stop,atr,0.25,,long,1.0,0.2,9.0,,2.0,328,0.375,0.113,1.19,36.9,0.54,13.7,1183.0,6.6,183,0.344,0.036,1.06,6.6,0.17,21.6,-86.0,2.2,120.0
D_stop30atr25,30,stop,atr,0.25,,long,1.0,0.2,9.0,with,,173,0.439,0.172,1.32,29.8,0.63,12.0,1101.0,5.3,90,0.411,0.093,1.16,8.4,0.34,9.6,201.0,2.8,120.0
D_stop30atr25,30,stop,atr,0.25,,long,1.0,0.2,9.0,with,1.0,173,0.347,0.18,1.39,31.2,0.69,8.7,1028.0,5.6,90,0.311,0.064,1.13,5.8,0.25,9.6,-119.0,1.9,120.0
D_stop30atr25,30,stop,atr,0.25,,long,1.0,0.2,9.0,with,2.0,173,0.434,0.18,1.34,31.2,0.66,12.0,1173.0,5.6,90,0.4,0.094,1.17,8.5,0.35,9.6,209.0,2.8,120.0
D_stop30atr25,30,stop,atr,0.25,,long,1.0,0.2,9.0,against,,155,0.329,0.035,1.05,5.5,0.11,15.2,-60.0,1.0,93,0.301,-0.018,0.97,-1.7,-0.06,15.5,-301.0,-0.6,120.0
D_stop30atr25,30,stop,atr,0.25,,long,1.0,0.2,9.0,against,1.0,155,0.258,0.055,1.1,8.6,0.18,14.3,2.0,1.5,93,0.215,-0.04,0.93,-3.7,-0.15,18.1,-552.0,-1.2,120.0
D_stop30atr25,30,stop,atr,0.25,,long,1.0,0.2,9.0,against,2.0,155,0.31,0.037,1.06,5.8,0.12,17.4,11.0,1.0,93,0.29,-0.021,0.97,-1.9,-0.07,15.5,-295.0,-0.6,120.0
D_stop30atr25,30,stop,atr,0.25,,long,1.25,0.0,0.3,,,2,0.0,-1.032,0.0,-2.1,-0.59,2.1,-68.0,-0.4,3,1.0,2.596,inf,7.8,0.95,0.0,513.0,2.6,120.0
D_stop30atr25,30,stop,atr,0.25,,long,1.25,0.0,0.3,,1.0,2,0.0,-1.032,0.0,-2.1,-0.59,2.1,-68.0,-0.4,3,0.667,2.003,550.44,6.0,0.79,0.0,351.0,2.0,120.0
D_stop30atr25,30,stop,atr,0.25,,long,1.25,0.0,0.3,,2.0,2,0.0,-1.032,0.0,-2.1,-0.59,2.1,-68.0,-0.4,3,1.0,2.596,inf,7.8,0.95,0.0,513.0,2.6,120.0
D_stop30atr25,30,stop,atr,0.25,,long,1.25,0.0,0.3,with,,1,0.0,-1.025,0.0,-1.0,-0.42,1.0,-41.0,-0.2,2,1.0,2.66,inf,5.3,0.77,0.0,329.0,1.8,120.0
D_stop30atr25,30,stop,atr,0.25,,long,1.25,0.0,0.3,with,1.0,1,0.0,-1.025,0.0,-1.0,-0.42,1.0,-41.0,-0.2,2,0.5,1.772,324.97,3.5,0.57,0.0,166.0,1.2,120.0
D_stop30atr25,30,stop,atr,0.25,,long,1.25,0.0,0.3,with,2.0,1,0.0,-1.025,0.0,-1.0,-0.42,1.0,-41.0,-0.2,2,1.0,2.66,inf,5.3,0.77,0.0,329.0,1.8,120.0
D_stop30atr25,30,stop,atr,0.25,,long,1.25,0.0,0.3,against,,1,0.0,-1.039,0.0,-1.0,-0.42,1.0,-27.0,-0.2,1,1.0,2.466,inf,2.5,0.57,0.0,184.0,0.8,120.0
D_stop30atr25,30,stop,atr,0.25,,long,1.25,0.0,0.3,against,1.0,1,0.0,-1.039,0.0,-1.0,-0.42,1.0,-27.0,-0.2,1,1.0,2.466,inf,2.5,0.57,0.0,184.0,0.8,120.0
D_stop30atr25,30,stop,atr,0.25,,long,1.25,0.0,0.3,against,2.0,1,0.0,-1.039,0.0,-1.0,-0.42,1.0,-27.0,-0.2,1,1.0,2.466,inf,2.5,0.57,0.0,184.0,0.8,120.0
D_stop30atr25,30,stop,atr,0.25,,long,1.25,0.0,0.5,,,34,0.353,0.022,1.03,0.7,0.03,6.9,-25.0,0.1,21,0.524,0.8,2.65,16.8,0.94,4.1,1175.0,5.6,120.0
D_stop30atr25,30,stop,atr,0.25,,long,1.25,0.0,0.5,,1.0,34,0.265,-0.051,0.91,-1.7,-0.09,8.9,-176.0,-0.3,21,0.429,0.773,3.25,16.2,0.95,2.1,1072.0,5.4,120.0
D_stop30atr25,30,stop,atr,0.25,,long,1.25,0.0,0.5,,2.0,34,0.353,0.022,1.03,0.7,0.03,6.9,-25.0,0.1,21,0.524,0.895,3.3,18.8,1.06,3.1,1287.0,6.3,120.0
D_stop30atr25,30,stop,atr,0.25,,long,1.25,0.0,0.5,with,,18,0.444,0.163,1.28,2.9,0.19,4.0,85.0,0.5,6,0.667,1.092,4.22,6.6,0.78,1.0,400.0,2.2,120.0
D_stop30atr25,30,stop,atr,0.25,,long,1.25,0.0,0.5,with,1.0,18,0.389,0.256,1.6,4.6,0.31,3.6,105.0,0.8,6,0.5,0.962,6.52,5.8,0.76,1.0,296.0,1.9,120.0
D_stop30atr25,30,stop,atr,0.25,,long,1.25,0.0,0.5,with,2.0,18,0.444,0.163,1.28,2.9,0.19,4.0,85.0,0.5,6,0.667,1.259,8.29,7.6,0.92,1.0,458.0,2.5,120.0
D_stop30atr25,30,stop,atr,0.25,,long,1.25,0.0,0.5,against,,16,0.25,-0.137,0.81,-2.2,-0.15,5.0,-110.0,-0.4,15,0.467,0.683,2.26,10.2,0.65,4.1,776.0,3.4,120.0
D_stop30atr25,30,stop,atr,0.25,,long,1.25,0.0,0.5,against,1.0,16,0.125,-0.396,0.45,-6.3,-0.51,6.7,-282.0,-1.1,15,0.4,0.697,2.7,10.5,0.68,2.1,776.0,3.5,120.0
D_stop30atr25,30,stop,atr,0.25,,long,1.25,0.0,0.5,against,2.0,16,0.25,-0.137,0.81,-2.2,-0.15,5.0,-110.0,-0.4,15,0.467,0.75,2.57,11.2,0.71,3.1,828.0,3.8,120.0
D_stop30atr25,30,stop,atr,0.25,,long,1.25,0.0,9.0,,,106,0.34,0.105,1.16,11.1,0.26,8.3,-79.0,2.0,46,0.413,0.443,1.74,20.4,0.82,4.1,1456.0,6.8,120.0
D_stop30atr25,30,stop,atr,0.25,,long,1.25,0.0,9.0,,1.0,106,0.226,0.074,1.15,7.9,0.2,10.4,-218.0,1.4,46,0.326,0.317,1.65,14.6,0.69,5.1,833.0,4.9,120.0
D_stop30atr25,30,stop,atr,0.25,,long,1.25,0.0,9.0,,2.0,106,0.311,0.084,1.13,8.9,0.21,9.2,-86.0,1.6,46,0.413,0.486,1.88,22.4,0.91,4.1,1567.0,7.5,120.0
D_stop30atr25,30,stop,atr,0.25,,long,1.25,0.0,9.0,with,,43,0.372,0.13,1.22,5.6,0.22,11.0,-48.0,1.0,21,0.429,0.347,1.6,7.3,0.53,3.1,380.0,2.4,120.0
D_stop30atr25,30,stop,atr,0.25,,long,1.25,0.0,9.0,with,1.0,43,0.279,0.168,1.36,7.2,0.29,9.2,-29.0,1.3,21,0.333,0.323,1.66,6.8,0.51,3.1,293.0,2.3,120.0
D_stop30atr25,30,stop,atr,0.25,,long,1.25,0.0,9.0,with,2.0,43,0.349,0.127,1.22,5.5,0.21,10.0,-41.0,1.0,21,0.429,0.395,1.74,8.3,0.6,3.1,439.0,2.8,120.0
D_stop30atr25,30,stop,atr,0.25,,long,1.25,0.0,9.0,against,,63,0.317,0.087,1.12,5.5,0.16,7.8,-31.0,1.0,25,0.4,0.522,1.86,13.1,0.63,4.7,1076.0,4.4,120.0
D_stop30atr25,30,stop,atr,0.25,,long,1.25,0.0,9.0,against,1.0,63,0.19,0.011,1.02,0.7,0.02,5.8,-189.0,0.1,25,0.32,0.313,1.64,7.8,0.47,5.1,540.0,2.6,120.0
D_stop30atr25,30,stop,atr,0.25,,long,1.25,0.0,9.0,against,2.0,63,0.286,0.054,1.08,3.4,0.1,8.9,-45.0,0.6,25,0.4,0.562,1.99,14.1,0.68,3.7,1129.0,4.7,120.0
D_stop30atr25,30,stop,atr,0.25,,long,1.25,0.1,0.3,,,2,0.0,-1.032,0.0,-2.1,-0.59,2.1,-68.0,-0.4,3,1.0,2.596,inf,7.8,0.95,0.0,513.0,2.6,120.0
D_stop30atr25,30,stop,atr,0.25,,long,1.25,0.1,0.3,,1.0,2,0.0,-1.032,0.0,-2.1,-0.59,2.1,-68.0,-0.4,3,0.667,2.003,550.44,6.0,0.79,0.0,351.0,2.0,120.0
D_stop30atr25,30,stop,atr,0.25,,long,1.25,0.1,0.3,,2.0,2,0.0,-1.032,0.0,-2.1,-0.59,2.1,-68.0,-0.4,3,1.0,2.596,inf,7.8,0.95,0.0,513.0,2.6,120.0
D_stop30atr25,30,stop,atr,0.25,,long,1.25,0.1,0.3,with,,1,0.0,-1.025,0.0,-1.0,-0.42,1.0,-41.0,-0.2,2,1.0,2.66,inf,5.3,0.77,0.0,329.0,1.8,120.0
D_stop30atr25,30,stop,atr,0.25,,long,1.25,0.1,0.3,with,1.0,1,0.0,-1.025,0.0,-1.0,-0.42,1.0,-41.0,-0.2,2,0.5,1.772,324.97,3.5,0.57,0.0,166.0,1.2,120.0
D_stop30atr25,30,stop,atr,0.25,,long,1.25,0.1,0.3,with,2.0,1,0.0,-1.025,0.0,-1.0,-0.42,1.0,-41.0,-0.2,2,1.0,2.66,inf,5.3,0.77,0.0,329.0,1.8,120.0
D_stop30atr25,30,stop,atr,0.25,,long,1.25,0.1,0.3,against,,1,0.0,-1.039,0.0,-1.0,-0.42,1.0,-27.0,-0.2,1,1.0,2.466,inf,2.5,0.57,0.0,184.0,0.8,120.0
D_stop30atr25,30,stop,atr,0.25,,long,1.25,0.1,0.3,against,1.0,1,0.0,-1.039,0.0,-1.0,-0.42,1.0,-27.0,-0.2,1,1.0,2.466,inf,2.5,0.57,0.0,184.0,0.8,120.0
D_stop30atr25,30,stop,atr,0.25,,long,1.25,0.1,0.3,against,2.0,1,0.0,-1.039,0.0,-1.0,-0.42,1.0,-27.0,-0.2,1,1.0,2.466,inf,2.5,0.57,0.0,184.0,0.8,120.0
D_stop30atr25,30,stop,atr,0.25,,long,1.25,0.1,0.5,,,34,0.353,0.022,1.03,0.7,0.03,6.9,-25.0,0.1,21,0.524,0.8,2.65,16.8,0.94,4.1,1175.0,5.6,120.0
D_stop30atr25,30,stop,atr,0.25,,long,1.25,0.1,0.5,,1.0,34,0.265,-0.051,0.91,-1.7,-0.09,8.9,-176.0,-0.3,21,0.429,0.773,3.25,16.2,0.95,2.1,1072.0,5.4,120.0
D_stop30atr25,30,stop,atr,0.25,,long,1.25,0.1,0.5,,2.0,34,0.353,0.022,1.03,0.7,0.03,6.9,-25.0,0.1,21,0.524,0.895,3.3,18.8,1.06,3.1,1287.0,6.3,120.0
D_stop30atr25,30,stop,atr,0.25,,long,1.25,0.1,0.5,with,,18,0.444,0.163,1.28,2.9,0.19,4.0,85.0,0.5,6,0.667,1.092,4.22,6.6,0.78,1.0,400.0,2.2,120.0
D_stop30atr25,30,stop,atr,0.25,,long,1.25,0.1,0.5,with,1.0,18,0.389,0.256,1.6,4.6,0.31,3.6,105.0,0.8,6,0.5,0.962,6.52,5.8,0.76,1.0,296.0,1.9,120.0
D_stop30atr25,30,stop,atr,0.25,,long,1.25,0.1,0.5,with,2.0,18,0.444,0.163,1.28,2.9,0.19,4.0,85.0,0.5,6,0.667,1.259,8.29,7.6,0.92,1.0,458.0,2.5,120.0
D_stop30atr25,30,stop,atr,0.25,,long,1.25,0.1,0.5,against,,16,0.25,-0.137,0.81,-2.2,-0.15,5.0,-110.0,-0.4,15,0.467,0.683,2.26,10.2,0.65,4.1,776.0,3.4,120.0
D_stop30atr25,30,stop,atr,0.25,,long,1.25,0.1,0.5,against,1.0,16,0.125,-0.396,0.45,-6.3,-0.51,6.7,-282.0,-1.1,15,0.4,0.697,2.7,10.5,0.68,2.1,776.0,3.5,120.0
D_stop30atr25,30,stop,atr,0.25,,long,1.25,0.1,0.5,against,2.0,16,0.25,-0.137,0.81,-2.2,-0.15,5.0,-110.0,-0.4,15,0.467,0.75,2.57,11.2,0.71,3.1,828.0,3.8,120.0
D_stop30atr25,30,stop,atr,0.25,,long,1.25,0.1,9.0,,,106,0.34,0.105,1.16,11.1,0.26,8.3,-79.0,2.0,46,0.413,0.443,1.74,20.4,0.82,4.1,1456.0,6.8,120.0
D_stop30atr25,30,stop,atr,0.25,,long,1.25,0.1,9.0,,1.0,106,0.226,0.074,1.15,7.9,0.2,10.4,-218.0,1.4,46,0.326,0.317,1.65,14.6,0.69,5.1,833.0,4.9,120.0
D_stop30atr25,30,stop,atr,0.25,,long,1.25,0.1,9.0,,2.0,106,0.311,0.084,1.13,8.9,0.21,9.2,-86.0,1.6,46,0.413,0.486,1.88,22.4,0.91,4.1,1567.0,7.5,120.0
D_stop30atr25,30,stop,atr,0.25,,long,1.25,0.1,9.0,with,,43,0.372,0.13,1.22,5.6,0.22,11.0,-48.0,1.0,21,0.429,0.347,1.6,7.3,0.53,3.1,380.0,2.4,120.0
D_stop30atr25,30,stop,atr,0.25,,long,1.25,0.1,9.0,with,1.0,43,0.279,0.168,1.36,7.2,0.29,9.2,-29.0,1.3,21,0.333,0.323,1.66,6.8,0.51,3.1,293.0,2.3,120.0
D_stop30atr25,30,stop,atr,0.25,,long,1.25,0.1,9.0,with,2.0,43,0.349,0.127,1.22,5.5,0.21,10.0,-41.0,1.0,21,0.429,0.395,1.74,8.3,0.6,3.1,439.0,2.8,120.0
D_stop30atr25,30,stop,atr,0.25,,long,1.25,0.1,9.0,against,,63,0.317,0.087,1.12,5.5,0.16,7.8,-31.0,1.0,25,0.4,0.522,1.86,13.1,0.63,4.7,1076.0,4.4,120.0
D_stop30atr25,30,stop,atr,0.25,,long,1.25,0.1,9.0,against,1.0,63,0.19,0.011,1.02,0.7,0.02,5.8,-189.0,0.1,25,0.32,0.313,1.64,7.8,0.47,5.1,540.0,2.6,120.0
D_stop30atr25,30,stop,atr,0.25,,long,1.25,0.1,9.0,against,2.0,63,0.286,0.054,1.08,3.4,0.1,8.9,-45.0,0.6,25,0.4,0.562,1.99,14.1,0.68,3.7,1129.0,4.7,120.0
D_stop30atr25,30,stop,atr,0.25,,long,1.25,0.2,0.3,,,2,0.0,-1.032,0.0,-2.1,-0.59,2.1,-68.0,-0.4,3,1.0,2.596,inf,7.8,0.95,0.0,513.0,2.6,120.0
D_stop30atr25,30,stop,atr,0.25,,long,1.25,0.2,0.3,,1.0,2,0.0,-1.032,0.0,-2.1,-0.59,2.1,-68.0,-0.4,3,0.667,2.003,550.44,6.0,0.79,0.0,351.0,2.0,120.0
D_stop30atr25,30,stop,atr,0.25,,long,1.25,0.2,0.3,,2.0,2,0.0,-1.032,0.0,-2.1,-0.59,2.1,-68.0,-0.4,3,1.0,2.596,inf,7.8,0.95,0.0,513.0,2.6,120.0
D_stop30atr25,30,stop,atr,0.25,,long,1.25,0.2,0.3,with,,1,0.0,-1.025,0.0,-1.0,-0.42,1.0,-41.0,-0.2,2,1.0,2.66,inf,5.3,0.77,0.0,329.0,1.8,120.0
D_stop30atr25,30,stop,atr,0.25,,long,1.25,0.2,0.3,with,1.0,1,0.0,-1.025,0.0,-1.0,-0.42,1.0,-41.0,-0.2,2,0.5,1.772,324.97,3.5,0.57,0.0,166.0,1.2,120.0
D_stop30atr25,30,stop,atr,0.25,,long,1.25,0.2,0.3,with,2.0,1,0.0,-1.025,0.0,-1.0,-0.42,1.0,-41.0,-0.2,2,1.0,2.66,inf,5.3,0.77,0.0,329.0,1.8,120.0
D_stop30atr25,30,stop,atr,0.25,,long,1.25,0.2,0.3,against,,1,0.0,-1.039,0.0,-1.0,-0.42,1.0,-27.0,-0.2,1,1.0,2.466,inf,2.5,0.57,0.0,184.0,0.8,120.0
D_stop30atr25,30,stop,atr,0.25,,long,1.25,0.2,0.3,against,1.0,1,0.0,-1.039,0.0,-1.0,-0.42,1.0,-27.0,-0.2,1,1.0,2.466,inf,2.5,0.57,0.0,184.0,0.8,120.0
D_stop30atr25,30,stop,atr,0.25,,long,1.25,0.2,0.3,against,2.0,1,0.0,-1.039,0.0,-1.0,-0.42,1.0,-27.0,-0.2,1,1.0,2.466,inf,2.5,0.57,0.0,184.0,0.8,120.0
D_stop30atr25,30,stop,atr,0.25,,long,1.25,0.2,0.5,,,34,0.353,0.022,1.03,0.7,0.03,6.9,-25.0,0.1,21,0.524,0.8,2.65,16.8,0.94,4.1,1175.0,5.6,120.0
D_stop30atr25,30,stop,atr,0.25,,long,1.25,0.2,0.5,,1.0,34,0.265,-0.051,0.91,-1.7,-0.09,8.9,-176.0,-0.3,21,0.429,0.773,3.25,16.2,0.95,2.1,1072.0,5.4,120.0
D_stop30atr25,30,stop,atr,0.25,,long,1.25,0.2,0.5,,2.0,34,0.353,0.022,1.03,0.7,0.03,6.9,-25.0,0.1,21,0.524,0.895,3.3,18.8,1.06,3.1,1287.0,6.3,120.0
D_stop30atr25,30,stop,atr,0.25,,long,1.25,0.2,0.5,with,,18,0.444,0.163,1.28,2.9,0.19,4.0,85.0,0.5,6,0.667,1.092,4.22,6.6,0.78,1.0,400.0,2.2,120.0
D_stop30atr25,30,stop,atr,0.25,,long,1.25,0.2,0.5,with,1.0,18,0.389,0.256,1.6,4.6,0.31,3.6,105.0,0.8,6,0.5,0.962,6.52,5.8,0.76,1.0,296.0,1.9,120.0
D_stop30atr25,30,stop,atr,0.25,,long,1.25,0.2,0.5,with,2.0,18,0.444,0.163,1.28,2.9,0.19,4.0,85.0,0.5,6,0.667,1.259,8.29,7.6,0.92,1.0,458.0,2.5,120.0
D_stop30atr25,30,stop,atr,0.25,,long,1.25,0.2,0.5,against,,16,0.25,-0.137,0.81,-2.2,-0.15,5.0,-110.0,-0.4,15,0.467,0.683,2.26,10.2,0.65,4.1,776.0,3.4,120.0
D_stop30atr25,30,stop,atr,0.25,,long,1.25,0.2,0.5,against,1.0,16,0.125,-0.396,0.45,-6.3,-0.51,6.7,-282.0,-1.1,15,0.4,0.697,2.7,10.5,0.68,2.1,776.0,3.5,120.0
D_stop30atr25,30,stop,atr,0.25,,long,1.25,0.2,0.5,against,2.0,16,0.25,-0.137,0.81,-2.2,-0.15,5.0,-110.0,-0.4,15,0.467,0.75,2.57,11.2,0.71,3.1,828.0,3.8,120.0
D_stop30atr25,30,stop,atr,0.25,,long,1.25,0.2,9.0,,,106,0.34,0.105,1.16,11.1,0.26,8.3,-79.0,2.0,46,0.413,0.443,1.74,20.4,0.82,4.1,1456.0,6.8,120.0
D_stop30atr25,30,stop,atr,0.25,,long,1.25,0.2,9.0,,1.0,106,0.226,0.074,1.15,7.9,0.2,10.4,-218.0,1.4,46,0.326,0.317,1.65,14.6,0.69,5.1,833.0,4.9,120.0
D_stop30atr25,30,stop,atr,0.25,,long,1.25,0.2,9.0,,2.0,106,0.311,0.084,1.13,8.9,0.21,9.2,-86.0,1.6,46,0.413,0.486,1.88,22.4,0.91,4.1,1567.0,7.5,120.0
D_stop30atr25,30,stop,atr,0.25,,long,1.25,0.2,9.0,with,,43,0.372,0.13,1.22,5.6,0.22,11.0,-48.0,1.0,21,0.429,0.347,1.6,7.3,0.53,3.1,380.0,2.4,120.0
D_stop30atr25,30,stop,atr,0.25,,long,1.25,0.2,9.0,with,1.0,43,0.279,0.168,1.36,7.2,0.29,9.2,-29.0,1.3,21,0.333,0.323,1.66,6.8,0.51,3.1,293.0,2.3,120.0
D_stop30atr25,30,stop,atr,0.25,,long,1.25,0.2,9.0,with,2.0,43,0.349,0.127,1.22,5.5,0.21,10.0,-41.0,1.0,21,0.429,0.395,1.74,8.3,0.6,3.1,439.0,2.8,120.0
D_stop30atr25,30,stop,atr,0.25,,long,1.25,0.2,9.0,against,,63,0.317,0.087,1.12,5.5,0.16,7.8,-31.0,1.0,25,0.4,0.522,1.86,13.1,0.63,4.7,1076.0,4.4,120.0
D_stop30atr25,30,stop,atr,0.25,,long,1.25,0.2,9.0,against,1.0,63,0.19,0.011,1.02,0.7,0.02,5.8,-189.0,0.1,25,0.32,0.313,1.64,7.8,0.47,5.1,540.0,2.6,120.0
D_stop30atr25,30,stop,atr,0.25,,long,1.25,0.2,9.0,against,2.0,63,0.286,0.054,1.08,3.4,0.1,8.9,-45.0,0.6,25,0.4,0.562,1.99,14.1,0.68,3.7,1129.0,4.7,120.0
E_stop30atr15,30,stop,atr,0.15,10.0,both,0.0,0.0,0.3,,,413,0.327,0.018,1.03,7.3,0.08,41.3,-101.0,1.3,237,0.325,0.173,1.26,41.1,0.78,20.4,1796.0,13.7,120.0
E_stop30atr15,30,stop,atr,0.15,10.0,both,0.0,0.0,0.3,,1.0,413,0.228,-0.035,0.94,-14.3,-0.18,46.4,-480.0,-2.6,237,0.228,0.046,1.1,10.9,0.26,26.4,743.0,3.6,120.0
E_stop30atr15,30,stop,atr,0.15,10.0,both,0.0,0.0,0.3,,2.0,413,0.303,0.021,1.03,8.8,0.1,42.4,-223.0,1.6,237,0.283,0.13,1.23,30.8,0.64,20.4,1360.0,10.3,120.0
E_stop30atr15,30,stop,atr,0.15,10.0,both,0.0,0.0,0.3,with,,203,0.365,0.111,1.17,22.4,0.38,21.9,918.0,4.0,122,0.328,0.16,1.25,19.6,0.56,12.6,905.0,6.5,120.0
E_stop30atr15,30,stop,atr,0.15,10.0,both,0.0,0.0,0.3,with,1.0,203,0.281,0.043,1.08,8.8,0.16,17.1,580.0,1.6,122,0.246,0.035,1.07,4.3,0.16,11.5,432.0,1.4,120.0
E_stop30atr15,30,stop,atr,0.15,10.0,both,0.0,0.0,0.3,with,2.0,203,0.35,0.119,1.2,24.1,0.41,17.7,865.0,4.3,122,0.295,0.118,1.21,14.3,0.44,10.7,663.0,4.8,120.0
E_stop30atr15,30,stop,atr,0.15,10.0,both,0.0,0.0,0.3,against,,210,0.29,-0.072,0.9,-15.2,-0.23,39.1,-1020.0,-2.7,113,0.327,0.208,1.31,23.5,0.59,16.1,990.0,7.9,120.0
E_stop30atr15,30,stop,atr,0.15,10.0,both,0.0,0.0,0.3,against,1.0,210,0.176,-0.11,0.8,-23.1,-0.41,45.1,-1060.0,-4.1,113,0.212,0.058,1.12,6.6,0.21,24.0,314.0,2.2,120.0
E_stop30atr15,30,stop,atr,0.15,10.0,both,0.0,0.0,0.3,against,2.0,210,0.257,-0.073,0.89,-15.3,-0.24,42.8,-1088.0,-2.7,113,0.274,0.164,1.3,18.5,0.52,13.5,796.0,6.2,120.0
E_stop30atr15,30,stop,atr,0.15,10.0,both,0.0,0.0,0.5,,,1028,0.296,0.065,1.09,66.4,0.41,29.4,1248.0,11.9,604,0.288,0.176,1.24,106.2,1.1,35.1,4851.0,35.5,120.0
E_stop30atr15,30,stop,atr,0.15,10.0,both,0.0,0.0,0.5,,1.0,1028,0.199,0.035,1.06,36.2,0.26,32.4,876.0,6.5,604,0.19,0.103,1.21,62.5,0.81,26.3,3331.0,20.9,120.0
E_stop30atr15,30,stop,atr,0.15,10.0,both,0.0,0.0,0.5,,2.0,1028,0.264,0.052,1.08,53.6,0.36,30.0,1233.0,9.6,604,0.253,0.17,1.27,102.4,1.12,31.0,4655.0,34.2,120.0
E_stop30atr15,30,stop,atr,0.15,10.0,both,0.0,0.0,0.5,with,,513,0.329,0.117,1.17,59.8,0.56,25.9,1600.0,10.7,302,0.308,0.18,1.26,54.3,0.88,21.6,2320.0,18.1,120.0
E_stop30atr15,30,stop,atr,0.15,10.0,both,0.0,0.0,0.5,with,1.0,513,0.246,0.124,1.23,63.5,0.66,27.4,1834.0,11.4,302,0.228,0.145,1.3,43.9,0.85,14.8,2079.0,14.7,120.0
E_stop30atr15,30,stop,atr,0.15,10.0,both,0.0,0.0,0.5,with,2.0,513,0.302,0.13,1.2,66.5,0.65,18.3,1782.0,11.9,302,0.285,0.194,1.31,58.6,0.98,16.6,2363.0,19.6,120.0
E_stop30atr15,30,stop,atr,0.15,10.0,both,0.0,0.0,0.5,against,,515,0.262,0.013,1.02,6.7,0.06,33.8,-352.0,1.2,300,0.27,0.18,1.24,53.9,0.73,28.8,2630.0,18.0,120.0
E_stop30atr15,30,stop,atr,0.15,10.0,both,0.0,0.0,0.5,against,1.0,515,0.153,-0.053,0.91,-27.4,-0.28,42.6,-959.0,-4.9,300,0.153,0.062,1.13,18.6,0.32,36.6,1254.0,6.2,120.0
E_stop30atr15,30,stop,atr,0.15,10.0,both,0.0,0.0,0.5,against,2.0,515,0.225,-0.025,0.96,-12.9,-0.12,40.4,-549.0,-2.3,300,0.223,0.153,1.24,45.8,0.66,29.4,2391.0,15.3,120.0
E_stop30atr15,30,stop,atr,0.15,10.0,both,0.0,0.0,9.0,,,1336,0.276,0.075,1.1,100.1,0.51,48.9,1484.0,17.9,741,0.275,0.158,1.22,117.2,1.09,30.2,5386.0,39.2,120.0
E_stop30atr15,30,stop,atr,0.15,10.0,both,0.0,0.0,9.0,,1.0,1336,0.183,0.019,1.03,24.8,0.15,40.9,509.0,4.4,741,0.181,0.118,1.24,87.3,0.98,21.5,4237.0,29.2,120.0
E_stop30atr15,30,stop,atr,0.15,10.0,both,0.0,0.0,9.0,,2.0,1336,0.242,0.054,1.08,71.8,0.39,33.8,1141.0,12.9,741,0.243,0.162,1.25,119.7,1.16,27.0,5437.0,40.0,120.0
E_stop30atr15,30,stop,atr,0.15,10.0,both,0.0,0.0,9.0,with,,664,0.31,0.15,1.21,99.3,0.74,33.3,2512.0,17.8,372,0.315,0.276,1.4,102.8,1.39,20.8,4187.0,34.4,120.0
E_stop30atr15,30,stop,atr,0.15,10.0,both,0.0,0.0,9.0,with,1.0,664,0.223,0.083,1.15,55.3,0.5,31.5,2050.0,9.9,372,0.226,0.221,1.46,82.2,1.29,17.9,3476.0,27.5,120.0
E_stop30atr15,30,stop,atr,0.15,10.0,both,0.0,0.0,9.0,with,2.0,664,0.276,0.127,1.19,84.2,0.68,25.5,2247.0,15.1,372,0.288,0.284,1.46,105.7,1.47,18.8,4181.0,35.3,120.0
E_stop30atr15,30,stop,atr,0.15,10.0,both,0.0,0.0,9.0,against,,672,0.243,0.001,1.0,0.7,0.01,40.6,-1027.0,0.1,367,0.237,0.045,1.06,16.4,0.21,46.3,1298.0,5.5,120.0
E_stop30atr15,30,stop,atr,0.15,10.0,both,0.0,0.0,9.0,against,1.0,672,0.144,-0.045,0.92,-30.6,-0.26,49.2,-1541.0,-5.5,367,0.136,0.014,1.03,5.1,0.08,42.1,763.0,1.7,120.0
E_stop30atr15,30,stop,atr,0.15,10.0,both,0.0,0.0,9.0,against,2.0,672,0.208,-0.018,0.97,-12.4,-0.09,49.8,-1106.0,-2.2,367,0.199,0.044,1.07,16.0,0.22,44.3,1355.0,5.4,120.0
E_stop30atr15,30,stop,atr,0.15,10.0,both,0.0,0.1,0.3,,,397,0.312,0.015,1.02,5.9,0.07,42.2,-151.0,1.1,225,0.32,0.185,1.27,41.7,0.79,21.1,1870.0,13.9,120.0
E_stop30atr15,30,stop,atr,0.15,10.0,both,0.0,0.1,0.3,,1.0,397,0.212,-0.038,0.93,-15.1,-0.19,46.9,-513.0,-2.7,225,0.218,0.051,1.1,11.6,0.27,28.0,817.0,3.9,120.0
E_stop30atr15,30,stop,atr,0.15,10.0,both,0.0,0.1,0.3,,2.0,397,0.287,0.019,1.03,7.5,0.09,43.4,-272.0,1.3,225,0.276,0.14,1.24,31.5,0.65,20.9,1434.0,10.5,120.0
E_stop30atr15,30,stop,atr,0.15,10.0,both,0.0,0.1,0.3,with,,194,0.345,0.109,1.16,21.2,0.36,23.7,874.0,3.8,116,0.328,0.162,1.24,18.8,0.54,12.8,890.0,6.3,120.0
E_stop30atr15,30,stop,atr,0.15,10.0,both,0.0,0.1,0.3,with,1.0,194,0.258,0.039,1.07,7.5,0.14,18.3,535.0,1.4,116,0.241,0.03,1.06,3.5,0.13,12.3,416.0,1.2,120.0
E_stop30atr15,30,stop,atr,0.15,10.0,both,0.0,0.1,0.3,with,2.0,194,0.33,0.118,1.19,22.9,0.39,18.7,820.0,4.1,116,0.293,0.117,1.2,13.5,0.42,10.7,647.0,4.5,120.0
E_stop30atr15,30,stop,atr,0.15,10.0,both,0.0,0.1,0.3,against,,203,0.281,-0.075,0.9,-15.3,-0.23,38.7,-1025.0,-2.7,107,0.318,0.234,1.34,25.0,0.63,16.2,1079.0,8.4,120.0
E_stop30atr15,30,stop,atr,0.15,10.0,both,0.0,0.1,0.3,against,1.0,203,0.167,-0.112,0.8,-22.7,-0.4,44.2,-1048.0,-4.1,107,0.196,0.075,1.15,8.1,0.25,23.5,403.0,2.7,120.0
E_stop30atr15,30,stop,atr,0.15,10.0,both,0.0,0.1,0.3,against,2.0,203,0.246,-0.076,0.89,-15.4,-0.24,42.4,-1093.0,-2.8,107,0.262,0.187,1.33,20.0,0.56,13.7,885.0,6.7,120.0
E_stop30atr15,30,stop,atr,0.15,10.0,both,0.0,0.1,0.5,,,1012,0.29,0.064,1.09,65.1,0.41,30.0,1199.0,11.7,592,0.285,0.18,1.25,106.9,1.11,35.8,4924.0,35.7,120.0
E_stop30atr15,30,stop,atr,0.15,10.0,both,0.0,0.1,0.5,,1.0,1012,0.193,0.035,1.06,35.4,0.26,33.2,843.0,6.3,592,0.186,0.107,1.22,63.1,0.82,27.1,3404.0,21.1,120.0
E_stop30atr15,30,stop,atr,0.15,10.0,both,0.0,0.1,0.5,,2.0,1012,0.257,0.052,1.08,52.3,0.35,30.1,1184.0,9.4,592,0.25,0.174,1.27,103.1,1.13,31.7,4729.0,34.5,120.0
E_stop30atr15,30,stop,atr,0.15,10.0,both,0.0,0.1,0.5,with,,504,0.321,0.116,1.16,58.5,0.55,25.7,1556.0,10.5,296,0.307,0.181,1.26,53.5,0.87,22.0,2304.0,17.9,120.0
E_stop30atr15,30,stop,atr,0.15,10.0,both,0.0,0.1,0.5,with,1.0,504,0.236,0.124,1.23,62.3,0.65,27.2,1790.0,11.2,296,0.226,0.146,1.29,43.1,0.83,14.8,2063.0,14.4,120.0
E_stop30atr15,30,stop,atr,0.15,10.0,both,0.0,0.1,0.5,with,2.0,504,0.294,0.13,1.2,65.3,0.64,18.7,1738.0,11.7,296,0.284,0.195,1.31,57.8,0.97,17.0,2348.0,19.3,120.0
E_stop30atr15,30,stop,atr,0.15,10.0,both,0.0,0.1,0.5,against,,508,0.258,0.013,1.02,6.6,0.06,33.9,-357.0,1.2,294,0.265,0.188,1.25,55.4,0.75,29.6,2719.0,18.5,120.0
E_stop30atr15,30,stop,atr,0.15,10.0,both,0.0,0.1,0.5,against,1.0,508,0.15,-0.053,0.91,-26.9,-0.28,41.7,-947.0,-4.8,294,0.146,0.068,1.14,20.1,0.35,37.2,1343.0,6.7,120.0
E_stop30atr15,30,stop,atr,0.15,10.0,both,0.0,0.1,0.5,against,2.0,508,0.22,-0.026,0.96,-13.0,-0.12,40.0,-554.0,-2.3,294,0.218,0.161,1.25,47.3,0.68,29.8,2480.0,15.8,120.0
E_stop30atr15,30,stop,atr,0.15,10.0,both,0.0,0.1,9.0,,,1320,0.271,0.075,1.1,98.7,0.51,48.8,1435.0,17.7,729,0.273,0.162,1.22,117.9,1.1,31.0,5460.0,39.4,120.0
E_stop30atr15,30,stop,atr,0.15,10.0,both,0.0,0.1,9.0,,1.0,1320,0.178,0.018,1.03,24.0,0.15,41.8,477.0,4.3,729,0.177,0.121,1.25,87.9,0.99,21.3,4311.0,29.4,120.0
E_stop30atr15,30,stop,atr,0.15,10.0,both,0.0,0.1,9.0,,2.0,1320,0.236,0.053,1.08,70.5,0.39,34.7,1092.0,12.6,729,0.24,0.165,1.25,120.4,1.17,27.7,5511.0,40.2,120.0
E_stop30atr15,30,stop,atr,0.15,10.0,both,0.0,0.1,9.0,with,,655,0.304,0.15,1.2,98.1,0.74,33.1,2467.0,17.6,366,0.314,0.279,1.4,102.1,1.38,20.8,4171.0,34.1,120.0
E_stop30atr15,30,stop,atr,0.15,10.0,both,0.0,0.1,9.0,with,1.0,655,0.215,0.083,1.15,54.1,0.49,31.3,2005.0,9.7,366,0.224,0.222,1.45,81.4,1.28,17.9,3461.0,27.2,120.0
E_stop30atr15,30,stop,atr,0.15,10.0,both,0.0,0.1,9.0,with,2.0,655,0.269,0.127,1.19,83.0,0.67,25.9,2203.0,14.9,366,0.287,0.287,1.46,104.9,1.46,18.8,4165.0,35.1,120.0
E_stop30atr15,30,stop,atr,0.15,10.0,both,0.0,0.1,9.0,against,,665,0.239,0.001,1.0,0.6,0.0,40.7,-1032.0,0.1,361,0.233,0.05,1.06,17.9,0.23,46.8,1387.0,6.0,120.0
E_stop30atr15,30,stop,atr,0.15,10.0,both,0.0,0.1,9.0,against,1.0,665,0.141,-0.045,0.92,-30.1,-0.26,48.3,-1529.0,-5.4,361,0.13,0.018,1.04,6.6,0.11,42.3,852.0,2.2,120.0
E_stop30atr15,30,stop,atr,0.15,10.0,both,0.0,0.1,9.0,against,2.0,665,0.205,-0.019,0.97,-12.5,-0.09,49.4,-1111.0,-2.2,361,0.194,0.048,1.07,17.5,0.24,44.8,1444.0,5.8,120.0
E_stop30atr15,30,stop,atr,0.15,10.0,both,0.0,0.2,0.3,,,311,0.293,-0.061,0.92,-19.0,-0.24,63.4,-468.0,-3.4,183,0.355,0.326,1.49,59.6,1.18,16.4,2601.0,19.9,120.0
E_stop30atr15,30,stop,atr,0.15,10.0,both,0.0,0.2,0.3,,1.0,311,0.174,-0.144,0.76,-44.7,-0.66,79.1,-1015.0,-8.0,183,0.235,0.132,1.28,24.2,0.61,18.4,1269.0,8.1,120.0
E_stop30atr15,30,stop,atr,0.15,10.0,both,0.0,0.2,0.3,,2.0,311,0.26,-0.063,0.91,-19.5,-0.26,70.4,-630.0,-3.5,183,0.301,0.25,1.45,45.8,1.0,16.2,2002.0,15.3,120.0
E_stop30atr15,30,stop,atr,0.15,10.0,both,0.0,0.2,0.3,with,,153,0.314,-0.015,0.98,-2.3,-0.04,38.2,296.0,-0.4,92,0.38,0.338,1.54,31.1,0.94,8.2,1565.0,10.4,120.0
E_stop30atr15,30,stop,atr,0.15,10.0,both,0.0,0.2,0.3,with,1.0,153,0.216,-0.113,0.82,-17.3,-0.37,32.7,-69.0,-3.1,92,0.283,0.141,1.29,12.9,0.5,9.3,896.0,4.3,120.0
E_stop30atr15,30,stop,atr,0.15,10.0,both,0.0,0.2,0.3,with,2.0,153,0.294,-0.011,0.98,-1.6,-0.03,33.2,217.0,-0.3,92,0.337,0.257,1.45,23.6,0.77,8.7,1209.0,7.9,120.0
E_stop30atr15,30,stop,atr,0.15,10.0,both,0.0,0.2,0.3,against,,158,0.272,-0.106,0.86,-16.7,-0.28,43.6,-764.0,-3.0,89,0.337,0.343,1.5,30.5,0.8,12.6,1135.0,10.2,120.0
E_stop30atr15,30,stop,atr,0.15,10.0,both,0.0,0.2,0.3,against,1.0,158,0.133,-0.173,0.7,-27.4,-0.56,52.3,-946.0,-4.9,89,0.191,0.127,1.27,11.3,0.38,19.2,375.0,3.8,120.0
E_stop30atr15,30,stop,atr,0.15,10.0,both,0.0,0.2,0.3,against,2.0,158,0.228,-0.113,0.84,-17.9,-0.31,48.3,-847.0,-3.2,89,0.27,0.272,1.5,24.2,0.72,10.3,892.0,8.1,120.0
E_stop30atr15,30,stop,atr,0.15,10.0,both,0.0,0.2,0.5,,,926,0.281,0.043,1.06,40.1,0.26,29.7,881.0,7.2,550,0.295,0.227,1.31,124.7,1.32,29.3,5656.0,41.7,120.0
E_stop30atr15,30,stop,atr,0.15,10.0,both,0.0,0.2,0.5,,1.0,926,0.178,0.006,1.01,5.8,0.04,31.5,341.0,1.0,550,0.189,0.138,1.28,75.8,1.0,24.5,3856.0,25.3,120.0
E_stop30atr15,30,stop,atr,0.15,10.0,both,0.0,0.2,0.5,,2.0,926,0.245,0.027,1.04,25.3,0.18,30.5,827.0,4.5,550,0.256,0.213,1.33,117.4,1.3,27.2,5297.0,39.2,120.0
E_stop30atr15,30,stop,atr,0.15,10.0,both,0.0,0.2,0.5,with,,463,0.309,0.076,1.1,35.0,0.34,38.3,978.0,6.3,272,0.324,0.242,1.35,65.8,1.08,16.7,2979.0,22.0,120.0
E_stop30atr15,30,stop,atr,0.15,10.0,both,0.0,0.2,0.5,with,1.0,463,0.22,0.081,1.15,37.5,0.41,23.8,1185.0,6.7,272,0.239,0.193,1.39,52.5,1.03,12.7,2543.0,17.6,120.0
E_stop30atr15,30,stop,atr,0.15,10.0,both,0.0,0.2,0.5,with,2.0,463,0.279,0.088,1.13,40.8,0.42,32.2,1135.0,7.3,272,0.298,0.25,1.4,67.9,1.15,13.4,2910.0,22.7,120.0
E_stop30atr15,30,stop,atr,0.15,10.0,both,0.0,0.2,0.5,against,,463,0.253,0.011,1.01,5.1,0.04,34.4,-97.0,0.9,276,0.268,0.221,1.29,60.9,0.84,24.5,2775.0,20.4,120.0
E_stop30atr15,30,stop,atr,0.15,10.0,both,0.0,0.2,0.5,against,1.0,463,0.136,-0.068,0.88,-31.6,-0.34,47.5,-845.0,-5.7,276,0.141,0.084,1.17,23.3,0.42,29.9,1315.0,7.8,120.0
E_stop30atr15,30,stop,atr,0.15,10.0,both,0.0,0.2,0.5,against,2.0,463,0.212,-0.033,0.95,-15.5,-0.15,46.0,-308.0,-2.8,276,0.217,0.187,1.29,51.5,0.75,25.2,2486.0,17.2,120.0
E_stop30atr15,30,stop,atr,0.15,10.0,both,0.0,0.2,9.0,,,1234,0.263,0.06,1.08,73.8,0.39,51.4,1118.0,13.2,687,0.279,0.198,1.27,135.8,1.28,24.5,6191.0,45.4,120.0
E_stop30atr15,30,stop,atr,0.15,10.0,both,0.0,0.2,9.0,,1.0,1234,0.166,-0.005,0.99,-5.6,-0.04,48.1,-26.0,-1.0,687,0.179,0.146,1.3,100.6,1.15,19.2,4763.0,33.6,120.0
E_stop30atr15,30,stop,atr,0.15,10.0,both,0.0,0.2,9.0,,2.0,1234,0.226,0.035,1.05,43.5,0.24,43.9,734.0,7.8,687,0.245,0.196,1.3,134.7,1.32,24.4,6079.0,45.0,120.0
E_stop30atr15,30,stop,atr,0.15,10.0,both,0.0,0.2,9.0,with,,614,0.293,0.122,1.16,74.6,0.57,35.7,1890.0,13.4,342,0.327,0.334,1.48,114.4,1.56,16.7,4847.0,38.2,120.0
E_stop30atr15,30,stop,atr,0.15,10.0,both,0.0,0.2,9.0,with,1.0,614,0.202,0.048,1.08,29.3,0.27,31.5,1401.0,5.2,342,0.234,0.265,1.55,90.8,1.44,15.8,3941.0,30.3,120.0
E_stop30atr15,30,stop,atr,0.15,10.0,both,0.0,0.2,9.0,with,2.0,614,0.256,0.095,1.14,58.5,0.48,35.2,1599.0,10.5,342,0.298,0.336,1.54,115.0,1.61,15.7,4727.0,38.4,120.0
E_stop30atr15,30,stop,atr,0.15,10.0,both,0.0,0.2,9.0,against,,620,0.234,-0.001,1.0,-0.9,-0.01,42.2,-772.0,-0.2,343,0.233,0.068,1.09,23.4,0.3,40.1,1443.0,7.8,120.0
E_stop30atr15,30,stop,atr,0.15,10.0,both,0.0,0.2,9.0,against,1.0,620,0.131,-0.056,0.9,-34.8,-0.31,52.9,-1427.0,-6.2,343,0.125,0.029,1.06,9.8,0.16,34.8,824.0,3.3,120.0
E_stop30atr15,30,stop,atr,0.15,10.0,both,0.0,0.2,9.0,against,2.0,620,0.197,-0.024,0.97,-15.0,-0.12,53.1,-865.0,-2.7,343,0.192,0.063,1.09,21.7,0.3,39.3,1451.0,7.3,120.0
E_stop30atr15,30,stop,atr,0.15,10.0,both,1.0,0.0,0.3,,,60,0.267,-0.195,0.74,-11.7,-0.41,18.4,-11.0,-2.1,47,0.489,1.034,2.96,48.6,1.57,4.1,1942.0,16.2,120.0
E_stop30atr15,30,stop,atr,0.15,10.0,both,1.0,0.0,0.3,,1.0,60,0.15,-0.194,0.67,-11.6,-0.47,16.1,-145.0,-2.1,47,0.298,0.366,2.01,17.2,0.88,4.2,666.0,5.7,120.0
E_stop30atr15,30,stop,atr,0.15,10.0,both,1.0,0.0,0.3,,2.0,60,0.2,-0.222,0.68,-13.3,-0.49,20.2,-138.0,-2.4,47,0.404,0.767,2.81,36.0,1.37,4.2,1316.0,12.0,120.0
E_stop30atr15,30,stop,atr,0.15,10.0,both,1.0,0.0,0.3,with,,32,0.281,-0.098,0.87,-3.2,-0.15,8.1,37.0,-0.6,24,0.542,1.114,3.32,26.7,1.24,2.3,1163.0,8.9,120.0
E_stop30atr15,30,stop,atr,0.15,10.0,both,1.0,0.0,0.3,with,1.0,32,0.188,-0.223,0.66,-7.1,-0.39,7.4,-149.0,-1.3,24,0.375,0.687,3.5,16.5,1.03,2.3,705.0,5.5,120.0
E_stop30atr15,30,stop,atr,0.15,10.0,both,1.0,0.0,0.3,with,2.0,32,0.25,-0.126,0.82,-4.0,-0.19,7.6,13.0,-0.7,24,0.458,0.966,3.72,23.2,1.18,2.3,930.0,7.8,120.0
E_stop30atr15,30,stop,atr,0.15,10.0,both,1.0,0.0,0.3,against,,28,0.25,-0.306,0.61,-8.6,-0.45,16.1,-48.0,-1.5,23,0.435,0.951,2.64,21.9,0.98,4.1,779.0,7.3,120.0
E_stop30atr15,30,stop,atr,0.15,10.0,both,1.0,0.0,0.3,against,1.0,28,0.107,-0.161,0.68,-4.5,-0.27,13.0,4.0,-0.8,23,0.217,0.031,1.07,0.7,0.06,5.2,-39.0,0.2,120.0
E_stop30atr15,30,stop,atr,0.15,10.0,both,1.0,0.0,0.3,against,2.0,28,0.143,-0.332,0.51,-9.3,-0.53,17.8,-151.0,-1.7,23,0.348,0.558,2.13,12.8,0.74,5.2,387.0,4.3,120.0
E_stop30atr15,30,stop,atr,0.15,10.0,both,1.0,0.0,0.5,,,365,0.255,-0.036,0.96,-13.0,-0.14,35.8,267.0,-2.3,256,0.266,0.2,1.26,51.1,0.74,21.6,2059.0,17.1,120.0
E_stop30atr15,30,stop,atr,0.15,10.0,both,1.0,0.0,0.5,,1.0,365,0.145,-0.036,0.94,-13.2,-0.17,32.3,176.0,-2.4,256,0.148,0.065,1.14,16.5,0.32,29.3,606.0,5.5,120.0
E_stop30atr15,30,stop,atr,0.15,10.0,both,1.0,0.0,0.5,,2.0,365,0.205,-0.06,0.92,-21.7,-0.25,42.9,211.0,-3.9,256,0.227,0.203,1.31,52.1,0.79,20.0,1968.0,17.4,120.0
E_stop30atr15,30,stop,atr,0.15,10.0,both,1.0,0.0,0.5,with,,193,0.301,0.078,1.1,15.1,0.23,19.4,368.0,2.7,126,0.294,0.218,1.3,27.5,0.62,15.7,891.0,9.2,120.0
E_stop30atr15,30,stop,atr,0.15,10.0,both,1.0,0.0,0.5,with,1.0,193,0.187,0.058,1.11,11.2,0.2,10.3,340.0,2.0,126,0.198,0.175,1.37,22.1,0.62,8.7,659.0,7.4,120.0
E_stop30atr15,30,stop,atr,0.15,10.0,both,1.0,0.0,0.5,with,2.0,193,0.254,0.06,1.09,11.6,0.19,15.9,422.0,2.1,126,0.27,0.268,1.42,33.8,0.78,13.5,1022.0,11.3,120.0
E_stop30atr15,30,stop,atr,0.15,10.0,both,1.0,0.0,0.5,against,,172,0.203,-0.163,0.81,-28.1,-0.42,46.5,-100.0,-5.0,130,0.238,0.182,1.23,23.6,0.45,20.7,1169.0,7.9,120.0
E_stop30atr15,30,stop,atr,0.15,10.0,both,1.0,0.0,0.5,against,1.0,172,0.099,-0.142,0.75,-24.4,-0.45,33.3,-164.0,-4.4,130,0.1,-0.043,0.91,-5.5,-0.15,31.6,-52.0,-1.9,120.0
E_stop30atr15,30,stop,atr,0.15,10.0,both,1.0,0.0,0.5,against,2.0,172,0.151,-0.194,0.74,-33.3,-0.55,47.6,-212.0,-6.0,130,0.185,0.141,1.21,18.3,0.37,21.6,946.0,6.1,120.0
E_stop30atr15,30,stop,atr,0.15,10.0,both,1.0,0.0,9.0,,,635,0.23,0.005,1.01,3.1,0.02,55.9,441.0,0.6,376,0.255,0.191,1.25,71.7,0.86,21.8,2943.0,24.0,120.0
E_stop30atr15,30,stop,atr,0.15,10.0,both,1.0,0.0,9.0,,1.0,635,0.137,-0.042,0.93,-26.9,-0.24,60.3,47.0,-4.8,376,0.149,0.132,1.28,49.8,0.74,24.5,1887.0,16.6,120.0
E_stop30atr15,30,stop,atr,0.15,10.0,both,1.0,0.0,9.0,,2.0,635,0.186,-0.029,0.96,-18.1,-0.14,53.7,63.0,-3.3,376,0.221,0.209,1.32,78.4,0.98,21.1,3085.0,26.2,120.0
E_stop30atr15,30,stop,atr,0.15,10.0,both,1.0,0.0,9.0,with,,328,0.265,0.098,1.12,32.1,0.32,27.7,804.0,5.8,189,0.317,0.42,1.59,79.3,1.32,13.6,2867.0,26.5,120.0
E_stop30atr15,30,stop,atr,0.15,10.0,both,1.0,0.0,9.0,with,1.0,328,0.168,0.002,1.0,0.5,0.01,45.4,535.0,0.1,189,0.206,0.336,1.75,63.6,1.25,12.2,2166.0,21.2,120.0
E_stop30atr15,30,stop,atr,0.15,10.0,both,1.0,0.0,9.0,with,2.0,328,0.22,0.035,1.05,11.6,0.13,33.0,514.0,2.1,189,0.286,0.445,1.73,84.1,1.43,11.6,2949.0,28.1,120.0
E_stop30atr15,30,stop,atr,0.15,10.0,both,1.0,0.0,9.0,against,,307,0.192,-0.094,0.89,-29.0,-0.29,45.5,-363.0,-5.2,187,0.193,-0.041,0.95,-7.6,-0.13,33.6,76.0,-2.5,120.0
E_stop30atr15,30,stop,atr,0.15,10.0,both,1.0,0.0,9.0,against,1.0,307,0.104,-0.089,0.85,-27.4,-0.34,30.8,-488.0,-4.9,187,0.091,-0.074,0.85,-13.8,-0.32,33.0,-279.0,-4.6,120.0
E_stop30atr15,30,stop,atr,0.15,10.0,both,1.0,0.0,9.0,against,2.0,307,0.15,-0.097,0.87,-29.8,-0.32,42.5,-451.0,-5.3,187,0.155,-0.03,0.96,-5.6,-0.1,31.0,136.0,-1.9,120.0
E_stop30atr15,30,stop,atr,0.15,10.0,both,1.0,0.1,0.3,,,60,0.267,-0.195,0.74,-11.7,-0.41,18.4,-11.0,-2.1,47,0.489,1.034,2.96,48.6,1.57,4.1,1942.0,16.2,120.0
E_stop30atr15,30,stop,atr,0.15,10.0,both,1.0,0.1,0.3,,1.0,60,0.15,-0.194,0.67,-11.6,-0.47,16.1,-145.0,-2.1,47,0.298,0.366,2.01,17.2,0.88,4.2,666.0,5.7,120.0
E_stop30atr15,30,stop,atr,0.15,10.0,both,1.0,0.1,0.3,,2.0,60,0.2,-0.222,0.68,-13.3,-0.49,20.2,-138.0,-2.4,47,0.404,0.767,2.81,36.0,1.37,4.2,1316.0,12.0,120.0
E_stop30atr15,30,stop,atr,0.15,10.0,both,1.0,0.1,0.3,with,,32,0.281,-0.098,0.87,-3.2,-0.15,8.1,37.0,-0.6,24,0.542,1.114,3.32,26.7,1.24,2.3,1163.0,8.9,120.0
E_stop30atr15,30,stop,atr,0.15,10.0,both,1.0,0.1,0.3,with,1.0,32,0.188,-0.223,0.66,-7.1,-0.39,7.4,-149.0,-1.3,24,0.375,0.687,3.5,16.5,1.03,2.3,705.0,5.5,120.0
E_stop30atr15,30,stop,atr,0.15,10.0,both,1.0,0.1,0.3,with,2.0,32,0.25,-0.126,0.82,-4.0,-0.19,7.6,13.0,-0.7,24,0.458,0.966,3.72,23.2,1.18,2.3,930.0,7.8,120.0
E_stop30atr15,30,stop,atr,0.15,10.0,both,1.0,0.1,0.3,against,,28,0.25,-0.306,0.61,-8.6,-0.45,16.1,-48.0,-1.5,23,0.435,0.951,2.64,21.9,0.98,4.1,779.0,7.3,120.0
E_stop30atr15,30,stop,atr,0.15,10.0,both,1.0,0.1,0.3,against,1.0,28,0.107,-0.161,0.68,-4.5,-0.27,13.0,4.0,-0.8,23,0.217,0.031,1.07,0.7,0.06,5.2,-39.0,0.2,120.0
E_stop30atr15,30,stop,atr,0.15,10.0,both,1.0,0.1,0.3,against,2.0,28,0.143,-0.332,0.51,-9.3,-0.53,17.8,-151.0,-1.7,23,0.348,0.558,2.13,12.8,0.74,5.2,387.0,4.3,120.0
E_stop30atr15,30,stop,atr,0.15,10.0,both,1.0,0.1,0.5,,,365,0.255,-0.036,0.96,-13.0,-0.14,35.8,267.0,-2.3,256,0.266,0.2,1.26,51.1,0.74,21.6,2059.0,17.1,120.0
E_stop30atr15,30,stop,atr,0.15,10.0,both,1.0,0.1,0.5,,1.0,365,0.145,-0.036,0.94,-13.2,-0.17,32.3,176.0,-2.4,256,0.148,0.065,1.14,16.5,0.32,29.3,606.0,5.5,120.0
E_stop30atr15,30,stop,atr,0.15,10.0,both,1.0,0.1,0.5,,2.0,365,0.205,-0.06,0.92,-21.7,-0.25,42.9,211.0,-3.9,256,0.227,0.203,1.31,52.1,0.79,20.0,1968.0,17.4,120.0
E_stop30atr15,30,stop,atr,0.15,10.0,both,1.0,0.1,0.5,with,,193,0.301,0.078,1.1,15.1,0.23,19.4,368.0,2.7,126,0.294,0.218,1.3,27.5,0.62,15.7,891.0,9.2,120.0
E_stop30atr15,30,stop,atr,0.15,10.0,both,1.0,0.1,0.5,with,1.0,193,0.187,0.058,1.11,11.2,0.2,10.3,340.0,2.0,126,0.198,0.175,1.37,22.1,0.62,8.7,659.0,7.4,120.0
E_stop30atr15,30,stop,atr,0.15,10.0,both,1.0,0.1,0.5,with,2.0,193,0.254,0.06,1.09,11.6,0.19,15.9,422.0,2.1,126,0.27,0.268,1.42,33.8,0.78,13.5,1022.0,11.3,120.0
E_stop30atr15,30,stop,atr,0.15,10.0,both,1.0,0.1,0.5,against,,172,0.203,-0.163,0.81,-28.1,-0.42,46.5,-100.0,-5.0,130,0.238,0.182,1.23,23.6,0.45,20.7,1169.0,7.9,120.0
E_stop30atr15,30,stop,atr,0.15,10.0,both,1.0,0.1,0.5,against,1.0,172,0.099,-0.142,0.75,-24.4,-0.45,33.3,-164.0,-4.4,130,0.1,-0.043,0.91,-5.5,-0.15,31.6,-52.0,-1.9,120.0
E_stop30atr15,30,stop,atr,0.15,10.0,both,1.0,0.1,0.5,against,2.0,172,0.151,-0.194,0.74,-33.3,-0.55,47.6,-212.0,-6.0,130,0.185,0.141,1.21,18.3,0.37,21.6,946.0,6.1,120.0
E_stop30atr15,30,stop,atr,0.15,10.0,both,1.0,0.1,9.0,,,635,0.23,0.005,1.01,3.1,0.02,55.9,441.0,0.6,376,0.255,0.191,1.25,71.7,0.86,21.8,2943.0,24.0,120.0
E_stop30atr15,30,stop,atr,0.15,10.0,both,1.0,0.1,9.0,,1.0,635,0.137,-0.042,0.93,-26.9,-0.24,60.3,47.0,-4.8,376,0.149,0.132,1.28,49.8,0.74,24.5,1887.0,16.6,120.0
E_stop30atr15,30,stop,atr,0.15,10.0,both,1.0,0.1,9.0,,2.0,635,0.186,-0.029,0.96,-18.1,-0.14,53.7,63.0,-3.3,376,0.221,0.209,1.32,78.4,0.98,21.1,3085.0,26.2,120.0
E_stop30atr15,30,stop,atr,0.15,10.0,both,1.0,0.1,9.0,with,,328,0.265,0.098,1.12,32.1,0.32,27.7,804.0,5.8,189,0.317,0.42,1.59,79.3,1.32,13.6,2867.0,26.5,120.0
E_stop30atr15,30,stop,atr,0.15,10.0,both,1.0,0.1,9.0,with,1.0,328,0.168,0.002,1.0,0.5,0.01,45.4,535.0,0.1,189,0.206,0.336,1.75,63.6,1.25,12.2,2166.0,21.2,120.0
E_stop30atr15,30,stop,atr,0.15,10.0,both,1.0,0.1,9.0,with,2.0,328,0.22,0.035,1.05,11.6,0.13,33.0,514.0,2.1,189,0.286,0.445,1.73,84.1,1.43,11.6,2949.0,28.1,120.0
E_stop30atr15,30,stop,atr,0.15,10.0,both,1.0,0.1,9.0,against,,307,0.192,-0.094,0.89,-29.0,-0.29,45.5,-363.0,-5.2,187,0.193,-0.041,0.95,-7.6,-0.13,33.6,76.0,-2.5,120.0
E_stop30atr15,30,stop,atr,0.15,10.0,both,1.0,0.1,9.0,against,1.0,307,0.104,-0.089,0.85,-27.4,-0.34,30.8,-488.0,-4.9,187,0.091,-0.074,0.85,-13.8,-0.32,33.0,-279.0,-4.6,120.0
E_stop30atr15,30,stop,atr,0.15,10.0,both,1.0,0.1,9.0,against,2.0,307,0.15,-0.097,0.87,-29.8,-0.32,42.5,-451.0,-5.3,187,0.155,-0.03,0.96,-5.6,-0.1,31.0,136.0,-1.9,120.0
E_stop30atr15,30,stop,atr,0.15,10.0,both,1.0,0.2,0.3,,,59,0.271,-0.181,0.76,-10.7,-0.38,17.4,34.0,-1.9,44,0.523,1.175,3.38,51.7,1.68,4.1,2048.0,17.3,120.0
E_stop30atr15,30,stop,atr,0.15,10.0,both,1.0,0.2,0.3,,1.0,59,0.153,-0.197,0.67,-11.6,-0.47,16.1,-144.0,-2.1,44,0.318,0.438,2.29,19.3,1.0,3.5,731.0,6.4,120.0
E_stop30atr15,30,stop,atr,0.15,10.0,both,1.0,0.2,0.3,,2.0,59,0.203,-0.209,0.7,-12.3,-0.46,19.2,-93.0,-2.2,44,0.432,0.866,3.14,38.1,1.46,4.2,1381.0,12.7,120.0
E_stop30atr15,30,stop,atr,0.15,10.0,both,1.0,0.2,0.3,with,,32,0.281,-0.098,0.87,-3.2,-0.15,8.1,37.0,-0.6,22,0.591,1.308,4.05,28.8,1.35,2.3,1240.0,9.6,120.0
E_stop30atr15,30,stop,atr,0.15,10.0,both,1.0,0.2,0.3,with,1.0,32,0.188,-0.223,0.66,-7.1,-0.39,7.4,-149.0,-1.3,22,0.409,0.798,4.17,17.5,1.1,2.3,741.0,5.9,120.0
E_stop30atr15,30,stop,atr,0.15,10.0,both,1.0,0.2,0.3,with,2.0,32,0.25,-0.126,0.82,-4.0,-0.19,7.6,13.0,-0.7,22,0.5,1.102,4.24,24.2,1.24,2.3,965.0,8.1,120.0
E_stop30atr15,30,stop,atr,0.15,10.0,both,1.0,0.2,0.3,against,,27,0.259,-0.28,0.64,-7.6,-0.4,15.1,-2.0,-1.4,22,0.455,1.041,2.86,22.9,1.03,4.1,808.0,7.7,120.0
E_stop30atr15,30,stop,atr,0.15,10.0,both,1.0,0.2,0.3,against,1.0,27,0.111,-0.166,0.68,-4.5,-0.27,13.0,5.0,-0.8,22,0.227,0.079,1.18,1.7,0.16,5.2,-10.0,0.6,120.0
E_stop30atr15,30,stop,atr,0.15,10.0,both,1.0,0.2,0.3,against,2.0,27,0.148,-0.307,0.54,-8.3,-0.48,16.8,-106.0,-1.5,22,0.364,0.631,2.34,13.9,0.8,5.2,416.0,4.6,120.0
E_stop30atr15,30,stop,atr,0.15,10.0,both,1.0,0.2,0.5,,,364,0.255,-0.033,0.96,-11.9,-0.13,34.8,313.0,-2.1,253,0.269,0.214,1.28,54.2,0.79,21.6,2166.0,18.1,120.0
E_stop30atr15,30,stop,atr,0.15,10.0,both,1.0,0.2,0.5,,1.0,364,0.146,-0.036,0.94,-13.2,-0.17,32.3,177.0,-2.4,253,0.15,0.074,1.16,18.6,0.36,29.3,672.0,6.2,120.0
E_stop30atr15,30,stop,atr,0.15,10.0,both,1.0,0.2,0.5,,2.0,364,0.206,-0.057,0.92,-20.7,-0.24,41.9,256.0,-3.7,253,0.229,0.214,1.33,54.1,0.83,20.0,2033.0,18.1,120.0
E_stop30atr15,30,stop,atr,0.15,10.0,both,1.0,0.2,0.5,with,,193,0.301,0.078,1.1,15.1,0.23,19.4,368.0,2.7,124,0.298,0.238,1.33,29.6,0.67,15.7,967.0,9.9,120.0
E_stop30atr15,30,stop,atr,0.15,10.0,both,1.0,0.2,0.5,with,1.0,193,0.187,0.058,1.11,11.2,0.2,10.3,340.0,2.0,124,0.202,0.187,1.4,23.1,0.65,8.7,694.0,7.7,120.0
E_stop30atr15,30,stop,atr,0.15,10.0,both,1.0,0.2,0.5,with,2.0,193,0.254,0.06,1.09,11.6,0.19,15.9,422.0,2.1,124,0.274,0.281,1.44,34.8,0.81,13.5,1057.0,11.6,120.0
E_stop30atr15,30,stop,atr,0.15,10.0,both,1.0,0.2,0.5,against,,171,0.205,-0.158,0.81,-27.1,-0.41,45.5,-55.0,-4.9,129,0.24,0.191,1.24,24.6,0.47,19.6,1198.0,8.2,120.0
E_stop30atr15,30,stop,atr,0.15,10.0,both,1.0,0.2,0.5,against,1.0,171,0.099,-0.143,0.75,-24.4,-0.45,33.2,-163.0,-4.4,129,0.101,-0.035,0.93,-4.5,-0.12,30.5,-22.0,-1.5,120.0
E_stop30atr15,30,stop,atr,0.15,10.0,both,1.0,0.2,0.5,against,2.0,171,0.152,-0.189,0.75,-32.3,-0.53,46.5,-166.0,-5.8,129,0.186,0.15,1.23,19.3,0.39,20.6,976.0,6.4,120.0
E_stop30atr15,30,stop,atr,0.15,10.0,both,1.0,0.2,9.0,,,634,0.23,0.007,1.01,4.2,0.03,55.9,486.0,0.7,373,0.257,0.2,1.26,74.8,0.9,20.8,3049.0,25.0,120.0
E_stop30atr15,30,stop,atr,0.15,10.0,both,1.0,0.2,9.0,,1.0,634,0.137,-0.042,0.93,-26.9,-0.24,60.3,48.0,-4.8,373,0.15,0.139,1.3,51.9,0.78,24.5,1952.0,17.3,120.0
E_stop30atr15,30,stop,atr,0.15,10.0,both,1.0,0.2,9.0,,2.0,634,0.186,-0.027,0.96,-17.1,-0.13,53.7,108.0,-3.1,373,0.223,0.216,1.33,80.5,1.0,21.1,3150.0,26.9,120.0
E_stop30atr15,30,stop,atr,0.15,10.0,both,1.0,0.2,9.0,with,,328,0.265,0.098,1.12,32.1,0.32,27.7,804.0,5.8,187,0.321,0.435,1.62,81.4,1.35,12.6,2944.0,27.2,120.0
E_stop30atr15,30,stop,atr,0.15,10.0,both,1.0,0.2,9.0,with,1.0,328,0.168,0.002,1.0,0.5,0.01,45.4,535.0,0.1,187,0.209,0.346,1.77,64.6,1.28,12.2,2201.0,21.6,120.0
E_stop30atr15,30,stop,atr,0.15,10.0,both,1.0,0.2,9.0,with,2.0,328,0.22,0.035,1.05,11.6,0.13,33.0,514.0,2.1,187,0.289,0.455,1.75,85.1,1.45,11.6,2984.0,28.4,120.0
E_stop30atr15,30,stop,atr,0.15,10.0,both,1.0,0.2,9.0,against,,306,0.193,-0.091,0.9,-28.0,-0.28,45.5,-318.0,-5.0,186,0.194,-0.035,0.96,-6.6,-0.11,32.5,106.0,-2.2,120.0
E_stop30atr15,30,stop,atr,0.15,10.0,both,1.0,0.2,9.0,against,1.0,306,0.105,-0.089,0.85,-27.4,-0.34,30.7,-487.0,-4.9,186,0.091,-0.069,0.86,-12.7,-0.29,32.0,-249.0,-4.3,120.0
E_stop30atr15,30,stop,atr,0.15,10.0,both,1.0,0.2,9.0,against,2.0,306,0.15,-0.094,0.88,-28.8,-0.3,41.5,-405.0,-5.2,186,0.156,-0.025,0.96,-4.6,-0.08,29.9,166.0,-1.5,120.0
E_stop30atr15,30,stop,atr,0.15,10.0,both,1.25,0.0,0.3,,,3,0.0,-1.055,0.0,-3.2,-0.73,3.2,-59.0,-0.6,4,1.0,4.372,inf,17.5,1.11,0.0,674.0,5.8,120.0
E_stop30atr15,30,stop,atr,0.15,10.0,both,1.25,0.0,0.3,,1.0,3,0.0,-0.389,0.0,-1.2,-0.47,1.2,-27.0,-0.2,4,0.25,1.464,86.42,5.9,0.57,0.1,164.0,2.0,120.0
E_stop30atr15,30,stop,atr,0.15,10.0,both,1.25,0.0,0.3,,2.0,3,0.0,-0.722,0.0,-2.2,-0.61,2.2,-43.0,-0.4,4,0.75,3.238,463.25,13.0,0.95,0.0,512.0,4.3,120.0
E_stop30atr15,30,stop,atr,0.15,10.0,both,1.25,0.0,0.3,with,,1,0.0,-1.041,0.0,-1.0,-0.42,1.0,-25.0,-0.2,2,1.0,4.434,inf,8.9,0.77,0.0,329.0,3.0,120.0
E_stop30atr15,30,stop,atr,0.15,10.0,both,1.25,0.0,0.3,with,1.0,1,0.0,-1.041,0.0,-1.0,-0.42,1.0,-25.0,-0.2,2,0.5,2.953,324.97,5.9,0.57,0.0,166.0,2.0,120.0
E_stop30atr15,30,stop,atr,0.15,10.0,both,1.25,0.0,0.3,with,2.0,1,0.0,-1.041,0.0,-1.0,-0.42,1.0,-25.0,-0.2,2,1.0,4.434,inf,8.9,0.77,0.0,329.0,3.0,120.0
E_stop30atr15,30,stop,atr,0.15,10.0,both,1.25,0.0,0.3,against,,2,0.0,-1.063,0.0,-2.1,-0.59,2.1,-34.0,-0.4,2,1.0,4.31,inf,8.6,0.81,0.0,345.0,2.9,120.0
E_stop30atr15,30,stop,atr,0.15,10.0,both,1.25,0.0,0.3,against,1.0,2,0.0,-0.063,0.0,-0.1,-0.59,0.1,-2.0,-0.0,2,0.0,-0.025,0.0,-0.1,-0.8,0.1,-2.0,-0.0,120.0
E_stop30atr15,30,stop,atr,0.15,10.0,both,1.25,0.0,0.3,against,2.0,2,0.0,-0.563,0.0,-1.1,-0.44,1.1,-18.0,-0.2,2,0.5,2.041,146.71,4.1,0.57,0.0,183.0,1.4,120.0
E_stop30atr15,30,stop,atr,0.15,10.0,both,1.25,0.0,0.5,,,57,0.211,-0.036,0.96,-2.1,-0.05,17.6,-247.0,-0.4,33,0.333,1.119,2.62,36.9,1.0,6.1,1439.0,12.3,120.0
E_stop30atr15,30,stop,atr,0.15,10.0,both,1.25,0.0,0.5,,1.0,57,0.105,-0.242,0.59,-13.8,-0.54,20.5,-264.0,-2.5,33,0.182,0.627,2.3,20.7,0.69,5.2,634.0,6.9,120.0
E_stop30atr15,30,stop,atr,0.15,10.0,both,1.25,0.0,0.5,,2.0,57,0.14,-0.231,0.69,-13.2,-0.41,22.9,-368.0,-2.4,33,0.303,1.072,2.79,35.4,0.98,6.1,1372.0,11.8,120.0
E_stop30atr15,30,stop,atr,0.15,10.0,both,1.25,0.0,0.5,with,,31,0.29,0.29,1.37,9.0,0.26,7.4,35.0,1.6,12,0.333,0.733,2.07,8.8,0.53,3.1,317.0,2.9,120.0
E_stop30atr15,30,stop,atr,0.15,10.0,both,1.25,0.0,0.5,with,1.0,31,0.161,0.002,1.0,0.1,0.0,8.2,11.0,0.0,12,0.25,0.653,2.26,7.8,0.5,2.1,234.0,2.6,120.0
E_stop30atr15,30,stop,atr,0.15,10.0,both,1.25,0.0,0.5,with,2.0,31,0.194,-0.011,0.98,-0.3,-0.01,11.3,-49.0,-0.1,12,0.333,0.816,2.36,9.8,0.59,3.1,353.0,3.3,120.0
E_stop30atr15,30,stop,atr,0.15,10.0,both,1.25,0.0,0.5,against,,26,0.115,-0.426,0.54,-11.1,-0.5,15.6,-281.0,-2.0,21,0.333,1.339,2.93,28.1,0.85,4.2,1122.0,9.4,120.0
E_stop30atr15,30,stop,atr,0.15,10.0,both,1.25,0.0,0.5,against,1.0,26,0.038,-0.534,0.16,-13.9,-1.18,13.9,-275.0,-2.5,21,0.143,0.612,2.33,12.8,0.5,4.3,400.0,4.3,120.0
E_stop30atr15,30,stop,atr,0.15,10.0,both,1.25,0.0,0.5,against,2.0,26,0.077,-0.494,0.4,-12.8,-0.67,13.3,-319.0,-2.3,21,0.286,1.218,3.04,25.6,0.8,3.1,1019.0,8.6,120.0
E_stop30atr15,30,stop,atr,0.15,10.0,both,1.25,0.0,9.0,,,223,0.193,0.092,1.1,20.5,0.21,25.9,-75.0,3.7,94,0.255,0.337,1.44,31.7,0.67,15.4,1159.0,10.6,120.0
E_stop30atr15,30,stop,atr,0.15,10.0,both,1.25,0.0,9.0,,1.0,223,0.103,-0.126,0.81,-28.0,-0.38,48.6,-556.0,-5.0,94,0.138,0.287,1.63,26.9,0.67,10.5,839.0,9.0,120.0
E_stop30atr15,30,stop,atr,0.15,10.0,both,1.25,0.0,9.0,,2.0,223,0.143,-0.006,0.99,-1.3,-0.02,36.2,-473.0,-0.2,94,0.234,0.372,1.55,35.0,0.75,13.4,1292.0,11.7,120.0
E_stop30atr15,30,stop,atr,0.15,10.0,both,1.25,0.0,9.0,with,,116,0.19,0.096,1.11,11.1,0.15,30.7,109.0,2.0,44,0.318,0.428,1.61,18.9,0.68,9.0,618.0,6.3,120.0
E_stop30atr15,30,stop,atr,0.15,10.0,both,1.25,0.0,9.0,with,1.0,116,0.095,-0.239,0.65,-27.8,-0.56,46.6,-241.0,-5.0,44,0.182,0.393,1.91,17.3,0.69,5.2,569.0,5.8,120.0
E_stop30atr15,30,stop,atr,0.15,10.0,both,1.25,0.0,9.0,with,2.0,116,0.129,-0.118,0.85,-13.7,-0.23,38.2,-263.0,-2.5,44,0.295,0.469,1.74,20.6,0.75,8.0,697.0,6.9,120.0
E_stop30atr15,30,stop,atr,0.15,10.0,both,1.25,0.0,9.0,against,,107,0.196,0.088,1.1,9.4,0.14,18.4,-184.0,1.7,50,0.2,0.257,1.31,12.9,0.34,9.4,541.0,4.3,120.0
E_stop30atr15,30,stop,atr,0.15,10.0,both,1.25,0.0,9.0,against,1.0,107,0.112,-0.002,1.0,-0.2,-0.0,14.4,-315.0,-0.0,50,0.1,0.193,1.41,9.7,0.31,8.6,270.0,3.2,120.0
E_stop30atr15,30,stop,atr,0.15,10.0,both,1.25,0.0,9.0,against,2.0,107,0.159,0.115,1.15,12.3,0.19,16.4,-210.0,2.2,50,0.18,0.287,1.41,14.3,0.38,8.2,596.0,4.8,120.0
E_stop30atr15,30,stop,atr,0.15,10.0,both,1.25,0.1,0.3,,,3,0.0,-1.055,0.0,-3.2,-0.73,3.2,-59.0,-0.6,4,1.0,4.372,inf,17.5,1.11,0.0,674.0,5.8,120.0
E_stop30atr15,30,stop,atr,0.15,10.0,both,1.25,0.1,0.3,,1.0,3,0.0,-0.389,0.0,-1.2,-0.47,1.2,-27.0,-0.2,4,0.25,1.464,86.42,5.9,0.57,0.1,164.0,2.0,120.0
E_stop30atr15,30,stop,atr,0.15,10.0,both,1.25,0.1,0.3,,2.0,3,0.0,-0.722,0.0,-2.2,-0.61,2.2,-43.0,-0.4,4,0.75,3.238,463.25,13.0,0.95,0.0,512.0,4.3,120.0
E_stop30atr15,30,stop,atr,0.15,10.0,both,1.25,0.1,0.3,with,,1,0.0,-1.041,0.0,-1.0,-0.42,1.0,-25.0,-0.2,2,1.0,4.434,inf,8.9,0.77,0.0,329.0,3.0,120.0
E_stop30atr15,30,stop,atr,0.15,10.0,both,1.25,0.1,0.3,with,1.0,1,0.0,-1.041,0.0,-1.0,-0.42,1.0,-25.0,-0.2,2,0.5,2.953,324.97,5.9,0.57,0.0,166.0,2.0,120.0
E_stop30atr15,30,stop,atr,0.15,10.0,both,1.25,0.1,0.3,with,2.0,1,0.0,-1.041,0.0,-1.0,-0.42,1.0,-25.0,-0.2,2,1.0,4.434,inf,8.9,0.77,0.0,329.0,3.0,120.0
E_stop30atr15,30,stop,atr,0.15,10.0,both,1.25,0.1,0.3,against,,2,0.0,-1.063,0.0,-2.1,-0.59,2.1,-34.0,-0.4,2,1.0,4.31,inf,8.6,0.81,0.0,345.0,2.9,120.0
E_stop30atr15,30,stop,atr,0.15,10.0,both,1.25,0.1,0.3,against,1.0,2,0.0,-0.063,0.0,-0.1,-0.59,0.1,-2.0,-0.0,2,0.0,-0.025,0.0,-0.1,-0.8,0.1,-2.0,-0.0,120.0
E_stop30atr15,30,stop,atr,0.15,10.0,both,1.25,0.1,0.3,against,2.0,2,0.0,-0.563,0.0,-1.1,-0.44,1.1,-18.0,-0.2,2,0.5,2.041,146.71,4.1,0.57,0.0,183.0,1.4,120.0
E_stop30atr15,30,stop,atr,0.15,10.0,both,1.25,0.1,0.5,,,57,0.211,-0.036,0.96,-2.1,-0.05,17.6,-247.0,-0.4,33,0.333,1.119,2.62,36.9,1.0,6.1,1439.0,12.3,120.0
E_stop30atr15,30,stop,atr,0.15,10.0,both,1.25,0.1,0.5,,1.0,57,0.105,-0.242,0.59,-13.8,-0.54,20.5,-264.0,-2.5,33,0.182,0.627,2.3,20.7,0.69,5.2,634.0,6.9,120.0
E_stop30atr15,30,stop,atr,0.15,10.0,both,1.25,0.1,0.5,,2.0,57,0.14,-0.231,0.69,-13.2,-0.41,22.9,-368.0,-2.4,33,0.303,1.072,2.79,35.4,0.98,6.1,1372.0,11.8,120.0
E_stop30atr15,30,stop,atr,0.15,10.0,both,1.25,0.1,0.5,with,,31,0.29,0.29,1.37,9.0,0.26,7.4,35.0,1.6,12,0.333,0.733,2.07,8.8,0.53,3.1,317.0,2.9,120.0
E_stop30atr15,30,stop,atr,0.15,10.0,both,1.25,0.1,0.5,with,1.0,31,0.161,0.002,1.0,0.1,0.0,8.2,11.0,0.0,12,0.25,0.653,2.26,7.8,0.5,2.1,234.0,2.6,120.0
E_stop30atr15,30,stop,atr,0.15,10.0,both,1.25,0.1,0.5,with,2.0,31,0.194,-0.011,0.98,-0.3,-0.01,11.3,-49.0,-0.1,12,0.333,0.816,2.36,9.8,0.59,3.1,353.0,3.3,120.0
E_stop30atr15,30,stop,atr,0.15,10.0,both,1.25,0.1,0.5,against,,26,0.115,-0.426,0.54,-11.1,-0.5,15.6,-281.0,-2.0,21,0.333,1.339,2.93,28.1,0.85,4.2,1122.0,9.4,120.0
E_stop30atr15,30,stop,atr,0.15,10.0,both,1.25,0.1,0.5,against,1.0,26,0.038,-0.534,0.16,-13.9,-1.18,13.9,-275.0,-2.5,21,0.143,0.612,2.33,12.8,0.5,4.3,400.0,4.3,120.0
E_stop30atr15,30,stop,atr,0.15,10.0,both,1.25,0.1,0.5,against,2.0,26,0.077,-0.494,0.4,-12.8,-0.67,13.3,-319.0,-2.3,21,0.286,1.218,3.04,25.6,0.8,3.1,1019.0,8.6,120.0
E_stop30atr15,30,stop,atr,0.15,10.0,both,1.25,0.1,9.0,,,223,0.193,0.092,1.1,20.5,0.21,25.9,-75.0,3.7,94,0.255,0.337,1.44,31.7,0.67,15.4,1159.0,10.6,120.0
E_stop30atr15,30,stop,atr,0.15,10.0,both,1.25,0.1,9.0,,1.0,223,0.103,-0.126,0.81,-28.0,-0.38,48.6,-556.0,-5.0,94,0.138,0.287,1.63,26.9,0.67,10.5,839.0,9.0,120.0
E_stop30atr15,30,stop,atr,0.15,10.0,both,1.25,0.1,9.0,,2.0,223,0.143,-0.006,0.99,-1.3,-0.02,36.2,-473.0,-0.2,94,0.234,0.372,1.55,35.0,0.75,13.4,1292.0,11.7,120.0
E_stop30atr15,30,stop,atr,0.15,10.0,both,1.25,0.1,9.0,with,,116,0.19,0.096,1.11,11.1,0.15,30.7,109.0,2.0,44,0.318,0.428,1.61,18.9,0.68,9.0,618.0,6.3,120.0
E_stop30atr15,30,stop,atr,0.15,10.0,both,1.25,0.1,9.0,with,1.0,116,0.095,-0.239,0.65,-27.8,-0.56,46.6,-241.0,-5.0,44,0.182,0.393,1.91,17.3,0.69,5.2,569.0,5.8,120.0
E_stop30atr15,30,stop,atr,0.15,10.0,both,1.25,0.1,9.0,with,2.0,116,0.129,-0.118,0.85,-13.7,-0.23,38.2,-263.0,-2.5,44,0.295,0.469,1.74,20.6,0.75,8.0,697.0,6.9,120.0
E_stop30atr15,30,stop,atr,0.15,10.0,both,1.25,0.1,9.0,against,,107,0.196,0.088,1.1,9.4,0.14,18.4,-184.0,1.7,50,0.2,0.257,1.31,12.9,0.34,9.4,541.0,4.3,120.0
E_stop30atr15,30,stop,atr,0.15,10.0,both,1.25,0.1,9.0,against,1.0,107,0.112,-0.002,1.0,-0.2,-0.0,14.4,-315.0,-0.0,50,0.1,0.193,1.41,9.7,0.31,8.6,270.0,3.2,120.0
E_stop30atr15,30,stop,atr,0.15,10.0,both,1.25,0.1,9.0,against,2.0,107,0.159,0.115,1.15,12.3,0.19,16.4,-210.0,2.2,50,0.18,0.287,1.41,14.3,0.38,8.2,596.0,4.8,120.0
E_stop30atr15,30,stop,atr,0.15,10.0,both,1.25,0.2,0.3,,,3,0.0,-1.055,0.0,-3.2,-0.73,3.2,-59.0,-0.6,4,1.0,4.372,inf,17.5,1.11,0.0,674.0,5.8,120.0
E_stop30atr15,30,stop,atr,0.15,10.0,both,1.25,0.2,0.3,,1.0,3,0.0,-0.389,0.0,-1.2,-0.47,1.2,-27.0,-0.2,4,0.25,1.464,86.42,5.9,0.57,0.1,164.0,2.0,120.0
E_stop30atr15,30,stop,atr,0.15,10.0,both,1.25,0.2,0.3,,2.0,3,0.0,-0.722,0.0,-2.2,-0.61,2.2,-43.0,-0.4,4,0.75,3.238,463.25,13.0,0.95,0.0,512.0,4.3,120.0
E_stop30atr15,30,stop,atr,0.15,10.0,both,1.25,0.2,0.3,with,,1,0.0,-1.041,0.0,-1.0,-0.42,1.0,-25.0,-0.2,2,1.0,4.434,inf,8.9,0.77,0.0,329.0,3.0,120.0
E_stop30atr15,30,stop,atr,0.15,10.0,both,1.25,0.2,0.3,with,1.0,1,0.0,-1.041,0.0,-1.0,-0.42,1.0,-25.0,-0.2,2,0.5,2.953,324.97,5.9,0.57,0.0,166.0,2.0,120.0
E_stop30atr15,30,stop,atr,0.15,10.0,both,1.25,0.2,0.3,with,2.0,1,0.0,-1.041,0.0,-1.0,-0.42,1.0,-25.0,-0.2,2,1.0,4.434,inf,8.9,0.77,0.0,329.0,3.0,120.0
E_stop30atr15,30,stop,atr,0.15,10.0,both,1.25,0.2,0.3,against,,2,0.0,-1.063,0.0,-2.1,-0.59,2.1,-34.0,-0.4,2,1.0,4.31,inf,8.6,0.81,0.0,345.0,2.9,120.0
E_stop30atr15,30,stop,atr,0.15,10.0,both,1.25,0.2,0.3,against,1.0,2,0.0,-0.063,0.0,-0.1,-0.59,0.1,-2.0,-0.0,2,0.0,-0.025,0.0,-0.1,-0.8,0.1,-2.0,-0.0,120.0
E_stop30atr15,30,stop,atr,0.15,10.0,both,1.25,0.2,0.3,against,2.0,2,0.0,-0.563,0.0,-1.1,-0.44,1.1,-18.0,-0.2,2,0.5,2.041,146.71,4.1,0.57,0.0,183.0,1.4,120.0
E_stop30atr15,30,stop,atr,0.15,10.0,both,1.25,0.2,0.5,,,57,0.211,-0.036,0.96,-2.1,-0.05,17.6,-247.0,-0.4,33,0.333,1.119,2.62,36.9,1.0,6.1,1439.0,12.3,120.0
E_stop30atr15,30,stop,atr,0.15,10.0,both,1.25,0.2,0.5,,1.0,57,0.105,-0.242,0.59,-13.8,-0.54,20.5,-264.0,-2.5,33,0.182,0.627,2.3,20.7,0.69,5.2,634.0,6.9,120.0
E_stop30atr15,30,stop,atr,0.15,10.0,both,1.25,0.2,0.5,,2.0,57,0.14,-0.231,0.69,-13.2,-0.41,22.9,-368.0,-2.4,33,0.303,1.072,2.79,35.4,0.98,6.1,1372.0,11.8,120.0
E_stop30atr15,30,stop,atr,0.15,10.0,both,1.25,0.2,0.5,with,,31,0.29,0.29,1.37,9.0,0.26,7.4,35.0,1.6,12,0.333,0.733,2.07,8.8,0.53,3.1,317.0,2.9,120.0
E_stop30atr15,30,stop,atr,0.15,10.0,both,1.25,0.2,0.5,with,1.0,31,0.161,0.002,1.0,0.1,0.0,8.2,11.0,0.0,12,0.25,0.653,2.26,7.8,0.5,2.1,234.0,2.6,120.0
E_stop30atr15,30,stop,atr,0.15,10.0,both,1.25,0.2,0.5,with,2.0,31,0.194,-0.011,0.98,-0.3,-0.01,11.3,-49.0,-0.1,12,0.333,0.816,2.36,9.8,0.59,3.1,353.0,3.3,120.0
E_stop30atr15,30,stop,atr,0.15,10.0,both,1.25,0.2,0.5,against,,26,0.115,-0.426,0.54,-11.1,-0.5,15.6,-281.0,-2.0,21,0.333,1.339,2.93,28.1,0.85,4.2,1122.0,9.4,120.0
E_stop30atr15,30,stop,atr,0.15,10.0,both,1.25,0.2,0.5,against,1.0,26,0.038,-0.534,0.16,-13.9,-1.18,13.9,-275.0,-2.5,21,0.143,0.612,2.33,12.8,0.5,4.3,400.0,4.3,120.0
E_stop30atr15,30,stop,atr,0.15,10.0,both,1.25,0.2,0.5,against,2.0,26,0.077,-0.494,0.4,-12.8,-0.67,13.3,-319.0,-2.3,21,0.286,1.218,3.04,25.6,0.8,3.1,1019.0,8.6,120.0
E_stop30atr15,30,stop,atr,0.15,10.0,both,1.25,0.2,9.0,,,223,0.193,0.092,1.1,20.5,0.21,25.9,-75.0,3.7,94,0.255,0.337,1.44,31.7,0.67,15.4,1159.0,10.6,120.0
E_stop30atr15,30,stop,atr,0.15,10.0,both,1.25,0.2,9.0,,1.0,223,0.103,-0.126,0.81,-28.0,-0.38,48.6,-556.0,-5.0,94,0.138,0.287,1.63,26.9,0.67,10.5,839.0,9.0,120.0
E_stop30atr15,30,stop,atr,0.15,10.0,both,1.25,0.2,9.0,,2.0,223,0.143,-0.006,0.99,-1.3,-0.02,36.2,-473.0,-0.2,94,0.234,0.372,1.55,35.0,0.75,13.4,1292.0,11.7,120.0
E_stop30atr15,30,stop,atr,0.15,10.0,both,1.25,0.2,9.0,with,,116,0.19,0.096,1.11,11.1,0.15,30.7,109.0,2.0,44,0.318,0.428,1.61,18.9,0.68,9.0,618.0,6.3,120.0
E_stop30atr15,30,stop,atr,0.15,10.0,both,1.25,0.2,9.0,with,1.0,116,0.095,-0.239,0.65,-27.8,-0.56,46.6,-241.0,-5.0,44,0.182,0.393,1.91,17.3,0.69,5.2,569.0,5.8,120.0
E_stop30atr15,30,stop,atr,0.15,10.0,both,1.25,0.2,9.0,with,2.0,116,0.129,-0.118,0.85,-13.7,-0.23,38.2,-263.0,-2.5,44,0.295,0.469,1.74,20.6,0.75,8.0,697.0,6.9,120.0
E_stop30atr15,30,stop,atr,0.15,10.0,both,1.25,0.2,9.0,against,,107,0.196,0.088,1.1,9.4,0.14,18.4,-184.0,1.7,50,0.2,0.257,1.31,12.9,0.34,9.4,541.0,4.3,120.0
E_stop30atr15,30,stop,atr,0.15,10.0,both,1.25,0.2,9.0,against,1.0,107,0.112,-0.002,1.0,-0.2,-0.0,14.4,-315.0,-0.0,50,0.1,0.193,1.41,9.7,0.31,8.6,270.0,3.2,120.0
E_stop30atr15,30,stop,atr,0.15,10.0,both,1.25,0.2,9.0,against,2.0,107,0.159,0.115,1.15,12.3,0.19,16.4,-210.0,2.2,50,0.18,0.287,1.41,14.3,0.38,8.2,596.0,4.8,120.0
E_stop30atr15,30,stop,atr,0.15,10.0,long,0.0,0.0,0.3,,,232,0.341,-0.053,0.92,-12.2,-0.22,39.3,-462.0,-2.2,120,0.317,0.145,1.21,17.4,0.48,15.9,636.0,5.8,120.0
E_stop30atr15,30,stop,atr,0.15,10.0,long,0.0,0.0,0.3,,1.0,232,0.246,-0.083,0.85,-19.3,-0.39,37.5,-493.0,-3.5,120,0.217,-0.026,0.95,-3.2,-0.12,16.9,-84.0,-1.1,120.0
E_stop30atr15,30,stop,atr,0.15,10.0,long,0.0,0.0,0.3,,2.0,232,0.332,-0.02,0.97,-4.7,-0.09,35.3,-398.0,-0.8,120,0.283,0.107,1.18,12.8,0.39,17.5,407.0,4.3,120.0
E_stop30atr15,30,stop,atr,0.15,10.0,long,0.0,0.0,0.3,with,,155,0.387,0.121,1.2,18.8,0.39,14.6,581.0,3.4,67,0.313,0.128,1.19,8.6,0.33,12.6,442.0,2.9,120.0
E_stop30atr15,30,stop,atr,0.15,10.0,long,0.0,0.0,0.3,with,1.0,155,0.29,0.041,1.08,6.4,0.15,13.3,411.0,1.2,67,0.239,0.016,1.03,1.0,0.05,8.1,259.0,0.3,120.0
E_stop30atr15,30,stop,atr,0.15,10.0,long,0.0,0.0,0.3,with,2.0,155,0.374,0.132,1.23,20.4,0.44,13.9,566.0,3.7,67,0.284,0.091,1.15,6.1,0.25,9.6,377.0,2.0,120.0
E_stop30atr15,30,stop,atr,0.15,10.0,long,0.0,0.0,0.3,against,,77,0.247,-0.402,0.47,-31.0,-1.19,41.7,-1043.0,-5.6,53,0.321,0.166,1.24,8.8,0.35,8.0,195.0,2.9,120.0
E_stop30atr15,30,stop,atr,0.15,10.0,long,0.0,0.0,0.3,against,1.0,77,0.156,-0.334,0.42,-25.7,-1.14,35.7,-904.0,-4.6,53,0.189,-0.079,0.83,-4.2,-0.26,17.1,-343.0,-1.4,120.0
E_stop30atr15,30,stop,atr,0.15,10.0,long,0.0,0.0,0.3,against,2.0,77,0.247,-0.326,0.53,-25.1,-0.99,37.3,-965.0,-4.5,53,0.283,0.127,1.22,6.7,0.3,13.3,30.0,2.2,120.0
E_stop30atr15,30,stop,atr,0.15,10.0,long,0.0,0.0,0.5,,,581,0.322,0.043,1.06,24.7,0.23,26.0,453.0,4.4,318,0.289,0.126,1.17,40.1,0.62,21.0,1642.0,13.4,120.0
E_stop30atr15,30,stop,atr,0.15,10.0,long,0.0,0.0,0.5,,1.0,581,0.229,0.047,1.09,27.5,0.29,28.2,463.0,4.9,318,0.195,0.071,1.15,22.6,0.44,17.4,886.0,7.6,120.0
E_stop30atr15,30,stop,atr,0.15,10.0,long,0.0,0.0,0.5,,2.0,581,0.299,0.073,1.11,42.2,0.41,26.8,665.0,7.6,318,0.264,0.138,1.21,43.7,0.7,15.7,1657.0,14.6,120.0
E_stop30atr15,30,stop,atr,0.15,10.0,long,0.0,0.0,0.5,with,,364,0.371,0.182,1.28,66.1,0.79,21.0,1464.0,11.9,162,0.352,0.336,1.52,54.5,1.18,10.8,2329.0,18.2,120.0
E_stop30atr15,30,stop,atr,0.15,10.0,long,0.0,0.0,0.5,with,1.0,364,0.277,0.174,1.34,63.2,0.81,18.1,1601.0,11.3,162,0.278,0.3,1.63,48.6,1.19,9.1,2104.0,16.2,120.0
E_stop30atr15,30,stop,atr,0.15,10.0,long,0.0,0.0,0.5,with,2.0,364,0.343,0.197,1.32,71.8,0.87,16.0,1567.0,12.9,162,0.327,0.33,1.55,53.4,1.19,11.8,2271.0,17.8,120.0
E_stop30atr15,30,stop,atr,0.15,10.0,long,0.0,0.0,0.5,against,,217,0.24,-0.191,0.76,-41.4,-0.66,51.1,-1011.0,-7.4,156,0.224,-0.092,0.88,-14.3,-0.31,34.8,-687.0,-4.8,120.0
E_stop30atr15,30,stop,atr,0.15,10.0,long,0.0,0.0,0.5,against,1.0,217,0.147,-0.165,0.72,-35.7,-0.66,46.9,-1137.0,-6.4,156,0.109,-0.166,0.67,-26.0,-0.82,40.1,-1218.0,-8.7,120.0
E_stop30atr15,30,stop,atr,0.15,10.0,long,0.0,0.0,0.5,against,2.0,217,0.226,-0.137,0.81,-29.7,-0.48,40.2,-902.0,-5.3,156,0.199,-0.062,0.91,-9.7,-0.22,35.5,-614.0,-3.2,120.0
E_stop30atr15,30,stop,atr,0.15,10.0,long,0.0,0.0,9.0,,,735,0.301,0.036,1.05,26.7,0.21,32.4,130.0,4.8,382,0.272,0.078,1.1,29.7,0.42,24.6,1101.0,9.9,120.0
E_stop30atr15,30,stop,atr,0.15,10.0,long,0.0,0.0,9.0,,1.0,735,0.21,0.027,1.05,20.1,0.19,29.0,111.0,3.6,382,0.181,0.047,1.09,17.9,0.31,17.8,521.0,6.0,120.0
E_stop30atr15,30,stop,atr,0.15,10.0,long,0.0,0.0,9.0,,2.0,735,0.273,0.055,1.08,40.7,0.34,29.0,241.0,7.3,382,0.246,0.091,1.14,34.6,0.51,18.4,1166.0,11.6,120.0
E_stop30atr15,30,stop,atr,0.15,10.0,long,0.0,0.0,9.0,with,,428,0.36,0.188,1.28,80.5,0.86,19.7,1686.0,14.4,198,0.338,0.325,1.48,64.3,1.22,14.1,2540.0,21.5,120.0
E_stop30atr15,30,stop,atr,0.15,10.0,long,0.0,0.0,9.0,with,1.0,428,0.262,0.151,1.29,64.5,0.78,24.4,1684.0,11.6,198,0.258,0.27,1.54,53.4,1.14,12.4,2134.0,17.8,120.0
E_stop30atr15,30,stop,atr,0.15,10.0,long,0.0,0.0,9.0,with,2.0,428,0.325,0.192,1.31,82.0,0.9,15.8,1643.0,14.7,198,0.308,0.305,1.49,60.4,1.19,15.1,2372.0,20.2,120.0
E_stop30atr15,30,stop,atr,0.15,10.0,long,0.0,0.0,9.0,against,,307,0.218,-0.175,0.79,-53.9,-0.66,58.2,-1556.0,-9.7,184,0.201,-0.188,0.77,-34.5,-0.73,44.7,-1439.0,-11.5,120.0
E_stop30atr15,30,stop,atr,0.15,10.0,long,0.0,0.0,9.0,against,1.0,307,0.137,-0.145,0.76,-44.4,-0.65,53.2,-1573.0,-8.0,184,0.098,-0.193,0.61,-35.5,-1.07,44.4,-1613.0,-11.9,120.0
E_stop30atr15,30,stop,atr,0.15,10.0,long,0.0,0.0,9.0,against,2.0,307,0.202,-0.135,0.82,-41.4,-0.53,52.3,-1402.0,-7.4,184,0.179,-0.141,0.8,-25.9,-0.58,42.0,-1206.0,-8.6,120.0
E_stop30atr15,30,stop,atr,0.15,10.0,long,0.0,0.1,0.3,,,226,0.323,-0.064,0.91,-14.4,-0.26,40.6,-494.0,-2.6,117,0.316,0.144,1.21,16.9,0.46,15.6,629.0,5.6,120.0
E_stop30atr15,30,stop,atr,0.15,10.0,long,0.0,0.1,0.3,,1.0,226,0.226,-0.095,0.83,-21.4,-0.44,38.7,-524.0,-3.8,117,0.214,-0.031,0.94,-3.6,-0.14,17.2,-92.0,-1.2,120.0
E_stop30atr15,30,stop,atr,0.15,10.0,long,0.0,0.1,0.3,,2.0,226,0.314,-0.03,0.95,-6.9,-0.13,36.6,-430.0,-1.2,117,0.282,0.106,1.18,12.4,0.38,17.3,399.0,4.1,120.0
E_stop30atr15,30,stop,atr,0.15,10.0,long,0.0,0.1,0.3,with,,150,0.367,0.117,1.18,17.5,0.37,15.5,559.0,3.1,64,0.312,0.127,1.18,8.1,0.31,12.3,434.0,2.7,120.0
E_stop30atr15,30,stop,atr,0.15,10.0,long,0.0,0.1,0.3,with,1.0,150,0.267,0.035,1.06,5.2,0.12,13.6,390.0,0.9,64,0.234,0.009,1.02,0.6,0.03,9.0,251.0,0.2,120.0
E_stop30atr15,30,stop,atr,0.15,10.0,long,0.0,0.1,0.3,with,2.0,150,0.353,0.128,1.21,19.2,0.41,14.1,545.0,3.4,64,0.281,0.088,1.14,5.7,0.23,9.3,370.0,1.9,120.0
E_stop30atr15,30,stop,atr,0.15,10.0,long,0.0,0.1,0.3,against,,76,0.237,-0.42,0.46,-31.9,-1.23,41.7,-1053.0,-5.7,53,0.321,0.166,1.24,8.8,0.35,8.0,195.0,2.9,120.0
E_stop30atr15,30,stop,atr,0.15,10.0,long,0.0,0.1,0.3,against,1.0,76,0.145,-0.351,0.4,-26.6,-1.19,35.7,-914.0,-4.8,53,0.189,-0.079,0.83,-4.2,-0.26,17.1,-343.0,-1.4,120.0
E_stop30atr15,30,stop,atr,0.15,10.0,long,0.0,0.1,0.3,against,2.0,76,0.237,-0.342,0.51,-26.0,-1.03,37.3,-974.0,-4.7,53,0.283,0.127,1.22,6.7,0.3,13.3,30.0,2.2,120.0
E_stop30atr15,30,stop,atr,0.15,10.0,long,0.0,0.1,0.5,,,575,0.315,0.039,1.05,22.6,0.21,26.9,421.0,4.0,315,0.289,0.126,1.17,39.7,0.61,20.8,1634.0,13.3,120.0
E_stop30atr15,30,stop,atr,0.15,10.0,long,0.0,0.1,0.5,,1.0,575,0.221,0.044,1.08,25.4,0.27,28.5,432.0,4.5,315,0.194,0.07,1.14,22.2,0.43,17.2,878.0,7.4,120.0
E_stop30atr15,30,stop,atr,0.15,10.0,long,0.0,0.1,0.5,,2.0,575,0.292,0.07,1.11,40.0,0.39,27.1,634.0,7.2,315,0.263,0.137,1.21,43.3,0.7,15.5,1650.0,14.5,120.0
E_stop30atr15,30,stop,atr,0.15,10.0,long,0.0,0.1,0.5,with,,359,0.362,0.181,1.27,64.9,0.77,21.0,1442.0,11.6,159,0.352,0.34,1.51,54.0,1.17,10.8,2321.0,18.0,120.0
E_stop30atr15,30,stop,atr,0.15,10.0,long,0.0,0.1,0.5,with,1.0,359,0.267,0.173,1.33,62.0,0.8,18.1,1579.0,11.1,159,0.277,0.303,1.63,48.1,1.18,9.1,2096.0,16.1,120.0
E_stop30atr15,30,stop,atr,0.15,10.0,long,0.0,0.1,0.5,with,2.0,359,0.334,0.197,1.32,70.6,0.85,16.0,1545.0,12.7,159,0.327,0.333,1.54,52.9,1.18,11.8,2263.0,17.7,120.0
E_stop30atr15,30,stop,atr,0.15,10.0,long,0.0,0.1,0.5,against,,216,0.236,-0.196,0.76,-42.3,-0.67,52.1,-1020.0,-7.6,156,0.224,-0.092,0.88,-14.3,-0.31,34.8,-687.0,-4.8,120.0
E_stop30atr15,30,stop,atr,0.15,10.0,long,0.0,0.1,0.5,against,1.0,216,0.144,-0.17,0.72,-36.6,-0.67,46.9,-1147.0,-6.6,156,0.109,-0.166,0.67,-26.0,-0.82,40.1,-1218.0,-8.7,120.0
E_stop30atr15,30,stop,atr,0.15,10.0,long,0.0,0.1,0.5,against,2.0,216,0.222,-0.142,0.81,-30.6,-0.5,40.2,-911.0,-5.5,156,0.199,-0.062,0.91,-9.7,-0.22,35.5,-614.0,-3.2,120.0
E_stop30atr15,30,stop,atr,0.15,10.0,long,0.0,0.1,9.0,,,729,0.295,0.034,1.04,24.5,0.2,32.8,99.0,4.4,379,0.272,0.077,1.1,29.3,0.41,24.4,1093.0,9.8,120.0
E_stop30atr15,30,stop,atr,0.15,10.0,long,0.0,0.1,9.0,,1.0,729,0.203,0.025,1.04,17.9,0.17,30.0,80.0,3.2,379,0.179,0.046,1.09,17.4,0.3,17.6,513.0,5.8,120.0
E_stop30atr15,30,stop,atr,0.15,10.0,long,0.0,0.1,9.0,,2.0,729,0.267,0.053,1.08,38.5,0.32,29.3,209.0,6.9,379,0.245,0.09,1.13,34.1,0.5,18.2,1158.0,11.4,120.0
E_stop30atr15,30,stop,atr,0.15,10.0,long,0.0,0.1,9.0,with,,423,0.352,0.187,1.28,79.3,0.85,19.7,1664.0,14.2,195,0.338,0.327,1.48,63.8,1.22,14.1,2532.0,21.3,120.0
E_stop30atr15,30,stop,atr,0.15,10.0,long,0.0,0.1,9.0,with,1.0,423,0.253,0.15,1.29,63.3,0.76,24.4,1663.0,11.3,195,0.256,0.271,1.54,52.9,1.13,12.4,2126.0,17.7,120.0
E_stop30atr15,30,stop,atr,0.15,10.0,long,0.0,0.1,9.0,with,2.0,423,0.317,0.191,1.31,80.8,0.89,15.8,1621.0,14.5,195,0.308,0.308,1.49,60.0,1.18,15.1,2364.0,20.0,120.0
E_stop30atr15,30,stop,atr,0.15,10.0,long,0.0,0.1,9.0,against,,306,0.216,-0.179,0.79,-54.8,-0.67,58.2,-1565.0,-9.8,184,0.201,-0.188,0.77,-34.5,-0.73,44.7,-1439.0,-11.5,120.0
E_stop30atr15,30,stop,atr,0.15,10.0,long,0.0,0.1,9.0,against,1.0,306,0.134,-0.148,0.75,-45.4,-0.67,53.2,-1583.0,-8.1,184,0.098,-0.193,0.61,-35.5,-1.07,44.4,-1613.0,-11.9,120.0
E_stop30atr15,30,stop,atr,0.15,10.0,long,0.0,0.1,9.0,against,2.0,306,0.199,-0.138,0.82,-42.3,-0.54,52.3,-1412.0,-7.6,184,0.179,-0.141,0.8,-25.9,-0.58,42.0,-1206.0,-8.6,120.0
E_stop30atr15,30,stop,atr,0.15,10.0,long,0.0,0.2,0.3,,,177,0.288,-0.185,0.75,-32.8,-0.72,54.1,-792.0,-5.9,94,0.362,0.355,1.54,33.4,0.95,8.6,1276.0,11.1,120.0
E_stop30atr15,30,stop,atr,0.15,10.0,long,0.0,0.2,0.3,,1.0,177,0.181,-0.239,0.61,-42.4,-1.07,55.4,-912.0,-7.6,94,0.234,0.062,1.13,5.8,0.23,12.3,224.0,2.0,120.0
E_stop30atr15,30,stop,atr,0.15,10.0,long,0.0,0.2,0.3,,2.0,177,0.277,-0.154,0.77,-27.3,-0.61,52.1,-768.0,-4.9,94,0.319,0.275,1.48,25.8,0.82,10.9,902.0,8.6,120.0
E_stop30atr15,30,stop,atr,0.15,10.0,long,0.0,0.2,0.3,with,,116,0.328,-0.059,0.92,-6.8,-0.18,29.9,27.0,-1.2,50,0.38,0.367,1.58,18.3,0.73,7.0,874.0,6.1,120.0
E_stop30atr15,30,stop,atr,0.15,10.0,long,0.0,0.2,0.3,with,1.0,116,0.216,-0.177,0.71,-20.5,-0.61,27.4,-170.0,-3.7,50,0.28,0.116,1.22,5.8,0.3,7.6,435.0,1.9,120.0
E_stop30atr15,30,stop,atr,0.15,10.0,long,0.0,0.2,0.3,with,2.0,116,0.31,-0.054,0.92,-6.2,-0.16,26.9,-14.0,-1.1,50,0.34,0.277,1.48,13.9,0.6,8.6,706.0,4.6,120.0
E_stop30atr15,30,stop,atr,0.15,10.0,long,0.0,0.2,0.3,against,,61,0.213,-0.426,0.47,-26.0,-1.07,36.7,-819.0,-4.7,44,0.341,0.341,1.51,15.0,0.6,7.2,401.0,5.0,120.0
E_stop30atr15,30,stop,atr,0.15,10.0,long,0.0,0.2,0.3,against,1.0,61,0.115,-0.358,0.42,-21.8,-1.02,31.8,-742.0,-3.9,44,0.182,0.001,1.0,0.0,0.0,12.4,-211.0,0.0,120.0
E_stop30atr15,30,stop,atr,0.15,10.0,long,0.0,0.2,0.3,against,2.0,61,0.213,-0.346,0.52,-21.1,-0.89,33.3,-755.0,-3.8,44,0.295,0.272,1.48,12.0,0.55,11.3,196.0,4.0,120.0
E_stop30atr15,30,stop,atr,0.15,10.0,long,0.0,0.2,0.5,,,526,0.302,0.008,1.01,4.1,0.04,35.5,123.0,0.7,292,0.301,0.192,1.27,56.1,0.88,14.3,2281.0,18.8,120.0
E_stop30atr15,30,stop,atr,0.15,10.0,long,0.0,0.2,0.5,,1.0,526,0.205,0.008,1.01,4.4,0.05,36.1,44.0,0.8,292,0.199,0.108,1.22,31.6,0.62,12.9,1194.0,10.6,120.0
E_stop30atr15,30,stop,atr,0.15,10.0,long,0.0,0.2,0.5,,2.0,526,0.278,0.037,1.05,19.5,0.2,30.7,295.0,3.5,292,0.274,0.194,1.3,56.7,0.92,13.3,2152.0,19.0,120.0
E_stop30atr15,30,stop,atr,0.15,10.0,long,0.0,0.2,0.5,with,,325,0.348,0.125,1.18,40.5,0.51,31.3,909.0,7.3,145,0.379,0.443,1.69,64.2,1.41,10.8,2762.0,21.5,120.0
E_stop30atr15,30,stop,atr,0.15,10.0,long,0.0,0.2,0.5,with,1.0,325,0.249,0.112,1.21,36.3,0.5,22.3,1020.0,6.5,145,0.297,0.368,1.77,53.3,1.32,9.1,2280.0,17.8,120.0
E_stop30atr15,30,stop,atr,0.15,10.0,long,0.0,0.2,0.5,with,2.0,325,0.317,0.139,1.22,45.2,0.58,27.3,987.0,8.1,145,0.352,0.422,1.7,61.1,1.38,11.8,2599.0,20.4,120.0
E_stop30atr15,30,stop,atr,0.15,10.0,long,0.0,0.2,0.5,against,,201,0.229,-0.181,0.78,-36.4,-0.58,46.1,-786.0,-6.5,147,0.224,-0.055,0.93,-8.1,-0.18,30.1,-481.0,-2.7,120.0
E_stop30atr15,30,stop,atr,0.15,10.0,long,0.0,0.2,0.5,against,1.0,201,0.134,-0.158,0.74,-31.8,-0.59,44.1,-976.0,-5.7,147,0.102,-0.148,0.7,-21.7,-0.69,36.0,-1086.0,-7.3,120.0
E_stop30atr15,30,stop,atr,0.15,10.0,long,0.0,0.2,0.5,against,2.0,201,0.214,-0.128,0.83,-25.7,-0.42,38.3,-692.0,-4.6,147,0.197,-0.03,0.96,-4.4,-0.1,32.4,-447.0,-1.5,120.0
E_stop30atr15,30,stop,atr,0.15,10.0,long,0.0,0.2,9.0,,,680,0.284,0.009,1.01,6.0,0.05,37.8,-200.0,1.1,356,0.281,0.128,1.17,45.7,0.65,18.4,1740.0,15.3,120.0
E_stop30atr15,30,stop,atr,0.15,10.0,long,0.0,0.2,9.0,,1.0,680,0.19,-0.004,0.99,-3.0,-0.03,37.7,-309.0,-0.5,356,0.183,0.075,1.15,26.9,0.47,16.9,829.0,9.0,120.0
E_stop30atr15,30,stop,atr,0.15,10.0,long,0.0,0.2,9.0,,2.0,680,0.254,0.027,1.04,18.0,0.15,33.0,-129.0,3.2,356,0.253,0.134,1.2,47.6,0.71,16.6,1661.0,15.9,120.0
E_stop30atr15,30,stop,atr,0.15,10.0,long,0.0,0.2,9.0,with,,389,0.339,0.141,1.2,54.9,0.61,26.3,1132.0,9.8,181,0.359,0.409,1.62,74.0,1.43,14.1,2972.0,24.7,120.0
E_stop30atr15,30,stop,atr,0.15,10.0,long,0.0,0.2,9.0,with,1.0,389,0.237,0.097,1.18,37.5,0.48,23.0,1103.0,6.7,181,0.271,0.321,1.65,58.1,1.26,12.4,2310.0,19.4,120.0
E_stop30atr15,30,stop,atr,0.15,10.0,long,0.0,0.2,9.0,with,2.0,389,0.301,0.142,1.22,55.4,0.64,25.1,1063.0,9.9,181,0.326,0.377,1.61,68.2,1.35,15.1,2700.0,22.8,120.0
E_stop30atr15,30,stop,atr,0.15,10.0,long,0.0,0.2,9.0,against,,291,0.21,-0.168,0.8,-48.9,-0.6,56.3,-1331.0,-8.8,175,0.2,-0.162,0.8,-28.3,-0.6,39.6,-1232.0,-9.5,120.0
E_stop30atr15,30,stop,atr,0.15,10.0,long,0.0,0.2,9.0,against,1.0,291,0.127,-0.139,0.77,-40.6,-0.6,50.5,-1412.0,-7.3,175,0.091,-0.179,0.64,-31.3,-0.95,40.2,-1481.0,-10.4,120.0
E_stop30atr15,30,stop,atr,0.15,10.0,long,0.0,0.2,9.0,against,2.0,291,0.192,-0.128,0.83,-37.4,-0.48,50.5,-1192.0,-6.7,175,0.177,-0.118,0.83,-20.6,-0.46,37.9,-1039.0,-6.9,120.0
E_stop30atr15,30,stop,atr,0.15,10.0,long,1.0,0.0,0.3,,,27,0.185,-0.549,0.35,-14.8,-1.01,15.2,-305.0,-2.7,26,0.462,1.078,2.95,28.0,1.16,4.1,1063.0,9.4,120.0
E_stop30atr15,30,stop,atr,0.15,10.0,long,1.0,0.0,0.3,,1.0,27,0.111,-0.571,0.23,-15.4,-1.21,15.4,-322.0,-2.8,26,0.231,0.271,1.74,7.1,0.49,4.2,223.0,2.4,120.0
E_stop30atr15,30,stop,atr,0.15,10.0,long,1.0,0.0,0.3,,2.0,27,0.148,-0.619,0.27,-16.7,-1.19,16.7,-355.0,-3.0,26,0.385,0.852,3.13,22.1,1.09,4.2,786.0,7.4,120.0
E_stop30atr15,30,stop,atr,0.15,10.0,long,1.0,0.0,0.3,with,,20,0.25,-0.376,0.52,-7.5,-0.57,8.9,-109.0,-1.3,13,0.462,0.872,2.58,11.3,0.74,3.1,487.0,3.8,120.0
E_stop30atr15,30,stop,atr,0.15,10.0,long,1.0,0.0,0.3,with,1.0,20,0.15,-0.506,0.31,-10.1,-0.88,10.1,-181.0,-1.8,13,0.308,0.692,3.79,9.0,0.71,1.1,373.0,3.0,120.0
E_stop30atr15,30,stop,atr,0.15,10.0,long,1.0,0.0,0.3,with,2.0,20,0.2,-0.47,0.4,-9.4,-0.75,9.4,-158.0,-1.7,13,0.385,0.843,3.6,11.0,0.8,2.1,476.0,3.7,120.0
E_stop30atr15,30,stop,atr,0.15,10.0,long,1.0,0.0,0.3,against,,7,0.0,-1.044,0.0,-7.3,-1.11,7.3,-197.0,-1.3,13,0.462,1.284,3.33,16.7,0.89,3.0,575.0,5.6,120.0
E_stop30atr15,30,stop,atr,0.15,10.0,long,1.0,0.0,0.3,against,1.0,7,0.0,-0.759,0.0,-5.3,-0.95,5.3,-141.0,-1.0,13,0.154,-0.149,0.69,-1.9,-0.28,4.6,-150.0,-0.6,120.0
E_stop30atr15,30,stop,atr,0.15,10.0,long,1.0,0.0,0.3,against,2.0,7,0.0,-1.044,0.0,-7.3,-1.11,7.3,-197.0,-1.3,13,0.385,0.861,2.81,11.2,0.75,4.1,310.0,3.7,120.0
E_stop30atr15,30,stop,atr,0.15,10.0,long,1.0,0.0,0.5,,,201,0.279,0.052,1.07,10.5,0.15,15.5,369.0,1.9,133,0.271,0.156,1.21,20.7,0.45,14.2,579.0,6.9,120.0
E_stop30atr15,30,stop,atr,0.15,10.0,long,1.0,0.0,0.5,,1.0,201,0.179,0.037,1.06,7.4,0.12,14.9,233.0,1.3,133,0.143,0.022,1.05,3.0,0.09,20.2,-250.0,1.0,120.0
E_stop30atr15,30,stop,atr,0.15,10.0,long,1.0,0.0,0.5,,2.0,201,0.244,0.062,1.09,12.4,0.18,13.1,377.0,2.2,133,0.233,0.168,1.26,22.4,0.51,18.0,567.0,7.5,120.0
E_stop30atr15,30,stop,atr,0.15,10.0,long,1.0,0.0,0.5,with,,122,0.352,0.237,1.34,28.9,0.53,14.4,702.0,5.2,61,0.344,0.303,1.45,18.5,0.64,11.2,574.0,6.2,120.0
E_stop30atr15,30,stop,atr,0.15,10.0,long,1.0,0.0,0.5,with,1.0,122,0.23,0.174,1.31,21.2,0.42,10.4,597.0,3.8,61,0.246,0.319,1.77,19.5,0.77,6.3,515.0,6.5,120.0
E_stop30atr15,30,stop,atr,0.15,10.0,long,1.0,0.0,0.5,with,2.0,122,0.303,0.229,1.35,28.0,0.52,13.4,678.0,5.0,61,0.311,0.343,1.6,20.9,0.75,9.2,671.0,7.0,120.0
E_stop30atr15,30,stop,atr,0.15,10.0,long,1.0,0.0,0.5,against,,79,0.165,-0.234,0.74,-18.5,-0.42,24.0,-333.0,-3.3,72,0.208,0.031,1.04,2.3,0.06,14.0,5.0,0.8,120.0
E_stop30atr15,30,stop,atr,0.15,10.0,long,1.0,0.0,0.5,against,1.0,79,0.101,-0.175,0.71,-13.9,-0.38,16.4,-364.0,-2.5,72,0.056,-0.229,0.5,-16.5,-0.77,20.8,-765.0,-5.5,120.0
E_stop30atr15,30,stop,atr,0.15,10.0,long,1.0,0.0,0.5,against,2.0,79,0.152,-0.198,0.76,-15.6,-0.37,21.0,-301.0,-2.8,72,0.167,0.021,1.03,1.5,0.04,19.5,-104.0,0.5,120.0
E_stop30atr15,30,stop,atr,0.15,10.0,long,1.0,0.0,9.0,,,328,0.25,0.033,1.04,10.7,0.12,33.1,234.0,1.9,185,0.249,0.083,1.11,15.3,0.29,21.5,187.0,5.1,120.0
E_stop30atr15,30,stop,atr,0.15,10.0,long,1.0,0.0,9.0,,1.0,328,0.162,0.0,1.0,0.1,0.0,24.0,12.0,0.0,185,0.135,0.019,1.04,3.6,0.09,22.8,-391.0,1.2,120.0
E_stop30atr15,30,stop,atr,0.15,10.0,long,1.0,0.0,9.0,,2.0,328,0.213,0.024,1.03,7.8,0.09,29.8,94.0,1.4,185,0.211,0.099,1.15,18.2,0.36,21.5,224.0,6.1,120.0
E_stop30atr15,30,stop,atr,0.15,10.0,long,1.0,0.0,9.0,with,,173,0.324,0.196,1.27,33.9,0.52,13.8,802.0,6.1,91,0.33,0.335,1.49,30.5,0.81,11.3,851.0,10.2,120.0
E_stop30atr15,30,stop,atr,0.15,10.0,long,1.0,0.0,9.0,with,1.0,173,0.208,0.109,1.19,18.8,0.33,16.3,650.0,3.4,91,0.22,0.291,1.65,26.5,0.8,9.4,612.0,8.9,120.0
E_stop30atr15,30,stop,atr,0.15,10.0,long,1.0,0.0,9.0,with,2.0,173,0.272,0.17,1.25,29.3,0.46,11.4,680.0,5.3,91,0.286,0.332,1.55,30.2,0.83,10.3,839.0,10.1,120.0
E_stop30atr15,30,stop,atr,0.15,10.0,long,1.0,0.0,9.0,against,,155,0.168,-0.149,0.84,-23.2,-0.35,28.3,-569.0,-4.2,94,0.17,-0.161,0.81,-15.2,-0.4,23.8,-664.0,-5.1,120.0
E_stop30atr15,30,stop,atr,0.15,10.0,long,1.0,0.0,9.0,against,1.0,155,0.11,-0.12,0.8,-18.7,-0.35,25.2,-638.0,-3.3,94,0.053,-0.244,0.48,-22.9,-0.98,23.0,-1003.0,-7.7,120.0
E_stop30atr15,30,stop,atr,0.15,10.0,long,1.0,0.0,9.0,against,2.0,155,0.148,-0.139,0.83,-21.5,-0.34,27.6,-586.0,-3.9,94,0.138,-0.127,0.82,-11.9,-0.34,24.6,-615.0,-4.0,120.0
E_stop30atr15,30,stop,atr,0.15,10.0,long,1.0,0.1,0.3,,,27,0.185,-0.549,0.35,-14.8,-1.01,15.2,-305.0,-2.7,26,0.462,1.078,2.95,28.0,1.16,4.1,1063.0,9.4,120.0
E_stop30atr15,30,stop,atr,0.15,10.0,long,1.0,0.1,0.3,,1.0,27,0.111,-0.571,0.23,-15.4,-1.21,15.4,-322.0,-2.8,26,0.231,0.271,1.74,7.1,0.49,4.2,223.0,2.4,120.0
E_stop30atr15,30,stop,atr,0.15,10.0,long,1.0,0.1,0.3,,2.0,27,0.148,-0.619,0.27,-16.7,-1.19,16.7,-355.0,-3.0,26,0.385,0.852,3.13,22.1,1.09,4.2,786.0,7.4,120.0
E_stop30atr15,30,stop,atr,0.15,10.0,long,1.0,0.1,0.3,with,,20,0.25,-0.376,0.52,-7.5,-0.57,8.9,-109.0,-1.3,13,0.462,0.872,2.58,11.3,0.74,3.1,487.0,3.8,120.0
E_stop30atr15,30,stop,atr,0.15,10.0,long,1.0,0.1,0.3,with,1.0,20,0.15,-0.506,0.31,-10.1,-0.88,10.1,-181.0,-1.8,13,0.308,0.692,3.79,9.0,0.71,1.1,373.0,3.0,120.0
E_stop30atr15,30,stop,atr,0.15,10.0,long,1.0,0.1,0.3,with,2.0,20,0.2,-0.47,0.4,-9.4,-0.75,9.4,-158.0,-1.7,13,0.385,0.843,3.6,11.0,0.8,2.1,476.0,3.7,120.0
E_stop30atr15,30,stop,atr,0.15,10.0,long,1.0,0.1,0.3,against,,7,0.0,-1.044,0.0,-7.3,-1.11,7.3,-197.0,-1.3,13,0.462,1.284,3.33,16.7,0.89,3.0,575.0,5.6,120.0
E_stop30atr15,30,stop,atr,0.15,10.0,long,1.0,0.1,0.3,against,1.0,7,0.0,-0.759,0.0,-5.3,-0.95,5.3,-141.0,-1.0,13,0.154,-0.149,0.69,-1.9,-0.28,4.6,-150.0,-0.6,120.0
E_stop30atr15,30,stop,atr,0.15,10.0,long,1.0,0.1,0.3,against,2.0,7,0.0,-1.044,0.0,-7.3,-1.11,7.3,-197.0,-1.3,13,0.385,0.861,2.81,11.2,0.75,4.1,310.0,3.7,120.0
E_stop30atr15,30,stop,atr,0.15,10.0,long,1.0,0.1,0.5,,,201,0.279,0.052,1.07,10.5,0.15,15.5,369.0,1.9,133,0.271,0.156,1.21,20.7,0.45,14.2,579.0,6.9,120.0
E_stop30atr15,30,stop,atr,0.15,10.0,long,1.0,0.1,0.5,,1.0,201,0.179,0.037,1.06,7.4,0.12,14.9,233.0,1.3,133,0.143,0.022,1.05,3.0,0.09,20.2,-250.0,1.0,120.0
E_stop30atr15,30,stop,atr,0.15,10.0,long,1.0,0.1,0.5,,2.0,201,0.244,0.062,1.09,12.4,0.18,13.1,377.0,2.2,133,0.233,0.168,1.26,22.4,0.51,18.0,567.0,7.5,120.0
E_stop30atr15,30,stop,atr,0.15,10.0,long,1.0,0.1,0.5,with,,122,0.352,0.237,1.34,28.9,0.53,14.4,702.0,5.2,61,0.344,0.303,1.45,18.5,0.64,11.2,574.0,6.2,120.0
E_stop30atr15,30,stop,atr,0.15,10.0,long,1.0,0.1,0.5,with,1.0,122,0.23,0.174,1.31,21.2,0.42,10.4,597.0,3.8,61,0.246,0.319,1.77,19.5,0.77,6.3,515.0,6.5,120.0
E_stop30atr15,30,stop,atr,0.15,10.0,long,1.0,0.1,0.5,with,2.0,122,0.303,0.229,1.35,28.0,0.52,13.4,678.0,5.0,61,0.311,0.343,1.6,20.9,0.75,9.2,671.0,7.0,120.0
E_stop30atr15,30,stop,atr,0.15,10.0,long,1.0,0.1,0.5,against,,79,0.165,-0.234,0.74,-18.5,-0.42,24.0,-333.0,-3.3,72,0.208,0.031,1.04,2.3,0.06,14.0,5.0,0.8,120.0
E_stop30atr15,30,stop,atr,0.15,10.0,long,1.0,0.1,0.5,against,1.0,79,0.101,-0.175,0.71,-13.9,-0.38,16.4,-364.0,-2.5,72,0.056,-0.229,0.5,-16.5,-0.77,20.8,-765.0,-5.5,120.0
E_stop30atr15,30,stop,atr,0.15,10.0,long,1.0,0.1,0.5,against,2.0,79,0.152,-0.198,0.76,-15.6,-0.37,21.0,-301.0,-2.8,72,0.167,0.021,1.03,1.5,0.04,19.5,-104.0,0.5,120.0
E_stop30atr15,30,stop,atr,0.15,10.0,long,1.0,0.1,9.0,,,328,0.25,0.033,1.04,10.7,0.12,33.1,234.0,1.9,185,0.249,0.083,1.11,15.3,0.29,21.5,187.0,5.1,120.0
E_stop30atr15,30,stop,atr,0.15,10.0,long,1.0,0.1,9.0,,1.0,328,0.162,0.0,1.0,0.1,0.0,24.0,12.0,0.0,185,0.135,0.019,1.04,3.6,0.09,22.8,-391.0,1.2,120.0
E_stop30atr15,30,stop,atr,0.15,10.0,long,1.0,0.1,9.0,,2.0,328,0.213,0.024,1.03,7.8,0.09,29.8,94.0,1.4,185,0.211,0.099,1.15,18.2,0.36,21.5,224.0,6.1,120.0
E_stop30atr15,30,stop,atr,0.15,10.0,long,1.0,0.1,9.0,with,,173,0.324,0.196,1.27,33.9,0.52,13.8,802.0,6.1,91,0.33,0.335,1.49,30.5,0.81,11.3,851.0,10.2,120.0
E_stop30atr15,30,stop,atr,0.15,10.0,long,1.0,0.1,9.0,with,1.0,173,0.208,0.109,1.19,18.8,0.33,16.3,650.0,3.4,91,0.22,0.291,1.65,26.5,0.8,9.4,612.0,8.9,120.0
E_stop30atr15,30,stop,atr,0.15,10.0,long,1.0,0.1,9.0,with,2.0,173,0.272,0.17,1.25,29.3,0.46,11.4,680.0,5.3,91,0.286,0.332,1.55,30.2,0.83,10.3,839.0,10.1,120.0
E_stop30atr15,30,stop,atr,0.15,10.0,long,1.0,0.1,9.0,against,,155,0.168,-0.149,0.84,-23.2,-0.35,28.3,-569.0,-4.2,94,0.17,-0.161,0.81,-15.2,-0.4,23.8,-664.0,-5.1,120.0
E_stop30atr15,30,stop,atr,0.15,10.0,long,1.0,0.1,9.0,against,1.0,155,0.11,-0.12,0.8,-18.7,-0.35,25.2,-638.0,-3.3,94,0.053,-0.244,0.48,-22.9,-0.98,23.0,-1003.0,-7.7,120.0
E_stop30atr15,30,stop,atr,0.15,10.0,long,1.0,0.1,9.0,against,2.0,155,0.148,-0.139,0.83,-21.5,-0.34,27.6,-586.0,-3.9,94,0.138,-0.127,0.82,-11.9,-0.34,24.6,-615.0,-4.0,120.0
E_stop30atr15,30,stop,atr,0.15,10.0,long,1.0,0.2,0.3,,,27,0.185,-0.549,0.35,-14.8,-1.01,15.2,-305.0,-2.7,24,0.5,1.254,3.45,30.1,1.25,3.1,1135.0,10.1,120.0
E_stop30atr15,30,stop,atr,0.15,10.0,long,1.0,0.2,0.3,,1.0,27,0.111,-0.571,0.23,-15.4,-1.21,15.4,-322.0,-2.8,24,0.25,0.338,1.96,8.1,0.57,4.2,254.0,2.7,120.0
E_stop30atr15,30,stop,atr,0.15,10.0,long,1.0,0.2,0.3,,2.0,27,0.148,-0.619,0.27,-16.7,-1.19,16.7,-355.0,-3.0,24,0.417,0.967,3.49,23.2,1.15,4.1,817.0,7.8,120.0
E_stop30atr15,30,stop,atr,0.15,10.0,long,1.0,0.2,0.3,with,,20,0.25,-0.376,0.52,-7.5,-0.57,8.9,-109.0,-1.3,12,0.5,1.03,3.01,12.4,0.82,2.1,530.0,4.1,120.0
E_stop30atr15,30,stop,atr,0.15,10.0,long,1.0,0.2,0.3,with,1.0,20,0.15,-0.506,0.31,-10.1,-0.88,10.1,-181.0,-1.8,12,0.333,0.752,3.82,9.0,0.72,1.1,374.0,3.0,120.0
E_stop30atr15,30,stop,atr,0.15,10.0,long,1.0,0.2,0.3,with,2.0,20,0.2,-0.47,0.4,-9.4,-0.75,9.4,-158.0,-1.7,12,0.417,0.915,3.62,11.0,0.8,2.1,477.0,3.7,120.0
E_stop30atr15,30,stop,atr,0.15,10.0,long,1.0,0.2,0.3,against,,7,0.0,-1.044,0.0,-7.3,-1.11,7.3,-197.0,-1.3,12,0.5,1.477,3.89,17.7,0.95,3.0,605.0,5.9,120.0
E_stop30atr15,30,stop,atr,0.15,10.0,long,1.0,0.2,0.3,against,1.0,7,0.0,-0.759,0.0,-5.3,-0.95,5.3,-141.0,-1.0,12,0.167,-0.076,0.83,-0.9,-0.13,4.1,-120.0,-0.3,120.0
E_stop30atr15,30,stop,atr,0.15,10.0,long,1.0,0.2,0.3,against,2.0,7,0.0,-1.044,0.0,-7.3,-1.11,7.3,-197.0,-1.3,12,0.417,1.019,3.38,12.2,0.82,4.1,340.0,4.1,120.0
E_stop30atr15,30,stop,atr,0.15,10.0,long,1.0,0.2,0.5,,,201,0.279,0.052,1.07,10.5,0.15,15.5,369.0,1.9,131,0.275,0.174,1.23,22.8,0.49,13.3,651.0,7.6,120.0
E_stop30atr15,30,stop,atr,0.15,10.0,long,1.0,0.2,0.5,,1.0,201,0.179,0.037,1.06,7.4,0.12,14.9,233.0,1.3,131,0.145,0.031,1.07,4.0,0.12,20.2,-219.0,1.3,120.0
E_stop30atr15,30,stop,atr,0.15,10.0,long,1.0,0.2,0.5,,2.0,201,0.244,0.062,1.09,12.4,0.18,13.1,377.0,2.2,131,0.237,0.179,1.28,23.5,0.54,18.0,598.0,7.8,120.0
E_stop30atr15,30,stop,atr,0.15,10.0,long,1.0,0.2,0.5,with,,122,0.352,0.237,1.34,28.9,0.53,14.4,702.0,5.2,60,0.35,0.325,1.49,19.5,0.68,11.2,616.0,6.5,120.0
E_stop30atr15,30,stop,atr,0.15,10.0,long,1.0,0.2,0.5,with,1.0,122,0.23,0.174,1.31,21.2,0.42,10.4,597.0,3.8,60,0.25,0.325,1.78,19.5,0.77,6.3,516.0,6.5,120.0
E_stop30atr15,30,stop,atr,0.15,10.0,long,1.0,0.2,0.5,with,2.0,122,0.303,0.229,1.35,28.0,0.52,13.4,678.0,5.0,60,0.317,0.349,1.6,20.9,0.75,9.2,672.0,7.0,120.0
E_stop30atr15,30,stop,atr,0.15,10.0,long,1.0,0.2,0.5,against,,79,0.165,-0.234,0.74,-18.5,-0.42,24.0,-333.0,-3.3,71,0.211,0.046,1.06,3.3,0.09,13.7,35.0,1.1,120.0
E_stop30atr15,30,stop,atr,0.15,10.0,long,1.0,0.2,0.5,against,1.0,79,0.101,-0.175,0.71,-13.9,-0.38,16.4,-364.0,-2.5,71,0.056,-0.218,0.52,-15.5,-0.73,19.7,-735.0,-5.2,120.0
E_stop30atr15,30,stop,atr,0.15,10.0,long,1.0,0.2,0.5,against,2.0,79,0.152,-0.198,0.76,-15.6,-0.37,21.0,-301.0,-2.8,71,0.169,0.035,1.05,2.5,0.07,19.5,-74.0,0.8,120.0
E_stop30atr15,30,stop,atr,0.15,10.0,long,1.0,0.2,9.0,,,328,0.25,0.033,1.04,10.7,0.12,33.1,234.0,1.9,183,0.251,0.095,1.12,17.4,0.33,20.5,259.0,5.8,120.0
E_stop30atr15,30,stop,atr,0.15,10.0,long,1.0,0.2,9.0,,1.0,328,0.162,0.0,1.0,0.1,0.0,24.0,12.0,0.0,183,0.137,0.025,1.06,4.6,0.11,22.8,-360.0,1.5,120.0
E_stop30atr15,30,stop,atr,0.15,10.0,long,1.0,0.2,9.0,,2.0,328,0.213,0.024,1.03,7.8,0.09,29.8,94.0,1.4,183,0.213,0.105,1.16,19.3,0.38,21.5,255.0,6.4,120.0
E_stop30atr15,30,stop,atr,0.15,10.0,long,1.0,0.2,9.0,with,,173,0.324,0.196,1.27,33.9,0.52,13.8,802.0,6.1,90,0.333,0.35,1.51,31.5,0.84,11.3,893.0,10.5,120.0
E_stop30atr15,30,stop,atr,0.15,10.0,long,1.0,0.2,9.0,with,1.0,173,0.208,0.109,1.19,18.8,0.33,16.3,650.0,3.4,90,0.222,0.295,1.65,26.5,0.8,9.4,613.0,8.9,120.0
E_stop30atr15,30,stop,atr,0.15,10.0,long,1.0,0.2,9.0,with,2.0,173,0.272,0.17,1.25,29.3,0.46,11.4,680.0,5.3,90,0.289,0.335,1.55,30.2,0.83,10.3,840.0,10.1,120.0
E_stop30atr15,30,stop,atr,0.15,10.0,long,1.0,0.2,9.0,against,,155,0.168,-0.149,0.84,-23.2,-0.35,28.3,-569.0,-4.2,93,0.172,-0.152,0.82,-14.1,-0.37,22.8,-634.0,-4.7,120.0
E_stop30atr15,30,stop,atr,0.15,10.0,long,1.0,0.2,9.0,against,1.0,155,0.11,-0.12,0.8,-18.7,-0.35,25.2,-638.0,-3.3,93,0.054,-0.236,0.49,-21.9,-0.94,21.9,-973.0,-7.3,120.0
E_stop30atr15,30,stop,atr,0.15,10.0,long,1.0,0.2,9.0,against,2.0,155,0.148,-0.139,0.83,-21.5,-0.34,27.6,-586.0,-3.9,93,0.14,-0.117,0.84,-10.9,-0.31,23.5,-585.0,-3.6,120.0
E_stop30atr15,30,stop,atr,0.15,10.0,long,1.25,0.0,0.3,,,2,0.0,-1.053,0.0,-2.1,-0.59,2.1,-42.0,-0.4,3,1.0,4.326,inf,13.0,0.95,0.0,513.0,4.3,120.0
E_stop30atr15,30,stop,atr,0.15,10.0,long,1.25,0.0,0.3,,1.0,2,0.0,-0.553,0.0,-1.1,-0.44,1.1,-26.0,-0.2,3,0.333,1.961,146.14,5.9,0.57,0.0,166.0,2.0,120.0
E_stop30atr15,30,stop,atr,0.15,10.0,long,1.25,0.0,0.3,,2.0,2,0.0,-1.053,0.0,-2.1,-0.59,2.1,-42.0,-0.4,3,1.0,4.326,inf,13.0,0.95,0.0,513.0,4.3,120.0
E_stop30atr15,30,stop,atr,0.15,10.0,long,1.25,0.0,0.3,with,,1,0.0,-1.041,0.0,-1.0,-0.42,1.0,-25.0,-0.2,2,1.0,4.434,inf,8.9,0.77,0.0,329.0,3.0,120.0
E_stop30atr15,30,stop,atr,0.15,10.0,long,1.25,0.0,0.3,with,1.0,1,0.0,-1.041,0.0,-1.0,-0.42,1.0,-25.0,-0.2,2,0.5,2.953,324.97,5.9,0.57,0.0,166.0,2.0,120.0
E_stop30atr15,30,stop,atr,0.15,10.0,long,1.25,0.0,0.3,with,2.0,1,0.0,-1.041,0.0,-1.0,-0.42,1.0,-25.0,-0.2,2,1.0,4.434,inf,8.9,0.77,0.0,329.0,3.0,120.0
E_stop30atr15,30,stop,atr,0.15,10.0,long,1.25,0.0,0.3,against,,1,0.0,-1.064,0.0,-1.1,-0.42,1.1,-17.0,-0.2,1,1.0,4.11,inf,4.1,0.57,0.0,184.0,1.4,120.0
E_stop30atr15,30,stop,atr,0.15,10.0,long,1.25,0.0,0.3,against,1.0,1,0.0,-0.064,0.0,-0.1,-0.42,0.1,-1.0,-0.0,1,0.0,-0.022,0.0,-0.0,-0.57,0.0,-1.0,-0.0,120.0
E_stop30atr15,30,stop,atr,0.15,10.0,long,1.25,0.0,0.3,against,2.0,1,0.0,-1.064,0.0,-1.1,-0.42,1.1,-17.0,-0.2,1,1.0,4.11,inf,4.1,0.57,0.0,184.0,1.4,120.0
E_stop30atr15,30,stop,atr,0.15,10.0,long,1.25,0.0,0.5,,,34,0.265,0.155,1.19,5.3,0.17,11.4,-45.0,0.9,21,0.381,1.236,2.93,26.0,0.87,4.2,1122.0,8.7,120.0
E_stop30atr15,30,stop,atr,0.15,10.0,long,1.25,0.0,0.5,,1.0,34,0.147,-0.109,0.81,-3.7,-0.16,13.7,-144.0,-0.7,21,0.19,0.631,2.75,13.3,0.61,4.2,435.0,4.4,120.0
E_stop30atr15,30,stop,atr,0.15,10.0,long,1.25,0.0,0.5,,2.0,34,0.206,0.056,1.08,1.9,0.07,11.3,-134.0,0.3,21,0.381,1.379,3.77,29.0,0.98,3.1,1216.0,9.7,120.0
E_stop30atr15,30,stop,atr,0.15,10.0,long,1.25,0.0,0.5,with,,18,0.333,0.354,1.47,6.4,0.27,6.8,21.0,1.1,6,0.5,1.359,3.64,8.2,0.64,2.1,306.0,2.7,120.0
E_stop30atr15,30,stop,atr,0.15,10.0,long,1.25,0.0,0.5,with,1.0,18,0.222,0.198,1.37,3.6,0.18,6.5,13.0,0.6,6,0.333,1.032,3.94,6.2,0.54,1.1,179.0,2.1,120.0
E_stop30atr15,30,stop,atr,0.15,10.0,long,1.25,0.0,0.5,with,2.0,18,0.278,0.397,1.68,7.2,0.31,7.1,25.0,1.3,6,0.5,1.525,5.38,9.2,0.73,1.1,342.0,3.1,120.0
E_stop30atr15,30,stop,atr,0.15,10.0,long,1.25,0.0,0.5,against,,16,0.188,-0.068,0.92,-1.1,-0.05,8.4,-66.0,-0.2,15,0.333,1.187,2.72,17.8,0.66,4.2,816.0,5.9,120.0
E_stop30atr15,30,stop,atr,0.15,10.0,long,1.25,0.0,0.5,against,1.0,16,0.062,-0.455,0.27,-7.3,-0.73,7.3,-157.0,-1.3,15,0.133,0.471,2.3,7.1,0.38,4.3,255.0,2.4,120.0
E_stop30atr15,30,stop,atr,0.15,10.0,long,1.25,0.0,0.5,against,2.0,16,0.125,-0.328,0.62,-5.2,-0.29,8.4,-159.0,-0.9,15,0.333,1.32,3.36,19.8,0.74,2.2,875.0,6.6,120.0
E_stop30atr15,30,stop,atr,0.15,10.0,long,1.25,0.0,9.0,,,106,0.208,0.01,1.01,1.1,0.02,17.9,-264.0,0.2,46,0.283,0.513,1.69,23.6,0.68,8.2,887.0,7.9,120.0
E_stop30atr15,30,stop,atr,0.15,10.0,long,1.25,0.0,9.0,,1.0,106,0.113,-0.159,0.75,-16.9,-0.39,24.9,-488.0,-3.0,46,0.13,0.226,1.49,10.4,0.39,8.4,257.0,3.5,120.0
E_stop30atr15,30,stop,atr,0.15,10.0,long,1.25,0.0,9.0,,2.0,106,0.16,-0.008,0.99,-0.8,-0.01,19.4,-377.0,-0.1,46,0.261,0.595,1.94,27.4,0.8,7.2,1036.0,9.1,120.0
E_stop30atr15,30,stop,atr,0.15,10.0,long,1.25,0.0,9.0,with,,43,0.233,-0.032,0.96,-1.4,-0.04,15.0,-158.0,-0.2,21,0.381,0.765,2.2,16.1,0.76,4.1,519.0,5.4,120.0
E_stop30atr15,30,stop,atr,0.15,10.0,long,1.25,0.0,9.0,with,1.0,43,0.116,-0.197,0.69,-8.5,-0.32,16.2,-199.0,-1.5,21,0.19,0.459,2.01,9.6,0.52,2.2,249.0,3.2,120.0
E_stop30atr15,30,stop,atr,0.15,10.0,long,1.25,0.0,9.0,with,2.0,43,0.163,-0.031,0.95,-1.3,-0.04,14.3,-176.0,-0.2,21,0.333,0.754,2.27,15.8,0.76,3.1,514.0,5.3,120.0
E_stop30atr15,30,stop,atr,0.15,10.0,long,1.25,0.0,9.0,against,,63,0.19,0.039,1.04,2.4,0.05,12.9,-106.0,0.4,25,0.2,0.301,1.36,7.5,0.27,7.2,368.0,2.5,120.0
E_stop30atr15,30,stop,atr,0.15,10.0,long,1.25,0.0,9.0,against,1.0,63,0.111,-0.133,0.79,-8.4,-0.25,12.5,-289.0,-1.5,25,0.08,0.031,1.07,0.8,0.04,7.4,8.0,0.3,120.0
E_stop30atr15,30,stop,atr,0.15,10.0,long,1.25,0.0,9.0,against,2.0,63,0.159,0.009,1.01,0.5,0.01,11.6,-201.0,0.1,25,0.2,0.461,1.69,11.5,0.42,6.2,522.0,3.9,120.0
E_stop30atr15,30,stop,atr,0.15,10.0,long,1.25,0.1,0.3,,,2,0.0,-1.053,0.0,-2.1,-0.59,2.1,-42.0,-0.4,3,1.0,4.326,inf,13.0,0.95,0.0,513.0,4.3,120.0
E_stop30atr15,30,stop,atr,0.15,10.0,long,1.25,0.1,0.3,,1.0,2,0.0,-0.553,0.0,-1.1,-0.44,1.1,-26.0,-0.2,3,0.333,1.961,146.14,5.9,0.57,0.0,166.0,2.0,120.0
E_stop30atr15,30,stop,atr,0.15,10.0,long,1.25,0.1,0.3,,2.0,2,0.0,-1.053,0.0,-2.1,-0.59,2.1,-42.0,-0.4,3,1.0,4.326,inf,13.0,0.95,0.0,513.0,4.3,120.0
E_stop30atr15,30,stop,atr,0.15,10.0,long,1.25,0.1,0.3,with,,1,0.0,-1.041,0.0,-1.0,-0.42,1.0,-25.0,-0.2,2,1.0,4.434,inf,8.9,0.77,0.0,329.0,3.0,120.0
E_stop30atr15,30,stop,atr,0.15,10.0,long,1.25,0.1,0.3,with,1.0,1,0.0,-1.041,0.0,-1.0,-0.42,1.0,-25.0,-0.2,2,0.5,2.953,324.97,5.9,0.57,0.0,166.0,2.0,120.0
E_stop30atr15,30,stop,atr,0.15,10.0,long,1.25,0.1,0.3,with,2.0,1,0.0,-1.041,0.0,-1.0,-0.42,1.0,-25.0,-0.2,2,1.0,4.434,inf,8.9,0.77,0.0,329.0,3.0,120.0
E_stop30atr15,30,stop,atr,0.15,10.0,long,1.25,0.1,0.3,against,,1,0.0,-1.064,0.0,-1.1,-0.42,1.1,-17.0,-0.2,1,1.0,4.11,inf,4.1,0.57,0.0,184.0,1.4,120.0
E_stop30atr15,30,stop,atr,0.15,10.0,long,1.25,0.1,0.3,against,1.0,1,0.0,-0.064,0.0,-0.1,-0.42,0.1,-1.0,-0.0,1,0.0,-0.022,0.0,-0.0,-0.57,0.0,-1.0,-0.0,120.0
E_stop30atr15,30,stop,atr,0.15,10.0,long,1.25,0.1,0.3,against,2.0,1,0.0,-1.064,0.0,-1.1,-0.42,1.1,-17.0,-0.2,1,1.0,4.11,inf,4.1,0.57,0.0,184.0,1.4,120.0
E_stop30atr15,30,stop,atr,0.15,10.0,long,1.25,0.1,0.5,,,34,0.265,0.155,1.19,5.3,0.17,11.4,-45.0,0.9,21,0.381,1.236,2.93,26.0,0.87,4.2,1122.0,8.7,120.0
E_stop30atr15,30,stop,atr,0.15,10.0,long,1.25,0.1,0.5,,1.0,34,0.147,-0.109,0.81,-3.7,-0.16,13.7,-144.0,-0.7,21,0.19,0.631,2.75,13.3,0.61,4.2,435.0,4.4,120.0
E_stop30atr15,30,stop,atr,0.15,10.0,long,1.25,0.1,0.5,,2.0,34,0.206,0.056,1.08,1.9,0.07,11.3,-134.0,0.3,21,0.381,1.379,3.77,29.0,0.98,3.1,1216.0,9.7,120.0
E_stop30atr15,30,stop,atr,0.15,10.0,long,1.25,0.1,0.5,with,,18,0.333,0.354,1.47,6.4,0.27,6.8,21.0,1.1,6,0.5,1.359,3.64,8.2,0.64,2.1,306.0,2.7,120.0
E_stop30atr15,30,stop,atr,0.15,10.0,long,1.25,0.1,0.5,with,1.0,18,0.222,0.198,1.37,3.6,0.18,6.5,13.0,0.6,6,0.333,1.032,3.94,6.2,0.54,1.1,179.0,2.1,120.0
E_stop30atr15,30,stop,atr,0.15,10.0,long,1.25,0.1,0.5,with,2.0,18,0.278,0.397,1.68,7.2,0.31,7.1,25.0,1.3,6,0.5,1.525,5.38,9.2,0.73,1.1,342.0,3.1,120.0
E_stop30atr15,30,stop,atr,0.15,10.0,long,1.25,0.1,0.5,against,,16,0.188,-0.068,0.92,-1.1,-0.05,8.4,-66.0,-0.2,15,0.333,1.187,2.72,17.8,0.66,4.2,816.0,5.9,120.0
E_stop30atr15,30,stop,atr,0.15,10.0,long,1.25,0.1,0.5,against,1.0,16,0.062,-0.455,0.27,-7.3,-0.73,7.3,-157.0,-1.3,15,0.133,0.471,2.3,7.1,0.38,4.3,255.0,2.4,120.0
E_stop30atr15,30,stop,atr,0.15,10.0,long,1.25,0.1,0.5,against,2.0,16,0.125,-0.328,0.62,-5.2,-0.29,8.4,-159.0,-0.9,15,0.333,1.32,3.36,19.8,0.74,2.2,875.0,6.6,120.0
E_stop30atr15,30,stop,atr,0.15,10.0,long,1.25,0.1,9.0,,,106,0.208,0.01,1.01,1.1,0.02,17.9,-264.0,0.2,46,0.283,0.513,1.69,23.6,0.68,8.2,887.0,7.9,120.0
E_stop30atr15,30,stop,atr,0.15,10.0,long,1.25,0.1,9.0,,1.0,106,0.113,-0.159,0.75,-16.9,-0.39,24.9,-488.0,-3.0,46,0.13,0.226,1.49,10.4,0.39,8.4,257.0,3.5,120.0
E_stop30atr15,30,stop,atr,0.15,10.0,long,1.25,0.1,9.0,,2.0,106,0.16,-0.008,0.99,-0.8,-0.01,19.4,-377.0,-0.1,46,0.261,0.595,1.94,27.4,0.8,7.2,1036.0,9.1,120.0
E_stop30atr15,30,stop,atr,0.15,10.0,long,1.25,0.1,9.0,with,,43,0.233,-0.032,0.96,-1.4,-0.04,15.0,-158.0,-0.2,21,0.381,0.765,2.2,16.1,0.76,4.1,519.0,5.4,120.0
E_stop30atr15,30,stop,atr,0.15,10.0,long,1.25,0.1,9.0,with,1.0,43,0.116,-0.197,0.69,-8.5,-0.32,16.2,-199.0,-1.5,21,0.19,0.459,2.01,9.6,0.52,2.2,249.0,3.2,120.0
E_stop30atr15,30,stop,atr,0.15,10.0,long,1.25,0.1,9.0,with,2.0,43,0.163,-0.031,0.95,-1.3,-0.04,14.3,-176.0,-0.2,21,0.333,0.754,2.27,15.8,0.76,3.1,514.0,5.3,120.0
E_stop30atr15,30,stop,atr,0.15,10.0,long,1.25,0.1,9.0,against,,63,0.19,0.039,1.04,2.4,0.05,12.9,-106.0,0.4,25,0.2,0.301,1.36,7.5,0.27,7.2,368.0,2.5,120.0
E_stop30atr15,30,stop,atr,0.15,10.0,long,1.25,0.1,9.0,against,1.0,63,0.111,-0.133,0.79,-8.4,-0.25,12.5,-289.0,-1.5,25,0.08,0.031,1.07,0.8,0.04,7.4,8.0,0.3,120.0
E_stop30atr15,30,stop,atr,0.15,10.0,long,1.25,0.1,9.0,against,2.0,63,0.159,0.009,1.01,0.5,0.01,11.6,-201.0,0.1,25,0.2,0.461,1.69,11.5,0.42,6.2,522.0,3.9,120.0
E_stop30atr15,30,stop,atr,0.15,10.0,long,1.25,0.2,0.3,,,2,0.0,-1.053,0.0,-2.1,-0.59,2.1,-42.0,-0.4,3,1.0,4.326,inf,13.0,0.95,0.0,513.0,4.3,120.0
E_stop30atr15,30,stop,atr,0.15,10.0,long,1.25,0.2,0.3,,1.0,2,0.0,-0.553,0.0,-1.1,-0.44,1.1,-26.0,-0.2,3,0.333,1.961,146.14,5.9,0.57,0.0,166.0,2.0,120.0
E_stop30atr15,30,stop,atr,0.15,10.0,long,1.25,0.2,0.3,,2.0,2,0.0,-1.053,0.0,-2.1,-0.59,2.1,-42.0,-0.4,3,1.0,4.326,inf,13.0,0.95,0.0,513.0,4.3,120.0
E_stop30atr15,30,stop,atr,0.15,10.0,long,1.25,0.2,0.3,with,,1,0.0,-1.041,0.0,-1.0,-0.42,1.0,-25.0,-0.2,2,1.0,4.434,inf,8.9,0.77,0.0,329.0,3.0,120.0
E_stop30atr15,30,stop,atr,0.15,10.0,long,1.25,0.2,0.3,with,1.0,1,0.0,-1.041,0.0,-1.0,-0.42,1.0,-25.0,-0.2,2,0.5,2.953,324.97,5.9,0.57,0.0,166.0,2.0,120.0
E_stop30atr15,30,stop,atr,0.15,10.0,long,1.25,0.2,0.3,with,2.0,1,0.0,-1.041,0.0,-1.0,-0.42,1.0,-25.0,-0.2,2,1.0,4.434,inf,8.9,0.77,0.0,329.0,3.0,120.0
E_stop30atr15,30,stop,atr,0.15,10.0,long,1.25,0.2,0.3,against,,1,0.0,-1.064,0.0,-1.1,-0.42,1.1,-17.0,-0.2,1,1.0,4.11,inf,4.1,0.57,0.0,184.0,1.4,120.0
E_stop30atr15,30,stop,atr,0.15,10.0,long,1.25,0.2,0.3,against,1.0,1,0.0,-0.064,0.0,-0.1,-0.42,0.1,-1.0,-0.0,1,0.0,-0.022,0.0,-0.0,-0.57,0.0,-1.0,-0.0,120.0
E_stop30atr15,30,stop,atr,0.15,10.0,long,1.25,0.2,0.3,against,2.0,1,0.0,-1.064,0.0,-1.1,-0.42,1.1,-17.0,-0.2,1,1.0,4.11,inf,4.1,0.57,0.0,184.0,1.4,120.0
E_stop30atr15,30,stop,atr,0.15,10.0,long,1.25,0.2,0.5,,,34,0.265,0.155,1.19,5.3,0.17,11.4,-45.0,0.9,21,0.381,1.236,2.93,26.0,0.87,4.2,1122.0,8.7,120.0
E_stop30atr15,30,stop,atr,0.15,10.0,long,1.25,0.2,0.5,,1.0,34,0.147,-0.109,0.81,-3.7,-0.16,13.7,-144.0,-0.7,21,0.19,0.631,2.75,13.3,0.61,4.2,435.0,4.4,120.0
E_stop30atr15,30,stop,atr,0.15,10.0,long,1.25,0.2,0.5,,2.0,34,0.206,0.056,1.08,1.9,0.07,11.3,-134.0,0.3,21,0.381,1.379,3.77,29.0,0.98,3.1,1216.0,9.7,120.0
E_stop30atr15,30,stop,atr,0.15,10.0,long,1.25,0.2,0.5,with,,18,0.333,0.354,1.47,6.4,0.27,6.8,21.0,1.1,6,0.5,1.359,3.64,8.2,0.64,2.1,306.0,2.7,120.0
E_stop30atr15,30,stop,atr,0.15,10.0,long,1.25,0.2,0.5,with,1.0,18,0.222,0.198,1.37,3.6,0.18,6.5,13.0,0.6,6,0.333,1.032,3.94,6.2,0.54,1.1,179.0,2.1,120.0
E_stop30atr15,30,stop,atr,0.15,10.0,long,1.25,0.2,0.5,with,2.0,18,0.278,0.397,1.68,7.2,0.31,7.1,25.0,1.3,6,0.5,1.525,5.38,9.2,0.73,1.1,342.0,3.1,120.0
E_stop30atr15,30,stop,atr,0.15,10.0,long,1.25,0.2,0.5,against,,16,0.188,-0.068,0.92,-1.1,-0.05,8.4,-66.0,-0.2,15,0.333,1.187,2.72,17.8,0.66,4.2,816.0,5.9,120.0
E_stop30atr15,30,stop,atr,0.15,10.0,long,1.25,0.2,0.5,against,1.0,16,0.062,-0.455,0.27,-7.3,-0.73,7.3,-157.0,-1.3,15,0.133,0.471,2.3,7.1,0.38,4.3,255.0,2.4,120.0
E_stop30atr15,30,stop,atr,0.15,10.0,long,1.25,0.2,0.5,against,2.0,16,0.125,-0.328,0.62,-5.2,-0.29,8.4,-159.0,-0.9,15,0.333,1.32,3.36,19.8,0.74,2.2,875.0,6.6,120.0
E_stop30atr15,30,stop,atr,0.15,10.0,long,1.25,0.2,9.0,,,106,0.208,0.01,1.01,1.1,0.02,17.9,-264.0,0.2,46,0.283,0.513,1.69,23.6,0.68,8.2,887.0,7.9,120.0
E_stop30atr15,30,stop,atr,0.15,10.0,long,1.25,0.2,9.0,,1.0,106,0.113,-0.159,0.75,-16.9,-0.39,24.9,-488.0,-3.0,46,0.13,0.226,1.49,10.4,0.39,8.4,257.0,3.5,120.0
E_stop30atr15,30,stop,atr,0.15,10.0,long,1.25,0.2,9.0,,2.0,106,0.16,-0.008,0.99,-0.8,-0.01,19.4,-377.0,-0.1,46,0.261,0.595,1.94,27.4,0.8,7.2,1036.0,9.1,120.0
E_stop30atr15,30,stop,atr,0.15,10.0,long,1.25,0.2,9.0,with,,43,0.233,-0.032,0.96,-1.4,-0.04,15.0,-158.0,-0.2,21,0.381,0.765,2.2,16.1,0.76,4.1,519.0,5.4,120.0
E_stop30atr15,30,stop,atr,0.15,10.0,long,1.25,0.2,9.0,with,1.0,43,0.116,-0.197,0.69,-8.5,-0.32,16.2,-199.0,-1.5,21,0.19,0.459,2.01,9.6,0.52,2.2,249.0,3.2,120.0
E_stop30atr15,30,stop,atr,0.15,10.0,long,1.25,0.2,9.0,with,2.0,43,0.163,-0.031,0.95,-1.3,-0.04,14.3,-176.0,-0.2,21,0.333,0.754,2.27,15.8,0.76,3.1,514.0,5.3,120.0
E_stop30atr15,30,stop,atr,0.15,10.0,long,1.25,0.2,9.0,against,,63,0.19,0.039,1.04,2.4,0.05,12.9,-106.0,0.4,25,0.2,0.301,1.36,7.5,0.27,7.2,368.0,2.5,120.0
E_stop30atr15,30,stop,atr,0.15,10.0,long,1.25,0.2,9.0,against,1.0,63,0.111,-0.133,0.79,-8.4,-0.25,12.5,-289.0,-1.5,25,0.08,0.031,1.07,0.8,0.04,7.4,8.0,0.3,120.0
E_stop30atr15,30,stop,atr,0.15,10.0,long,1.25,0.2,9.0,against,2.0,63,0.159,0.009,1.01,0.5,0.01,11.6,-201.0,0.1,25,0.2,0.461,1.69,11.5,0.42,6.2,522.0,3.9,120.0
